resnum,mutations,LLR_esm2-650m,LLR_esmc-600m,LLR_poet2,min_dist_to_lig,kd_hydro,hw_polarity,aa_vol
1,M1A,-10.5486,-9.7616,-9.4838,68.68,1.9,-1.3,124.0
1,M1C,-13.1734,-11.2054,-10.6736,68.68,1.9,-1.3,124.0
1,M1D,-14.8166,-10.6363,-12.1263,68.68,1.9,-1.3,124.0
1,M1E,-14.0377,-10.7775,-11.0753,68.68,1.9,-1.3,124.0
1,M1F,-10.1322,-9.0213,-9.5911,68.68,1.9,-1.3,124.0
1,M1G,-13.2832,-11.0908,-11.8821,68.68,1.9,-1.3,124.0
1,M1H,-12.535,-11.4161,-11.8825,68.68,1.9,-1.3,124.0
1,M1I,-10.9152,-10.5697,-6.6758,68.68,1.9,-1.3,124.0
1,M1K,-12.6283,-10.8492,-9.199,68.68,1.9,-1.3,124.0
1,M1L,-10.1679,-9.2535,-6.0836,68.68,1.9,-1.3,124.0
1,M1N,-12.7494,-10.8904,-11.0792,68.68,1.9,-1.3,124.0
1,M1P,-13.924,-10.3204,-12.3958,68.68,1.9,-1.3,124.0
1,M1Q,-13.3922,-10.5798,-9.9286,68.68,1.9,-1.3,124.0
1,M1R,-12.404,-11.3385,-10.8293,68.68,1.9,-1.3,124.0
1,M1S,-11.5579,-9.2074,-10.1657,68.68,1.9,-1.3,124.0
1,M1T,-11.2369,-9.8221,-9.6146,68.68,1.9,-1.3,124.0
1,M1V,-9.9867,-9.5355,-7.6961,68.68,1.9,-1.3,124.0
1,M1W,-13.4658,-11.3363,-12.1776,68.68,1.9,-1.3,124.0
1,M1Y,-11.8382,-10.8287,-11.741,68.68,1.9,-1.3,124.0
2,K2A,-4.6776,-6.1374,-5.1161,68.796,-3.9,3.0,135.0
2,K2C,-7.1321,-8.3568,-6.84,68.796,-3.9,3.0,135.0
2,K2D,-6.1469,-8.2577,-6.8329,68.796,-3.9,3.0,135.0
2,K2E,-5.4899,-6.7925,-5.8609,68.796,-3.9,3.0,135.0
2,K2F,-5.2039,-5.0894,-4.8216,68.796,-3.9,3.0,135.0
2,K2G,-5.5134,-7.0731,-5.8039,68.796,-3.9,3.0,135.0
2,K2H,-1.5688,-2.0313,-3.2125,68.796,-3.9,3.0,135.0
2,K2I,-5.0367,-4.7373,-4.6614,68.796,-3.9,3.0,135.0
2,K2L,-3.8205,-3.3312,-3.8007,68.796,-3.9,3.0,135.0
2,K2M,-4.9537,-5.5832,-5.3681,68.796,-3.9,3.0,135.0
2,K2N,-3.8102,-4.2426,-3.3895,68.796,-3.9,3.0,135.0
2,K2P,-5.4451,-7.5635,-5.9681,68.796,-3.9,3.0,135.0
2,K2Q,-1.3065,-1.991,-2.4959,68.796,-3.9,3.0,135.0
2,K2R,-0.7534,-0.3627,-1.443,68.796,-3.9,3.0,135.0
2,K2S,-4.0468,-5.6681,-5.1865,68.796,-3.9,3.0,135.0
2,K2T,-4.8597,-6.5451,-5.164,68.796,-3.9,3.0,135.0
2,K2V,-4.7214,-5.7938,-5.2203,68.796,-3.9,3.0,135.0
2,K2W,-6.397,-6.5098,-5.9939,68.796,-3.9,3.0,135.0
2,K2Y,-3.9122,-4.2922,-4.1854,68.796,-3.9,3.0,135.0
3,L3A,-0.6371,-0.8058,-0.4074,64.325,3.8,-1.8,124.0
3,L3C,-2.7838,-2.9825,-2.4011,64.325,3.8,-1.8,124.0
3,L3D,-5.6076,-7.0434,-5.8444,64.325,3.8,-1.8,124.0
3,L3E,-5.4929,-6.5357,-5.3889,64.325,3.8,-1.8,124.0
3,L3F,0.103,-0.1282,-0.2029,64.325,3.8,-1.8,124.0
3,L3G,-2.2955,-3.2263,-2.7103,64.325,3.8,-1.8,124.0
3,L3H,-2.3528,-3.1719,-1.9531,64.325,3.8,-1.8,124.0
3,L3I,-1.5397,-1.1056,-1.4119,64.325,3.8,-1.8,124.0
3,L3K,-2.8995,-3.9584,-2.9449,64.325,3.8,-1.8,124.0
3,L3M,-4.4528,-4.6043,-3.983,64.325,3.8,-1.8,124.0
3,L3N,-1.5375,-2.8636,-1.977,64.325,3.8,-1.8,124.0
3,L3P,-0.9915,-1.5589,-1.3246,64.325,3.8,-1.8,124.0
3,L3Q,-2.7025,-3.2557,-2.639,64.325,3.8,-1.8,124.0
3,L3R,-2.7312,-3.433,-2.3751,64.325,3.8,-1.8,124.0
3,L3S,0.3169,-0.2817,0.6071,64.325,3.8,-1.8,124.0
3,L3T,0.0144,-0.3612,-0.0693,64.325,3.8,-1.8,124.0
3,L3V,-0.9892,-1.4262,-1.6588,64.325,3.8,-1.8,124.0
3,L3W,-3.6774,-2.7134,-3.8519,64.325,3.8,-1.8,124.0
3,L3Y,-1.5302,-1.4356,-1.2336,64.325,3.8,-1.8,124.0
4,T4A,-0.6385,-0.4883,-0.6239,62.945,-0.7,-0.4,93.0
4,T4C,-3.0085,-3.0343,-2.8657,62.945,-0.7,-0.4,93.0
4,T4D,-2.7761,-4.412,-3.2867,62.945,-0.7,-0.4,93.0
4,T4E,-2.6833,-3.7963,-2.918,62.945,-0.7,-0.4,93.0
4,T4F,-1.1863,-1.0962,-1.3321,62.945,-0.7,-0.4,93.0
4,T4G,-1.6628,-1.8477,-1.9121,62.945,-0.7,-0.4,93.0
4,T4H,-1.5478,-2.15,-1.6485,62.945,-0.7,-0.4,93.0
4,T4I,-1.7115,-1.2218,-1.597,62.945,-0.7,-0.4,93.0
4,T4K,-2.4688,-3.3893,-2.3718,62.945,-0.7,-0.4,93.0
4,T4L,-0.7913,-0.3182,-0.5604,62.945,-0.7,-0.4,93.0
4,T4M,-4.4381,-3.9492,-4.0712,62.945,-0.7,-0.4,93.0
4,T4N,-0.9429,-1.8916,-0.9797,62.945,-0.7,-0.4,93.0
4,T4P,-0.8362,-1.3707,-1.0305,62.945,-0.7,-0.4,93.0
4,T4Q,-0.9537,-1.4507,-0.8956,62.945,-0.7,-0.4,93.0
4,T4R,-2.567,-3.1506,-2.7047,62.945,-0.7,-0.4,93.0
4,T4S,1.0773,0.455,0.4684,62.945,-0.7,-0.4,93.0
4,T4V,-1.6081,-1.3189,-1.9196,62.945,-0.7,-0.4,93.0
4,T4W,-4.3261,-3.9345,-4.2912,62.945,-0.7,-0.4,93.0
4,T4Y,-2.2961,-2.4605,-2.289,62.945,-0.7,-0.4,93.0
5,L5A,-0.9949,-1.0327,-1.1425,59.505,3.8,-1.8,124.0
5,L5C,-3.3185,-3.4829,-3.5057,59.505,3.8,-1.8,124.0
5,L5D,-6.325,-6.7648,-6.1244,59.505,3.8,-1.8,124.0
5,L5E,-6.0312,-6.0923,-5.762,59.505,3.8,-1.8,124.0
5,L5F,-0.8713,-1.0765,-1.0899,59.505,3.8,-1.8,124.0
5,L5G,-2.6903,-3.068,-3.5132,59.505,3.8,-1.8,124.0
5,L5H,-3.3037,-2.9196,-3.0863,59.505,3.8,-1.8,124.0
5,L5I,-0.7039,-0.387,-0.8461,59.505,3.8,-1.8,124.0
5,L5K,-4.0564,-3.955,-3.9796,59.505,3.8,-1.8,124.0
5,L5M,-3.9502,-3.1443,-3.9445,59.505,3.8,-1.8,124.0
5,L5N,-3.3503,-3.3817,-3.5454,59.505,3.8,-1.8,124.0
5,L5P,-2.5025,-3.0628,-3.0448,59.505,3.8,-1.8,124.0
5,L5Q,-3.4071,-3.0192,-3.2494,59.505,3.8,-1.8,124.0
5,L5R,-4.137,-3.641,-4.1669,59.505,3.8,-1.8,124.0
5,L5S,-1.4439,-1.4966,-1.6093,59.505,3.8,-1.8,124.0
5,L5T,-0.5648,-0.2976,-0.787,59.505,3.8,-1.8,124.0
5,L5V,-0.7321,-0.6748,-0.9572,59.505,3.8,-1.8,124.0
5,L5W,-3.98,-3.3982,-4.4064,59.505,3.8,-1.8,124.0
5,L5Y,-1.8059,-1.6972,-2.4417,59.505,3.8,-1.8,124.0
6,L6A,0.4715,-0.5856,-0.6058,57.56,3.8,-1.8,124.0
6,L6C,-2.4106,-3.1768,-2.9663,57.56,3.8,-1.8,124.0
6,L6D,-7.2374,-8.8872,-7.7425,57.56,3.8,-1.8,124.0
6,L6E,-5.4655,-7.8637,-7.3139,57.56,3.8,-1.8,124.0
6,L6F,-0.8147,-0.9917,-1.1655,57.56,3.8,-1.8,124.0
6,L6G,-1.7711,-3.4902,-3.259,57.56,3.8,-1.8,124.0
6,L6H,-4.3436,-5.6347,-5.4668,57.56,3.8,-1.8,124.0
6,L6I,-0.4151,-0.7225,-1.3188,57.56,3.8,-1.8,124.0
6,L6K,-4.1694,-5.4394,-5.5714,57.56,3.8,-1.8,124.0
6,L6M,-4.12,-4.1906,-4.3738,57.56,3.8,-1.8,124.0
6,L6N,-4.7294,-6.2691,-5.6109,57.56,3.8,-1.8,124.0
6,L6P,-2.4503,-4.7294,-3.9271,57.56,3.8,-1.8,124.0
6,L6Q,-3.2497,-4.8023,-5.1513,57.56,3.8,-1.8,124.0
6,L6R,-4.2217,-5.3412,-5.6845,57.56,3.8,-1.8,124.0
6,L6S,-0.8029,-2.0915,-1.7848,57.56,3.8,-1.8,124.0
6,L6T,-0.4944,-1.6413,-2.0984,57.56,3.8,-1.8,124.0
6,L6V,-0.0486,-0.7195,-1.2549,57.56,3.8,-1.8,124.0
6,L6W,-4.1983,-4.0609,-4.8416,57.56,3.8,-1.8,124.0
6,L6Y,-2.2479,-3.1317,-3.2672,57.56,3.8,-1.8,124.0
7,L7A,-0.2762,-1.5135,-0.2725,55.405,3.8,-1.8,124.0
7,L7C,-3.1161,-3.7255,-2.8262,55.405,3.8,-1.8,124.0
7,L7D,-8.8327,-10.3482,-8.1248,55.405,3.8,-1.8,124.0
7,L7E,-7.3456,-9.5656,-6.7707,55.405,3.8,-1.8,124.0
7,L7F,-1.21,-1.4069,-1.1004,55.405,3.8,-1.8,124.0
7,L7G,-3.0385,-4.6668,-3.572,55.405,3.8,-1.8,124.0
7,L7H,-5.1063,-6.9641,-5.3784,55.405,3.8,-1.8,124.0
7,L7I,-1.3348,-1.4859,-1.5967,55.405,3.8,-1.8,124.0
7,L7K,-4.3487,-7.2136,-4.8041,55.405,3.8,-1.8,124.0
7,L7M,-4.8052,-4.428,-4.7638,55.405,3.8,-1.8,124.0
7,L7N,-5.3241,-7.1216,-5.3039,55.405,3.8,-1.8,124.0
7,L7P,-5.1646,-6.6724,-4.6427,55.405,3.8,-1.8,124.0
7,L7Q,-4.4214,-6.3731,-4.4974,55.405,3.8,-1.8,124.0
7,L7R,-4.5972,-6.8595,-4.9271,55.405,3.8,-1.8,124.0
7,L7S,-1.3167,-3.0275,-1.4285,55.405,3.8,-1.8,124.0
7,L7T,-1.1872,-2.6972,-1.214,55.405,3.8,-1.8,124.0
7,L7V,-1.0516,-1.5243,-1.4308,55.405,3.8,-1.8,124.0
7,L7W,-4.5428,-4.8812,-4.9116,55.405,3.8,-1.8,124.0
7,L7Y,-3.1336,-4.4225,-3.372,55.405,3.8,-1.8,124.0
8,S8A,-0.5237,0.1116,0.5386,52.572,-0.8,0.3,73.0
8,S8C,-3.3,-2.3413,-2.2923,52.572,-0.8,0.3,73.0
8,S8D,-6.0114,-6.8794,-6.436,52.572,-0.8,0.3,73.0
8,S8E,-5.1581,-6.19,-5.9126,52.572,-0.8,0.3,73.0
8,S8F,-2.8749,-1.7297,-1.714,52.572,-0.8,0.3,73.0
8,S8G,-1.1892,-0.9562,-1.1713,52.572,-0.8,0.3,73.0
8,S8H,-4.3032,-4.34,-4.2364,52.572,-0.8,0.3,73.0
8,S8I,-3.2602,-2.0294,-2.0259,52.572,-0.8,0.3,73.0
8,S8K,-4.9524,-6.0556,-5.3665,52.572,-0.8,0.3,73.0
8,S8L,-1.9155,-0.6902,-0.502,52.572,-0.8,0.3,73.0
8,S8M,-5.3816,-4.1479,-3.8868,52.572,-0.8,0.3,73.0
8,S8N,-2.9727,-3.6047,-3.7022,52.572,-0.8,0.3,73.0
8,S8P,-1.2861,-1.9041,-1.0799,52.572,-0.8,0.3,73.0
8,S8Q,-3.0827,-3.4154,-3.6688,52.572,-0.8,0.3,73.0
8,S8R,-5.24,-5.853,-5.1558,52.572,-0.8,0.3,73.0
8,S8T,-0.5404,-0.1983,-0.4235,52.572,-0.8,0.3,73.0
8,S8V,-2.1521,-1.2082,-1.0339,52.572,-0.8,0.3,73.0
8,S8W,-5.3989,-4.4328,-4.6989,52.572,-0.8,0.3,73.0
8,S8Y,-4.1027,-3.5209,-3.4437,52.572,-0.8,0.3,73.0
9,A9C,-2.6829,-2.5941,-2.825,49.823,1.8,-0.5,67.0
9,A9D,-8.8675,-9.1584,-7.3791,49.823,1.8,-0.5,67.0
9,A9E,-7.7483,-8.539,-6.9448,49.823,1.8,-0.5,67.0
9,A9F,-1.866,-1.5453,-2.3235,49.823,1.8,-0.5,67.0
9,A9G,-2.315,-2.4005,-2.5965,49.823,1.8,-0.5,67.0
9,A9H,-5.6751,-5.9756,-5.5371,49.823,1.8,-0.5,67.0
9,A9I,-1.2812,-1.1614,-2.1152,49.823,1.8,-0.5,67.0
9,A9K,-6.9536,-8.3431,-6.4471,49.823,1.8,-0.5,67.0
9,A9L,-0.2686,-0.1691,-0.9484,49.823,1.8,-0.5,67.0
9,A9M,-3.9377,-3.262,-4.1061,49.823,1.8,-0.5,67.0
9,A9N,-5.2773,-6.2879,-5.3025,49.823,1.8,-0.5,67.0
9,A9P,-4.6402,-4.9945,-3.8366,49.823,1.8,-0.5,67.0
9,A9Q,-5.048,-5.8242,-5.2706,49.823,1.8,-0.5,67.0
9,A9R,-6.8673,-7.4512,-5.775,49.823,1.8,-0.5,67.0
9,A9S,-1.1031,-1.5508,-1.257,49.823,1.8,-0.5,67.0
9,A9T,-0.3217,-0.7469,-0.8204,49.823,1.8,-0.5,67.0
9,A9V,-0.4434,-0.5595,-1.3305,49.823,1.8,-0.5,67.0
9,A9W,-4.8787,-4.4223,-5.2927,49.823,1.8,-0.5,67.0
9,A9Y,-3.8703,-3.63,-4.1305,49.823,1.8,-0.5,67.0
10,V10A,-0.052,-0.1291,0.2619,46.481,4.2,-1.5,105.0
10,V10C,-2.5915,-2.0451,-1.9971,46.481,4.2,-1.5,105.0
10,V10D,-9.4635,-8.9596,-8.9949,46.481,4.2,-1.5,105.0
10,V10E,-8.8409,-8.4968,-8.4756,46.481,4.2,-1.5,105.0
10,V10F,-1.3449,-0.3617,-0.8609,46.481,4.2,-1.5,105.0
10,V10G,-2.8874,-2.6953,-2.7027,46.481,4.2,-1.5,105.0
10,V10H,-7.275,-6.1232,-6.2728,46.481,4.2,-1.5,105.0
10,V10I,-0.5438,-0.1215,-0.488,46.481,4.2,-1.5,105.0
10,V10K,-8.5146,-8.1888,-7.2961,46.481,4.2,-1.5,105.0
10,V10L,0.4367,1.0482,0.7176,46.481,4.2,-1.5,105.0
10,V10M,-3.7051,-2.8984,-3.2782,46.481,4.2,-1.5,105.0
10,V10N,-7.8112,-7.2144,-6.5992,46.481,4.2,-1.5,105.0
10,V10P,-5.9282,-5.7866,-5.0507,46.481,4.2,-1.5,105.0
10,V10Q,-6.8032,-6.2964,-6.4275,46.481,4.2,-1.5,105.0
10,V10R,-8.0601,-7.2683,-6.3125,46.481,4.2,-1.5,105.0
10,V10S,-2.589,-2.3365,-1.8614,46.481,4.2,-1.5,105.0
10,V10T,-1.8413,-1.9817,-1.5647,46.481,4.2,-1.5,105.0
10,V10W,-4.8054,-3.9815,-3.8971,46.481,4.2,-1.5,105.0
10,V10Y,-4.363,-3.1145,-2.7974,46.481,4.2,-1.5,105.0
11,F11A,1.3745,1.0317,1.2951,41.758,2.8,-2.5,135.0
11,F11C,-1.7074,-1.4471,-1.163,41.758,2.8,-2.5,135.0
11,F11D,-8.6928,-8.8524,-7.4916,41.758,2.8,-2.5,135.0
11,F11E,-7.5623,-8.0298,-6.8772,41.758,2.8,-2.5,135.0
11,F11G,-2.0827,-2.6985,-2.2081,41.758,2.8,-2.5,135.0
11,F11H,-5.8471,-6.3403,-5.1788,41.758,2.8,-2.5,135.0
11,F11I,-0.4472,0.0413,-0.1251,41.758,2.8,-2.5,135.0
11,F11K,-7.6438,-8.348,-5.8836,41.758,2.8,-2.5,135.0
11,F11L,1.649,1.5617,1.429,41.758,2.8,-2.5,135.0
11,F11M,-2.4537,-2.2064,-2.7916,41.758,2.8,-2.5,135.0
11,F11N,-5.9191,-6.7863,-5.2139,41.758,2.8,-2.5,135.0
11,F11P,-5.7026,-5.7267,-4.893,41.758,2.8,-2.5,135.0
11,F11Q,-5.3957,-6.0324,-5.2661,41.758,2.8,-2.5,135.0
11,F11R,-6.7433,-7.5075,-4.8127,41.758,2.8,-2.5,135.0
11,F11S,-0.8512,-1.6106,-1.0201,41.758,2.8,-2.5,135.0
11,F11T,-0.8487,-1.512,-1.1114,41.758,2.8,-2.5,135.0
11,F11V,0.4181,0.6151,0.9562,41.758,2.8,-2.5,135.0
11,F11W,-3.3501,-3.4913,-3.2512,41.758,2.8,-2.5,135.0
11,F11Y,-2.8714,-3.1805,-2.3543,41.758,2.8,-2.5,135.0
12,S12A,0.0413,0.0846,0.6836,40.913,-0.8,0.3,73.0
12,S12C,-1.9435,-1.637,-1.2356,40.913,-0.8,0.3,73.0
12,S12D,-5.7531,-6.1322,-4.894,40.913,-0.8,0.3,73.0
12,S12E,-5.2392,-5.4744,-4.7177,40.913,-0.8,0.3,73.0
12,S12F,-1.0247,-0.9637,-0.2,40.913,-0.8,0.3,73.0
12,S12G,-0.5229,-0.1361,-0.5459,40.913,-0.8,0.3,73.0
12,S12H,-2.8479,-3.2783,-2.6751,40.913,-0.8,0.3,73.0
12,S12I,-2.1723,-2.1293,-0.8644,40.913,-0.8,0.3,73.0
12,S12K,-5.641,-5.9975,-4.1212,40.913,-0.8,0.3,73.0
12,S12L,-0.4081,-0.4875,0.5575,40.913,-0.8,0.3,73.0
12,S12M,-3.3244,-2.9228,-2.6939,40.913,-0.8,0.3,73.0
12,S12N,-2.7415,-3.2681,-2.7388,40.913,-0.8,0.3,73.0
12,S12P,-3.4051,-3.9532,-3.3343,40.913,-0.8,0.3,73.0
12,S12Q,-2.6512,-3.2261,-2.7935,40.913,-0.8,0.3,73.0
12,S12R,-5.0715,-5.4087,-3.3347,40.913,-0.8,0.3,73.0
12,S12T,-0.5491,-0.7282,-0.4802,40.913,-0.8,0.3,73.0
12,S12V,-1.2745,-1.3339,-0.0768,40.913,-0.8,0.3,73.0
12,S12W,-3.339,-3.2139,-2.9433,40.913,-0.8,0.3,73.0
12,S12Y,-1.7725,-1.5791,-1.154,40.913,-0.8,0.3,73.0
13,G13A,0.5977,0.4436,1.6146,39.326,-0.4,0.0,48.0
13,G13C,-0.5032,-0.5019,-0.3551,39.326,-0.4,0.0,48.0
13,G13D,-5.6512,-5.2189,-3.8086,39.326,-0.4,0.0,48.0
13,G13E,-4.5894,-4.6721,-3.1721,39.326,-0.4,0.0,48.0
13,G13F,0.8816,0.8067,1.306,39.326,-0.4,0.0,48.0
13,G13H,-1.9611,-2.0227,-1.1208,39.326,-0.4,0.0,48.0
13,G13I,-0.3278,-0.6495,0.47,39.326,-0.4,0.0,48.0
13,G13K,-4.1893,-4.2025,-2.3251,39.326,-0.4,0.0,48.0
13,G13L,1.6951,1.5132,2.1832,39.326,-0.4,0.0,48.0
13,G13M,-1.8071,-1.1537,-1.0598,39.326,-0.4,0.0,48.0
13,G13N,-1.9453,-1.8088,-1.3305,39.326,-0.4,0.0,48.0
13,G13P,-2.5224,-2.554,-0.5706,39.326,-0.4,0.0,48.0
13,G13Q,-1.2979,-1.658,-0.9385,39.326,-0.4,0.0,48.0
13,G13R,-3.7715,-3.3326,-1.1422,39.326,-0.4,0.0,48.0
13,G13S,0.7183,0.5034,1.3766,39.326,-0.4,0.0,48.0
13,G13T,0.4628,0.0687,1.2494,39.326,-0.4,0.0,48.0
13,G13V,0.2109,-0.161,1.2547,39.326,-0.4,0.0,48.0
13,G13W,-2.3219,-2.479,-1.6403,39.326,-0.4,0.0,48.0
13,G13Y,-0.8683,-1.0225,-0.3127,39.326,-0.4,0.0,48.0
14,A14C,-2.5054,-2.9459,-2.3467,36.072,1.8,-0.5,67.0
14,A14D,-7.283,-6.9733,-6.3971,36.072,1.8,-0.5,67.0
14,A14E,-6.6373,-6.8099,-5.8532,36.072,1.8,-0.5,67.0
14,A14F,-1.7289,-2.1287,-0.7641,36.072,1.8,-0.5,67.0
14,A14G,-2.477,-3.4508,-2.2728,36.072,1.8,-0.5,67.0
14,A14H,-4.76,-4.9677,-3.9606,36.072,1.8,-0.5,67.0
14,A14I,-1.4508,-1.4137,-0.6881,36.072,1.8,-0.5,67.0
14,A14K,-5.8959,-6.0606,-5.0563,36.072,1.8,-0.5,67.0
14,A14L,-0.9839,-1.7313,-0.0396,36.072,1.8,-0.5,67.0
14,A14M,-4.0207,-4.1227,-3.2367,36.072,1.8,-0.5,67.0
14,A14N,-4.2267,-5.1783,-4.1757,36.072,1.8,-0.5,67.0
14,A14P,-2.7614,-2.7407,-3.0368,36.072,1.8,-0.5,67.0
14,A14Q,-4.5612,-5.0836,-4.1052,36.072,1.8,-0.5,67.0
14,A14R,-4.9842,-5.3387,-4.2824,36.072,1.8,-0.5,67.0
14,A14S,-0.9096,-1.6286,-0.967,36.072,1.8,-0.5,67.0
14,A14T,-1.2193,-2.0489,-1.2859,36.072,1.8,-0.5,67.0
14,A14V,-0.835,-0.9883,-0.2274,36.072,1.8,-0.5,67.0
14,A14W,-5.0956,-5.6284,-4.3824,36.072,1.8,-0.5,67.0
14,A14Y,-4.1856,-4.309,-2.7117,36.072,1.8,-0.5,67.0
15,V15A,0.2142,0.0425,0.5817,34.185,4.2,-1.5,105.0
15,V15C,-2.2139,-2.0943,-1.8583,34.185,4.2,-1.5,105.0
15,V15D,-5.6972,-4.7878,-3.73,34.185,4.2,-1.5,105.0
15,V15E,-5.0728,-4.2427,-3.2482,34.185,4.2,-1.5,105.0
15,V15F,-1.7965,-0.5837,0.05,34.185,4.2,-1.5,105.0
15,V15G,-1.7486,-2.0499,-1.8811,34.185,4.2,-1.5,105.0
15,V15H,-3.2531,-1.8577,-1.7709,34.185,4.2,-1.5,105.0
15,V15I,-1.0155,-0.4517,-0.5137,34.185,4.2,-1.5,105.0
15,V15K,-3.9395,-3.0785,-2.6043,34.185,4.2,-1.5,105.0
15,V15L,-0.5841,0.3217,0.6691,34.185,4.2,-1.5,105.0
15,V15M,-3.0074,-1.7454,-1.9459,34.185,4.2,-1.5,105.0
15,V15N,-3.6948,-2.7719,-1.8169,34.185,4.2,-1.5,105.0
15,V15P,-2.4202,-3.1176,-2.9751,34.185,4.2,-1.5,105.0
15,V15Q,-2.6271,-2.1004,-1.5011,34.185,4.2,-1.5,105.0
15,V15R,-3.0901,-2.4329,-1.3967,34.185,4.2,-1.5,105.0
15,V15S,-0.3631,-0.1121,0.5028,34.185,4.2,-1.5,105.0
15,V15T,-0.1598,-0.1064,-0.0657,34.185,4.2,-1.5,105.0
15,V15W,-3.6551,-2.7234,-2.2795,34.185,4.2,-1.5,105.0
15,V15Y,-2.699,-1.1588,-1.0801,34.185,4.2,-1.5,105.0
16,A16C,-1.6694,-1.6087,-2.8345,31.608,1.8,-0.5,67.0
16,A16D,-5.2566,-5.0707,-4.6187,31.608,1.8,-0.5,67.0
16,A16E,-4.1617,-4.4009,-4.1149,31.608,1.8,-0.5,67.0
16,A16F,-0.9526,-0.8363,-0.9138,31.608,1.8,-0.5,67.0
16,A16G,-0.6,-0.7254,-2.2811,31.608,1.8,-0.5,67.0
16,A16H,-2.6827,-2.3642,-2.977,31.608,1.8,-0.5,67.0
16,A16I,-1.4129,-1.6004,-1.1215,31.608,1.8,-0.5,67.0
16,A16K,-3.2154,-3.4205,-3.3752,31.608,1.8,-0.5,67.0
16,A16L,0.1519,0.3206,-0.0842,31.608,1.8,-0.5,67.0
16,A16M,-2.8667,-2.4527,-2.569,31.608,1.8,-0.5,67.0
16,A16N,-2.8159,-2.4664,-3.0048,31.608,1.8,-0.5,67.0
16,A16P,-1.1853,-2.1284,-2.4122,31.608,1.8,-0.5,67.0
16,A16Q,-1.8781,-1.836,-2.326,31.608,1.8,-0.5,67.0
16,A16R,-2.2358,-2.6106,-2.6532,31.608,1.8,-0.5,67.0
16,A16S,0.0963,0.1434,-0.3846,31.608,1.8,-0.5,67.0
16,A16T,-0.3904,-0.3572,-0.9781,31.608,1.8,-0.5,67.0
16,A16V,-0.3331,-0.4601,-0.4278,31.608,1.8,-0.5,67.0
16,A16W,-3.2074,-3.3531,-3.51,31.608,1.8,-0.5,67.0
16,A16Y,-1.9343,-1.5894,-2.4223,31.608,1.8,-0.5,67.0
17,T17A,0.5808,0.785,1.0378,31.171,-0.7,-0.4,93.0
17,T17C,-2.2265,-2.4243,-2.2293,31.171,-0.7,-0.4,93.0
17,T17D,-3.3641,-0.4983,-1.4756,31.171,-0.7,-0.4,93.0
17,T17E,-2.9262,-0.0728,-1.3692,31.171,-0.7,-0.4,93.0
17,T17F,-3.3444,-1.0429,-1.2959,31.171,-0.7,-0.4,93.0
17,T17G,-1.0379,-0.4541,0.2118,31.171,-0.7,-0.4,93.0
17,T17H,-3.4097,-0.6575,-1.3549,31.171,-0.7,-0.4,93.0
17,T17I,-1.7361,-0.9279,-1.3173,31.171,-0.7,-0.4,93.0
17,T17K,-2.6281,-0.4187,-1.3538,31.171,-0.7,-0.4,93.0
17,T17L,-2.0088,-0.2391,-0.3345,31.171,-0.7,-0.4,93.0
17,T17M,-4.9004,-2.5417,-2.6455,31.171,-0.7,-0.4,93.0
17,T17N,-3.0624,-0.7976,-1.0057,31.171,-0.7,-0.4,93.0
17,T17P,-3.314,-2.6328,-3.3955,31.171,-0.7,-0.4,93.0
17,T17Q,-0.9631,1.0015,-0.3936,31.171,-0.7,-0.4,93.0
17,T17R,-2.1684,-0.2874,-1.0472,31.171,-0.7,-0.4,93.0
17,T17S,-0.1018,0.1209,0.6487,31.171,-0.7,-0.4,93.0
17,T17V,1.5344,1.0853,0.0216,31.171,-0.7,-0.4,93.0
17,T17W,-5.738,-3.0297,-3.2749,31.171,-0.7,-0.4,93.0
17,T17Y,-4.0111,-1.4973,-2.031,31.171,-0.7,-0.4,93.0
18,L18A,0.1957,0.6826,0.5533,27.437,3.8,-1.8,124.0
18,L18C,-3.5505,-2.854,-2.6022,27.437,3.8,-1.8,124.0
18,L18D,-4.1929,-1.434,-1.2795,27.437,3.8,-1.8,124.0
18,L18E,-3.8378,-1.1039,-0.773,27.437,3.8,-1.8,124.0
18,L18F,-0.6944,-0.7623,-0.412,27.437,3.8,-1.8,124.0
18,L18G,-2.5077,-0.8246,-0.8063,27.437,3.8,-1.8,124.0
18,L18H,-2.0844,-1.6387,-0.9035,27.437,3.8,-1.8,124.0
18,L18I,-1.5163,-0.6398,-0.6414,27.437,3.8,-1.8,124.0
18,L18K,-2.2378,-1.2191,-0.5213,27.437,3.8,-1.8,124.0
18,L18M,-3.0639,-2.5279,-1.9826,27.437,3.8,-1.8,124.0
18,L18N,-2.5326,-1.1552,-0.6702,27.437,3.8,-1.8,124.0
18,L18P,-0.0947,1.9609,1.2338,27.437,3.8,-1.8,124.0
18,L18Q,-2.1029,-1.1104,-0.698,27.437,3.8,-1.8,124.0
18,L18R,-1.0326,-1.2894,-0.335,27.437,3.8,-1.8,124.0
18,L18S,-1.2027,0.2422,0.5275,27.437,3.8,-1.8,124.0
18,L18T,-1.4488,0.1565,0.4289,27.437,3.8,-1.8,124.0
18,L18V,-1.0588,-0.0745,-0.0303,27.437,3.8,-1.8,124.0
18,L18W,-2.7337,-1.3455,-1.8873,27.437,3.8,-1.8,124.0
18,L18Y,-1.3942,-1.5065,-1.0775,27.437,3.8,-1.8,124.0
19,A19C,-4.3503,-3.2192,-3.2668,26.73,1.8,-0.5,67.0
19,A19D,-3.0557,-2.1567,-0.9639,26.73,1.8,-0.5,67.0
19,A19E,-3.7101,-2.4325,-0.8594,26.73,1.8,-0.5,67.0
19,A19F,-3.2321,-1.829,-1.8318,26.73,1.8,-0.5,67.0
19,A19G,-2.007,-1.8104,-0.8863,26.73,1.8,-0.5,67.0
19,A19H,-3.4926,-2.1197,-1.2148,26.73,1.8,-0.5,67.0
19,A19I,-2.6947,-1.2829,-1.7059,26.73,1.8,-0.5,67.0
19,A19K,-3.0556,-2.298,-1.7355,26.73,1.8,-0.5,67.0
19,A19L,-1.7221,-1.0277,-1.3659,26.73,1.8,-0.5,67.0
19,A19M,-4.4633,-3.6492,-3.4685,26.73,1.8,-0.5,67.0
19,A19N,-2.4575,-1.5147,-0.6872,26.73,1.8,-0.5,67.0
19,A19P,-1.4823,-0.2283,0.4061,26.73,1.8,-0.5,67.0
19,A19Q,-2.1972,-1.109,-1.1656,26.73,1.8,-0.5,67.0
19,A19R,-2.6864,-2.4538,-1.6628,26.73,1.8,-0.5,67.0
19,A19S,-1.5121,-0.9423,0.0538,26.73,1.8,-0.5,67.0
19,A19T,-1.7648,-0.8757,-0.4823,26.73,1.8,-0.5,67.0
19,A19V,-1.9406,-0.6773,-1.0156,26.73,1.8,-0.5,67.0
19,A19W,-4.1528,-3.1918,-3.959,26.73,1.8,-0.5,67.0
19,A19Y,-3.8431,-2.1764,-2.0348,26.73,1.8,-0.5,67.0
20,E20A,1.772,0.8827,-0.2981,21.387,-3.5,3.0,109.0
20,E20C,-4.0611,-3.4887,-3.6104,21.387,-3.5,3.0,109.0
20,E20D,0.6916,0.6851,0.093,21.387,-3.5,3.0,109.0
20,E20F,-1.93,-2.4155,-2.3409,21.387,-3.5,3.0,109.0
20,E20G,0.2942,-0.2922,-0.3155,21.387,-3.5,3.0,109.0
20,E20H,-1.4725,-1.4775,-1.1516,21.387,-3.5,3.0,109.0
20,E20I,-1.4381,-2.091,-2.0936,21.387,-3.5,3.0,109.0
20,E20K,0.0512,-1.5518,-0.6585,21.387,-3.5,3.0,109.0
20,E20L,-0.9825,-1.488,-1.8176,21.387,-3.5,3.0,109.0
20,E20M,-3.0075,-3.6909,-3.455,21.387,-3.5,3.0,109.0
20,E20N,-0.8669,-1.0424,-0.3678,21.387,-3.5,3.0,109.0
20,E20P,-0.4229,-0.5529,0.2983,21.387,-3.5,3.0,109.0
20,E20Q,1.3717,1.5059,0.6427,21.387,-3.5,3.0,109.0
20,E20R,-0.2779,-2.0605,-1.0016,21.387,-3.5,3.0,109.0
20,E20S,0.9061,0.2872,0.1343,21.387,-3.5,3.0,109.0
20,E20T,0.3938,0.1633,-0.1495,21.387,-3.5,3.0,109.0
20,E20V,-0.2735,-1.022,-1.457,21.387,-3.5,3.0,109.0
20,E20W,-3.233,-3.383,-2.8741,21.387,-3.5,3.0,109.0
20,E20Y,-1.7224,-2.2438,-2.0269,21.387,-3.5,3.0,109.0
21,T21A,0.0703,-0.3121,-0.3585,23.486,-0.7,-0.4,93.0
21,T21C,-3.2837,-3.4055,-2.6209,23.486,-0.7,-0.4,93.0
21,T21D,-1.1566,-0.3042,-0.2564,23.486,-0.7,-0.4,93.0
21,T21E,-1.5035,-0.3027,-0.2349,23.486,-0.7,-0.4,93.0
21,T21F,1.7224,-1.0264,0.2498,23.486,-0.7,-0.4,93.0
21,T21G,-0.1248,-0.2898,0.4807,23.486,-0.7,-0.4,93.0
21,T21H,0.1054,-1.0655,0.0036,23.486,-0.7,-0.4,93.0
21,T21I,0.534,-1.1606,-0.7917,23.486,-0.7,-0.4,93.0
21,T21K,-0.2403,-0.8672,-0.276,23.486,-0.7,-0.4,93.0
21,T21L,1.123,-0.8437,-0.3946,23.486,-0.7,-0.4,93.0
21,T21M,-1.3845,-3.5358,-2.6835,23.486,-0.7,-0.4,93.0
21,T21N,-0.2165,-0.6346,-0.3691,23.486,-0.7,-0.4,93.0
21,T21P,0.8159,-0.3374,0.8651,23.486,-0.7,-0.4,93.0
21,T21Q,-0.7433,-0.9127,-0.9248,23.486,-0.7,-0.4,93.0
21,T21R,0.2064,-1.3683,-0.2892,23.486,-0.7,-0.4,93.0
21,T21S,0.113,0.1363,0.5137,23.486,-0.7,-0.4,93.0
21,T21V,0.4145,-0.5876,-0.4832,23.486,-0.7,-0.4,93.0
21,T21W,-0.6839,-2.3925,0.3069,23.486,-0.7,-0.4,93.0
21,T21Y,1.0701,-1.1222,-0.0272,23.486,-0.7,-0.4,93.0
22,S22A,-0.4328,-0.1903,-0.455,19.837,-0.8,0.3,73.0
22,S22C,-4.1189,-3.1809,-3.6227,19.837,-0.8,0.3,73.0
22,S22D,-2.1955,-1.1172,-1.2106,19.837,-0.8,0.3,73.0
22,S22E,-2.5633,-1.088,-1.2171,19.837,-0.8,0.3,73.0
22,S22F,-0.6428,0.1795,-0.5297,19.837,-0.8,0.3,73.0
22,S22G,-0.802,-0.0697,-0.8824,19.837,-0.8,0.3,73.0
22,S22H,-0.1009,1.5028,1.3218,19.837,-0.8,0.3,73.0
22,S22I,-1.147,-0.4742,-1.6208,19.837,-0.8,0.3,73.0
22,S22K,-1.5945,-0.1608,-0.5251,19.837,-0.8,0.3,73.0
22,S22L,-0.9841,0.1368,-0.8664,19.837,-0.8,0.3,73.0
22,S22M,-2.9881,-2.0784,-2.4728,19.837,-0.8,0.3,73.0
22,S22N,-1.3816,-0.2108,-0.0892,19.837,-0.8,0.3,73.0
22,S22P,-0.5753,0.4744,0.4883,19.837,-0.8,0.3,73.0
22,S22Q,-1.8509,0.0355,-0.847,19.837,-0.8,0.3,73.0
22,S22R,-1.485,-0.398,-0.6265,19.837,-0.8,0.3,73.0
22,S22T,-0.5341,0.1748,-0.1631,19.837,-0.8,0.3,73.0
22,S22V,-1.064,-0.1334,-1.02,19.837,-0.8,0.3,73.0
22,S22W,-2.0072,-1.7301,-2.1416,19.837,-0.8,0.3,73.0
22,S22Y,-0.8117,0.2854,-0.662,19.837,-0.8,0.3,73.0
23,E23A,0.1075,0.7645,0.0966,20.709,-3.5,3.0,109.0
23,E23C,-4.598,-4.3555,-4.7716,20.709,-3.5,3.0,109.0
23,E23D,0.3863,0.427,-0.6895,20.709,-3.5,3.0,109.0
23,E23F,-2.6354,-2.1301,-2.2276,20.709,-3.5,3.0,109.0
23,E23G,1.0268,0.6554,-0.3041,20.709,-3.5,3.0,109.0
23,E23H,-1.9004,-1.1404,-0.5612,20.709,-3.5,3.0,109.0
23,E23I,-1.9918,-1.3755,-1.7334,20.709,-3.5,3.0,109.0
23,E23K,-1.1549,-0.2771,0.2464,20.709,-3.5,3.0,109.0
23,E23L,-1.8265,-0.6969,-1.3443,20.709,-3.5,3.0,109.0
23,E23M,-4.0292,-3.2044,-3.3716,20.709,-3.5,3.0,109.0
23,E23N,-0.0223,0.0619,-0.4046,20.709,-3.5,3.0,109.0
23,E23P,0.0687,0.5711,0.9934,20.709,-3.5,3.0,109.0
23,E23Q,-0.2972,-0.1869,-0.1908,20.709,-3.5,3.0,109.0
23,E23R,-2.6119,-1.3592,-0.9022,20.709,-3.5,3.0,109.0
23,E23S,0.743,0.8332,0.4358,20.709,-3.5,3.0,109.0
23,E23T,0.5374,0.7239,0.0013,20.709,-3.5,3.0,109.0
23,E23V,-1.073,-0.3818,-0.8504,20.709,-3.5,3.0,109.0
23,E23W,-3.7674,-3.7761,-3.869,20.709,-3.5,3.0,109.0
23,E23Y,-2.4042,-2.0107,-1.5771,20.709,-3.5,3.0,109.0
24,W24A,-10.6273,-7.8815,-11.5834,19.078,-0.9,-3.4,163.0
24,W24C,-8.799,-7.806,-6.0136,19.078,-0.9,-3.4,163.0
24,W24D,-11.0653,-9.8982,-11.305,19.078,-0.9,-3.4,163.0
24,W24E,-11.9603,-10.3794,-12.641,19.078,-0.9,-3.4,163.0
24,W24F,-3.3822,-1.4936,-2.2966,19.078,-0.9,-3.4,163.0
24,W24G,-9.7445,-8.8465,-10.3143,19.078,-0.9,-3.4,163.0
24,W24H,-8.9193,-6.4621,-3.6565,19.078,-0.9,-3.4,163.0
24,W24I,-9.7461,-6.8972,-7.5502,19.078,-0.9,-3.4,163.0
24,W24K,-11.0891,-9.0266,-12.5627,19.078,-0.9,-3.4,163.0
24,W24L,-7.9961,-5.7502,-4.8989,19.078,-0.9,-3.4,163.0
24,W24M,-10.4749,-8.2931,-11.1782,19.078,-0.9,-3.4,163.0
24,W24N,-10.4165,-8.3453,-10.9918,19.078,-0.9,-3.4,163.0
24,W24P,-9.5707,-7.4796,-8.7122,19.078,-0.9,-3.4,163.0
24,W24Q,-10.5943,-8.7672,-10.6754,19.078,-0.9,-3.4,163.0
24,W24R,-8.164,-7.8112,-9.4517,19.078,-0.9,-3.4,163.0
24,W24S,-9.1167,-7.7257,-10.8529,19.078,-0.9,-3.4,163.0
24,W24T,-10.4829,-8.2019,-11.9794,19.078,-0.9,-3.4,163.0
24,W24V,-10.346,-7.3763,-9.9403,19.078,-0.9,-3.4,163.0
24,W24Y,-2.6181,-1.2759,-2.3367,19.078,-0.9,-3.4,163.0
25,S25A,-0.9133,0.2135,-0.8921,21.392,-0.8,0.3,73.0
25,S25C,-4.9323,-3.4692,-3.4616,21.392,-0.8,0.3,73.0
25,S25D,-4.3289,-4.7666,-3.362,21.392,-0.8,0.3,73.0
25,S25E,-2.9593,-2.4766,-1.627,21.392,-0.8,0.3,73.0
25,S25F,-2.3882,-2.5705,-2.3209,21.392,-0.8,0.3,73.0
25,S25G,-3.4172,-3.2943,-3.0692,21.392,-0.8,0.3,73.0
25,S25H,0.335,0.7924,0.5939,21.392,-0.8,0.3,73.0
25,S25I,-1.3254,-0.0457,-0.242,21.392,-0.8,0.3,73.0
25,S25K,0.6942,0.6243,1.3368,21.392,-0.8,0.3,73.0
25,S25L,-0.7066,-0.7487,-1.0398,21.392,-0.8,0.3,73.0
25,S25M,-2.2399,-1.7383,-2.0557,21.392,-0.8,0.3,73.0
25,S25N,-1.4395,-1.7054,-0.5684,21.392,-0.8,0.3,73.0
25,S25P,-5.3965,-6.2526,-4.0935,21.392,-0.8,0.3,73.0
25,S25Q,-0.1585,0.0031,0.3171,21.392,-0.8,0.3,73.0
25,S25R,0.6968,1.0176,0.6558,21.392,-0.8,0.3,73.0
25,S25T,-0.6589,0.1916,-0.0482,21.392,-0.8,0.3,73.0
25,S25V,-0.8386,0.5721,-0.207,21.392,-0.8,0.3,73.0
25,S25W,-4.6373,-4.7483,-4.6658,21.392,-0.8,0.3,73.0
25,S25Y,-2.5545,-2.4819,-1.6755,21.392,-0.8,0.3,73.0
26,P26A,-0.5071,0.0343,-0.2126,23.017,-1.6,0.0,90.0
26,P26C,-8.0489,-6.3368,-6.0429,23.017,-1.6,0.0,90.0
26,P26D,-5.0785,-6.7672,-4.5175,23.017,-1.6,0.0,90.0
26,P26E,-4.7887,-4.2916,-2.5914,23.017,-1.6,0.0,90.0
26,P26F,-6.7528,-5.2707,-4.6284,23.017,-1.6,0.0,90.0
26,P26G,-4.854,-2.4873,-3.2692,23.017,-1.6,0.0,90.0
26,P26H,-6.1046,-4.5564,-4.0774,23.017,-1.6,0.0,90.0
26,P26I,-5.8582,-4.3347,-3.7655,23.017,-1.6,0.0,90.0
26,P26K,-4.4981,-3.351,-1.5512,23.017,-1.6,0.0,90.0
26,P26L,-4.6714,-3.9538,-3.0626,23.017,-1.6,0.0,90.0
26,P26M,-7.0384,-5.4282,-5.0545,23.017,-1.6,0.0,90.0
26,P26N,-4.7975,-5.785,-4.4412,23.017,-1.6,0.0,90.0
26,P26Q,-4.6713,-3.8697,-2.7638,23.017,-1.6,0.0,90.0
26,P26R,-5.1361,-3.0327,-2.8359,23.017,-1.6,0.0,90.0
26,P26S,-2.8534,-2.7693,-1.9669,23.017,-1.6,0.0,90.0
26,P26T,-4.1572,-3.9242,-2.6845,23.017,-1.6,0.0,90.0
26,P26V,-4.6482,-3.0812,-2.7641,23.017,-1.6,0.0,90.0
26,P26W,-8.4965,-6.8897,-7.2818,23.017,-1.6,0.0,90.0
26,P26Y,-7.0374,-5.0838,-5.1493,23.017,-1.6,0.0,90.0
27,P27A,-0.6233,-2.0113,-1.1262,21.538,-1.6,0.0,90.0
27,P27C,-7.3636,-6.9439,-6.7028,21.538,-1.6,0.0,90.0
27,P27D,-7.7417,-9.6693,-7.4413,21.538,-1.6,0.0,90.0
27,P27E,-7.2469,-8.3308,-6.7772,21.538,-1.6,0.0,90.0
27,P27F,-6.1818,-6.2233,-5.733,21.538,-1.6,0.0,90.0
27,P27G,-5.7338,-4.935,-5.3716,21.538,-1.6,0.0,90.0
27,P27H,-6.5563,-6.6337,-5.973,21.538,-1.6,0.0,90.0
27,P27I,-4.6995,-4.9423,-4.6407,21.538,-1.6,0.0,90.0
27,P27K,-4.6866,-6.9756,-4.067,21.538,-1.6,0.0,90.0
27,P27L,-3.4598,-4.4238,-4.1768,21.538,-1.6,0.0,90.0
27,P27M,-5.6745,-6.7066,-6.5649,21.538,-1.6,0.0,90.0
27,P27N,-7.54,-8.1841,-6.4293,21.538,-1.6,0.0,90.0
27,P27Q,-5.3189,-6.5376,-5.0151,21.538,-1.6,0.0,90.0
27,P27R,-4.55,-5.9496,-3.6947,21.538,-1.6,0.0,90.0
27,P27S,-4.1898,-4.752,-3.1952,21.538,-1.6,0.0,90.0
27,P27T,-4.323,-5.3488,-4.1197,21.538,-1.6,0.0,90.0
27,P27V,-3.5262,-3.6718,-3.4905,21.538,-1.6,0.0,90.0
27,P27W,-8.1879,-7.8389,-7.5649,21.538,-1.6,0.0,90.0
27,P27Y,-6.167,-6.518,-6.7871,21.538,-1.6,0.0,90.0
28,E28A,2.4772,2.42,1.2081,24.319,-3.5,3.0,109.0
28,E28C,-4.0774,-2.5961,-2.7772,24.319,-3.5,3.0,109.0
28,E28D,-2.128,-1.8658,-0.9329,24.319,-3.5,3.0,109.0
28,E28F,-3.4101,-2.715,-2.6396,24.319,-3.5,3.0,109.0
28,E28G,1.9594,3.3336,3.6508,24.319,-3.5,3.0,109.0
28,E28H,-0.9627,0.4429,-0.9065,24.319,-3.5,3.0,109.0
28,E28I,-0.531,-1.6228,-0.1472,24.319,-3.5,3.0,109.0
28,E28K,2.7325,2.6958,2.1598,24.319,-3.5,3.0,109.0
28,E28L,0.3254,-0.3794,-0.3357,24.319,-3.5,3.0,109.0
28,E28M,-1.1919,-1.5776,-1.878,24.319,-3.5,3.0,109.0
28,E28N,-0.3842,-0.417,-0.8664,24.319,-3.5,3.0,109.0
28,E28P,-1.9921,-2.2749,-1.8059,24.319,-3.5,3.0,109.0
28,E28Q,2.1521,1.8522,0.9683,24.319,-3.5,3.0,109.0
28,E28R,1.4206,1.8998,1.0978,24.319,-3.5,3.0,109.0
28,E28S,1.4337,1.2924,1.2208,24.319,-3.5,3.0,109.0
28,E28T,1.6978,0.2962,1.8367,24.319,-3.5,3.0,109.0
28,E28V,1.3587,-0.2703,0.7405,24.319,-3.5,3.0,109.0
28,E28W,-5.1216,-4.2245,-4.3246,24.319,-3.5,3.0,109.0
28,E28Y,-3.8799,-2.6364,-2.6441,24.319,-3.5,3.0,109.0
29,S29A,1.3914,1.1909,1.1461,25.478,-0.8,0.3,73.0
29,S29C,-5.0336,-5.7965,-4.4722,25.478,-0.8,0.3,73.0
29,S29D,0.6549,-0.9597,-0.2972,25.478,-0.8,0.3,73.0
29,S29E,1.2933,0.0701,0.8035,25.478,-0.8,0.3,73.0
29,S29F,-3.0461,-2.8663,-2.4057,25.478,-0.8,0.3,73.0
29,S29G,-2.4886,-2.8802,-1.9147,25.478,-0.8,0.3,73.0
29,S29H,-2.7109,-2.2037,-1.9803,25.478,-0.8,0.3,73.0
29,S29I,-1.8529,-1.6392,-1.7154,25.478,-0.8,0.3,73.0
29,S29K,-0.5478,0.1261,0.2376,25.478,-0.8,0.3,73.0
29,S29L,-1.1995,-1.5919,-1.2973,25.478,-0.8,0.3,73.0
29,S29M,-4.0063,-3.6858,-3.1924,25.478,-0.8,0.3,73.0
29,S29N,-1.3576,-1.8907,-0.5929,25.478,-0.8,0.3,73.0
29,S29P,1.452,0.5914,1.5936,25.478,-0.8,0.3,73.0
29,S29Q,-1.1314,-0.8738,-0.7155,25.478,-0.8,0.3,73.0
29,S29R,-2.6572,-1.6972,-1.8146,25.478,-0.8,0.3,73.0
29,S29T,-1.0667,-0.7277,-0.6971,25.478,-0.8,0.3,73.0
29,S29V,-0.4896,-0.5931,-0.5781,25.478,-0.8,0.3,73.0
29,S29W,-5.0837,-5.1956,-5.9521,25.478,-0.8,0.3,73.0
29,S29Y,-3.0303,-3.1132,-2.1873,25.478,-0.8,0.3,73.0
30,G30A,-4.1806,-4.0648,-3.6343,22.916,-0.4,0.0,48.0
30,G30C,-6.864,-6.508,-5.6101,22.916,-0.4,0.0,48.0
30,G30D,-2.7481,-3.1347,-1.8229,22.916,-0.4,0.0,48.0
30,G30E,-4.327,-4.5188,-3.5567,22.916,-0.4,0.0,48.0
30,G30F,-6.0221,-5.8452,-4.3257,22.916,-0.4,0.0,48.0
30,G30H,-5.4047,-4.5884,-2.4756,22.916,-0.4,0.0,48.0
30,G30I,-6.2766,-6.0904,-5.1712,22.916,-0.4,0.0,48.0
30,G30K,-5.0629,-4.3874,-3.1674,22.916,-0.4,0.0,48.0
30,G30L,-5.8024,-6.2186,-5.1389,22.916,-0.4,0.0,48.0
30,G30M,-7.5757,-7.7043,-6.2172,22.916,-0.4,0.0,48.0
30,G30N,-2.4237,-2.3602,-0.7649,22.916,-0.4,0.0,48.0
30,G30P,-6.7572,-5.8701,-5.4651,22.916,-0.4,0.0,48.0
30,G30Q,-5.3776,-5.165,-3.8786,22.916,-0.4,0.0,48.0
30,G30R,-5.8552,-5.0664,-3.3375,22.916,-0.4,0.0,48.0
30,G30S,-2.3121,-1.5485,-0.7718,22.916,-0.4,0.0,48.0
30,G30T,-2.0858,-1.4489,-1.0806,22.916,-0.4,0.0,48.0
30,G30V,-6.0086,-6.0881,-5.0429,22.916,-0.4,0.0,48.0
30,G30W,-6.8961,-5.6711,-5.1733,22.916,-0.4,0.0,48.0
30,G30Y,-6.2777,-5.726,-3.9294,22.916,-0.4,0.0,48.0
31,D31A,0.2924,-3.2232,-3.5923,20.708,-3.5,3.0,91.0
31,D31C,-5.1872,-6.463,-7.9253,20.708,-3.5,3.0,91.0
31,D31E,-3.5339,-2.5755,-4.2427,20.708,-3.5,3.0,91.0
31,D31F,-4.7177,-3.8995,-7.2047,20.708,-3.5,3.0,91.0
31,D31G,-2.0597,-4.0268,-4.8777,20.708,-3.5,3.0,91.0
31,D31H,-3.4453,-3.1487,-4.4519,20.708,-3.5,3.0,91.0
31,D31I,-5.4,-4.8387,-6.921,20.708,-3.5,3.0,91.0
31,D31K,-3.6066,-4.3639,-6.331,20.708,-3.5,3.0,91.0
31,D31L,-4.468,-4.4652,-6.5913,20.708,-3.5,3.0,91.0
31,D31M,-4.0993,-5.2106,-6.1739,20.708,-3.5,3.0,91.0
31,D31N,-2.6172,-3.2765,-3.8078,20.708,-3.5,3.0,91.0
31,D31P,-7.0648,-6.1595,-8.3227,20.708,-3.5,3.0,91.0
31,D31Q,-3.0626,-2.454,-3.9401,20.708,-3.5,3.0,91.0
31,D31R,-5.2102,-5.4244,-6.8779,20.708,-3.5,3.0,91.0
31,D31S,-0.5061,-3.413,-4.0029,20.708,-3.5,3.0,91.0
31,D31T,-2.6202,-4.0838,-4.9688,20.708,-3.5,3.0,91.0
31,D31V,-3.8385,-3.6643,-5.5949,20.708,-3.5,3.0,91.0
31,D31W,-5.5741,-6.1623,-8.4971,20.708,-3.5,3.0,91.0
31,D31Y,-4.433,-3.6759,-6.1014,20.708,-3.5,3.0,91.0
32,A32C,-2.8617,-1.8429,-3.288,17.052,1.8,-0.5,67.0
32,A32D,-3.3495,-4.2265,-2.9625,17.052,1.8,-0.5,67.0
32,A32E,-1.7494,-2.4298,-2.1947,17.052,1.8,-0.5,67.0
32,A32F,0.4719,-0.4292,-0.3064,17.052,1.8,-0.5,67.0
32,A32G,-2.9934,-2.5996,-2.5929,17.052,1.8,-0.5,67.0
32,A32H,-1.5361,-1.5548,-1.9308,17.052,1.8,-0.5,67.0
32,A32I,0.8154,0.0906,0.8243,17.052,1.8,-0.5,67.0
32,A32K,-0.9427,-0.7801,-0.6572,17.052,1.8,-0.5,67.0
32,A32L,0.0701,0.605,0.2984,17.052,1.8,-0.5,67.0
32,A32M,-1.9832,-0.4574,-1.0804,17.052,1.8,-0.5,67.0
32,A32N,-2.4265,-1.382,-1.6815,17.052,1.8,-0.5,67.0
32,A32P,-3.2799,-3.3151,-4.3127,17.052,1.8,-0.5,67.0
32,A32Q,-1.6896,0.2062,-1.2859,17.052,1.8,-0.5,67.0
32,A32R,-1.0184,-0.5602,-0.7074,17.052,1.8,-0.5,67.0
32,A32S,1.6578,1.434,1.4336,17.052,1.8,-0.5,67.0
32,A32T,-0.0173,-0.1256,-0.2044,17.052,1.8,-0.5,67.0
32,A32V,1.5957,0.2517,1.9692,17.052,1.8,-0.5,67.0
32,A32W,-2.4412,-2.7848,-3.2714,17.052,1.8,-0.5,67.0
32,A32Y,-0.3853,-0.9027,-1.3715,17.052,1.8,-0.5,67.0
33,R33A,-10.4523,-9.1939,-8.9624,14.983,-4.5,3.0,148.0
33,R33C,-8.6091,-8.569,-8.6721,14.983,-4.5,3.0,148.0
33,R33D,-11.7209,-11.2631,-11.1739,14.983,-4.5,3.0,148.0
33,R33E,-10.798,-10.9932,-10.7185,14.983,-4.5,3.0,148.0
33,R33F,-10.7879,-9.7601,-9.3934,14.983,-4.5,3.0,148.0
33,R33G,-9.5028,-7.4977,-8.83,14.983,-4.5,3.0,148.0
33,R33H,-7.64,-7.3844,-7.2341,14.983,-4.5,3.0,148.0
33,R33I,-9.7086,-9.7621,-7.9132,14.983,-4.5,3.0,148.0
33,R33K,-8.1928,-7.291,-6.5226,14.983,-4.5,3.0,148.0
33,R33L,-8.7707,-8.5326,-7.3522,14.983,-4.5,3.0,148.0
33,R33M,-10.8376,-9.997,-9.4763,14.983,-4.5,3.0,148.0
33,R33N,-10.9292,-9.429,-9.5009,14.983,-4.5,3.0,148.0
33,R33P,-9.8517,-10.4087,-8.6013,14.983,-4.5,3.0,148.0
33,R33Q,-8.8352,-8.5219,-7.3463,14.983,-4.5,3.0,148.0
33,R33S,-9.5156,-8.758,-8.1446,14.983,-4.5,3.0,148.0
33,R33T,-9.8115,-9.6783,-8.3578,14.983,-4.5,3.0,148.0
33,R33V,-10.0461,-9.7883,-8.4897,14.983,-4.5,3.0,148.0
33,R33W,-9.7344,-9.2372,-8.9523,14.983,-4.5,3.0,148.0
33,R33Y,-10.8481,-9.4929,-9.3015,14.983,-4.5,3.0,148.0
34,S34A,-1.6138,-1.5758,-1.9153,11.165,-0.8,0.3,73.0
34,S34C,-3.8811,-4.3628,-4.1208,11.165,-0.8,0.3,73.0
34,S34D,-9.1406,-8.107,-6.396,11.165,-0.8,0.3,73.0
34,S34E,-9.6042,-8.1577,-6.6154,11.165,-0.8,0.3,73.0
34,S34F,-7.2393,-7.2583,-6.6131,11.165,-0.8,0.3,73.0
34,S34G,-0.3065,-1.3138,0.068,11.165,-0.8,0.3,73.0
34,S34H,-7.994,-7.466,-6.9365,11.165,-0.8,0.3,73.0
34,S34I,-9.4367,-7.8471,-6.5791,11.165,-0.8,0.3,73.0
34,S34K,-10.303,-8.142,-7.6107,11.165,-0.8,0.3,73.0
34,S34L,-9.055,-7.5772,-5.9102,11.165,-0.8,0.3,73.0
34,S34M,-9.4365,-7.5752,-6.3306,11.165,-0.8,0.3,73.0
34,S34N,-7.3263,-6.1666,-4.9559,11.165,-0.8,0.3,73.0
34,S34P,-8.6498,-5.9908,-6.8234,11.165,-0.8,0.3,73.0
34,S34Q,-9.3665,-7.7349,-6.2814,11.165,-0.8,0.3,73.0
34,S34R,-8.7622,-7.0852,-7.3716,11.165,-0.8,0.3,73.0
34,S34T,-6.2414,-3.7279,-3.5866,11.165,-0.8,0.3,73.0
34,S34V,-7.6099,-6.3928,-5.6808,11.165,-0.8,0.3,73.0
34,S34W,-8.2335,-8.6039,-7.8526,11.165,-0.8,0.3,73.0
34,S34Y,-7.4175,-7.8697,-7.4008,11.165,-0.8,0.3,73.0
35,P35A,-3.8762,-5.4492,-3.3766,11.045,-1.6,0.0,90.0
35,P35C,-8.1477,-9.1448,-6.3903,11.045,-1.6,0.0,90.0
35,P35D,-9.7736,-8.6623,-6.2113,11.045,-1.6,0.0,90.0
35,P35E,-8.8831,-8.9605,-5.7353,11.045,-1.6,0.0,90.0
35,P35F,-8.0253,-9.3766,-7.039,11.045,-1.6,0.0,90.0
35,P35G,-4.4733,-7.933,-5.1529,11.045,-1.6,0.0,90.0
35,P35H,-8.4852,-8.2314,-6.3151,11.045,-1.6,0.0,90.0
35,P35I,-7.4409,-8.4539,-5.7602,11.045,-1.6,0.0,90.0
35,P35K,-10.3067,-9.0457,-5.9765,11.045,-1.6,0.0,90.0
35,P35L,-7.6147,-7.4103,-5.412,11.045,-1.6,0.0,90.0
35,P35M,-9.0081,-9.2223,-6.812,11.045,-1.6,0.0,90.0
35,P35N,-8.8523,-8.059,-5.2977,11.045,-1.6,0.0,90.0
35,P35Q,-7.9128,-7.5299,-4.9454,11.045,-1.6,0.0,90.0
35,P35R,-9.3845,-8.1364,-5.9989,11.045,-1.6,0.0,90.0
35,P35S,-4.7855,-5.8926,-3.8049,11.045,-1.6,0.0,90.0
35,P35T,-6.3279,-6.7538,-4.9381,11.045,-1.6,0.0,90.0
35,P35V,-5.5904,-7.4481,-4.7809,11.045,-1.6,0.0,90.0
35,P35W,-10.0766,-10.9932,-8.6206,11.045,-1.6,0.0,90.0
35,P35Y,-8.0062,-9.4716,-7.2482,11.045,-1.6,0.0,90.0
36,C36A,-10.9011,-12.3416,-7.331,8.239,2.5,-1.0,86.0
36,C36D,-12.2541,-11.0732,-6.6251,8.239,2.5,-1.0,86.0
36,C36E,-13.7657,-13.244,-10.2815,8.239,2.5,-1.0,86.0
36,C36F,-10.0325,-10.0104,-8.9221,8.239,2.5,-1.0,86.0
36,C36G,-11.4147,-10.8874,-7.7398,8.239,2.5,-1.0,86.0
36,C36H,-12.2378,-12.4128,-10.734,8.239,2.5,-1.0,86.0
36,C36I,-12.9442,-13.967,-9.4966,8.239,2.5,-1.0,86.0
36,C36K,-14.4173,-14.8486,-10.9925,8.239,2.5,-1.0,86.0
36,C36L,-12.5508,-13.0744,-8.3302,8.239,2.5,-1.0,86.0
36,C36M,-14.2382,-13.4187,-9.9764,8.239,2.5,-1.0,86.0
36,C36N,-11.2995,-12.1009,-7.5357,8.239,2.5,-1.0,86.0
36,C36P,-12.3091,-14.123,-10.4182,8.239,2.5,-1.0,86.0
36,C36Q,-13.5053,-14.3293,-10.7776,8.239,2.5,-1.0,86.0
36,C36R,-12.2131,-11.4486,-10.9737,8.239,2.5,-1.0,86.0
36,C36S,-8.8917,-10.1429,-5.8575,8.239,2.5,-1.0,86.0
36,C36T,-11.5906,-13.0827,-8.5691,8.239,2.5,-1.0,86.0
36,C36V,-12.8199,-13.0969,-8.0539,8.239,2.5,-1.0,86.0
36,C36W,-12.3858,-11.8318,-10.0083,8.239,2.5,-1.0,86.0
36,C36Y,-8.7361,-9.7811,-9.0229,8.239,2.5,-1.0,86.0
37,P37A,-8.526,-7.3612,-4.9855,9.845,-1.6,0.0,90.0
37,P37C,-11.7241,-9.6391,-8.399,9.845,-1.6,0.0,90.0
37,P37D,-10.8177,-11.5764,-9.587,9.845,-1.6,0.0,90.0
37,P37E,-12.1837,-11.0525,-8.8916,9.845,-1.6,0.0,90.0
37,P37F,-8.8641,-9.4898,-8.063,9.845,-1.6,0.0,90.0
37,P37G,-9.0163,-8.1312,-7.2299,9.845,-1.6,0.0,90.0
37,P37H,-8.1384,-9.3661,-7.9387,9.845,-1.6,0.0,90.0
37,P37I,-9.6043,-8.2231,-7.2067,9.845,-1.6,0.0,90.0
37,P37K,-12.0608,-11.9589,-8.9732,9.845,-1.6,0.0,90.0
37,P37L,-8.5551,-7.874,-6.2812,9.845,-1.6,0.0,90.0
37,P37M,-11.4848,-8.7543,-8.1535,9.845,-1.6,0.0,90.0
37,P37N,-10.545,-9.7634,-7.9659,9.845,-1.6,0.0,90.0
37,P37Q,-11.2707,-8.453,-7.5301,9.845,-1.6,0.0,90.0
37,P37R,-10.8767,-10.7391,-8.2439,9.845,-1.6,0.0,90.0
37,P37S,-8.1749,-7.5002,-6.0507,9.845,-1.6,0.0,90.0
37,P37T,-8.8231,-7.4477,-6.5694,9.845,-1.6,0.0,90.0
37,P37V,-9.2125,-7.7105,-5.8668,9.845,-1.6,0.0,90.0
37,P37W,-11.2917,-11.5817,-9.4245,9.845,-1.6,0.0,90.0
37,P37Y,-9.3057,-10.5965,-8.565,9.845,-1.6,0.0,90.0
38,L38A,1.4331,3.0223,1.5148,7.229,3.8,-1.8,124.0
38,L38C,-2.5759,-1.7396,-2.7003,7.229,3.8,-1.8,124.0
38,L38D,-6.08,-5.4027,-5.458,7.229,3.8,-1.8,124.0
38,L38E,-4.9083,-3.7417,-4.0264,7.229,3.8,-1.8,124.0
38,L38F,0.9016,-0.2304,-0.4071,7.229,3.8,-1.8,124.0
38,L38G,0.2584,2.5209,2.0325,7.229,3.8,-1.8,124.0
38,L38H,-6.0804,-4.2457,-4.6209,7.229,3.8,-1.8,124.0
38,L38I,-1.2369,-0.4581,-1.2855,7.229,3.8,-1.8,124.0
38,L38K,-6.5027,-5.1733,-4.503,7.229,3.8,-1.8,124.0
38,L38M,3.2291,1.8044,2.3724,7.229,3.8,-1.8,124.0
38,L38N,-5.4885,-4.0434,-4.0754,7.229,3.8,-1.8,124.0
38,L38P,-3.8026,-3.4079,-3.6863,7.229,3.8,-1.8,124.0
38,L38Q,-3.9891,-2.6664,-3.2823,7.229,3.8,-1.8,124.0
38,L38R,-6.1267,-4.2676,-4.5109,7.229,3.8,-1.8,124.0
38,L38S,-2.3889,-0.8556,-1.8283,7.229,3.8,-1.8,124.0
38,L38T,-1.1349,-1.2264,-2.0489,7.229,3.8,-1.8,124.0
38,L38V,-0.0608,0.3805,-0.1597,7.229,3.8,-1.8,124.0
38,L38W,-4.6248,-2.1239,-3.7533,7.229,3.8,-1.8,124.0
38,L38Y,-3.9723,-1.3176,-3.0278,7.229,3.8,-1.8,124.0
39,L39A,-6.8111,-4.0626,-4.5932,7.195,3.8,-1.8,124.0
39,L39C,-8.4015,-7.0992,-6.9582,7.195,3.8,-1.8,124.0
39,L39D,-11.9911,-11.1203,-8.8343,7.195,3.8,-1.8,124.0
39,L39E,-10.515,-9.8376,-7.263,7.195,3.8,-1.8,124.0
39,L39F,-4.9957,-2.4728,-4.3558,7.195,3.8,-1.8,124.0
39,L39G,-9.1759,-6.9533,-7.0883,7.195,3.8,-1.8,124.0
39,L39H,-9.1064,-8.0248,-7.1033,7.195,3.8,-1.8,124.0
39,L39I,-3.2086,-2.1578,-1.9077,7.195,3.8,-1.8,124.0
39,L39K,-8.9513,-10.6218,-7.5797,7.195,3.8,-1.8,124.0
39,L39M,-1.9662,-1.9071,-1.8397,7.195,3.8,-1.8,124.0
39,L39N,-10.4961,-11.4269,-6.3583,7.195,3.8,-1.8,124.0
39,L39P,-7.7263,-6.1524,-7.4385,7.195,3.8,-1.8,124.0
39,L39Q,-8.0975,-7.8779,-5.9565,7.195,3.8,-1.8,124.0
39,L39R,-8.3134,-9.8056,-7.4345,7.195,3.8,-1.8,124.0
39,L39S,-7.7862,-6.662,-5.5882,7.195,3.8,-1.8,124.0
39,L39T,-6.3924,-5.4541,-4.7474,7.195,3.8,-1.8,124.0
39,L39V,-3.9706,-2.8396,-2.6205,7.195,3.8,-1.8,124.0
39,L39W,-8.8406,-6.0912,-6.8432,7.195,3.8,-1.8,124.0
39,L39Y,-7.4922,-5.9265,-6.0631,7.195,3.8,-1.8,124.0
40,N40A,-9.5013,-9.0756,-9.8401,12.297,-3.5,0.2,96.0
40,N40C,-9.3473,-9.8719,-10.5744,12.297,-3.5,0.2,96.0
40,N40D,-7.4443,-8.3446,-8.2154,12.297,-3.5,0.2,96.0
40,N40E,-12.6048,-11.5096,-8.9045,12.297,-3.5,0.2,96.0
40,N40F,-11.8735,-11.0899,-12.0294,12.297,-3.5,0.2,96.0
40,N40G,-10.2044,-8.7398,-9.7156,12.297,-3.5,0.2,96.0
40,N40H,-8.8288,-8.4141,-9.5133,12.297,-3.5,0.2,96.0
40,N40I,-11.207,-8.5173,-9.3398,12.297,-3.5,0.2,96.0
40,N40K,-10.3187,-10.7132,-9.4365,12.297,-3.5,0.2,96.0
40,N40L,-12.5995,-10.1093,-11.1598,12.297,-3.5,0.2,96.0
40,N40M,-12.8643,-10.4263,-10.9316,12.297,-3.5,0.2,96.0
40,N40P,-12.6691,-9.4175,-12.8168,12.297,-3.5,0.2,96.0
40,N40Q,-10.4126,-9.4203,-9.2475,12.297,-3.5,0.2,96.0
40,N40R,-11.368,-11.5744,-10.8473,12.297,-3.5,0.2,96.0
40,N40S,-8.4389,-6.9494,-7.5861,12.297,-3.5,0.2,96.0
40,N40T,-9.961,-7.318,-8.1133,12.297,-3.5,0.2,96.0
40,N40V,-9.5357,-8.9481,-10.3162,12.297,-3.5,0.2,96.0
40,N40W,-13.3743,-13.2008,-13.9559,12.297,-3.5,0.2,96.0
40,N40Y,-10.5781,-10.2252,-11.506,12.297,-3.5,0.2,96.0
41,S41A,-0.345,-0.6816,0.1138,13.002,-0.8,0.3,73.0
41,S41C,-4.2671,-3.9374,-3.9693,13.002,-0.8,0.3,73.0
41,S41D,-7.5359,-5.8938,-6.1105,13.002,-0.8,0.3,73.0
41,S41E,-7.5031,-5.3163,-6.0131,13.002,-0.8,0.3,73.0
41,S41F,-7.9321,-6.2798,-5.3532,13.002,-0.8,0.3,73.0
41,S41G,-4.5849,-3.1759,-3.3673,13.002,-0.8,0.3,73.0
41,S41H,-9.2629,-5.3021,-6.1622,13.002,-0.8,0.3,73.0
41,S41I,-4.1313,-3.0082,-2.984,13.002,-0.8,0.3,73.0
41,S41K,-8.6122,-4.9518,-6.2328,13.002,-0.8,0.3,73.0
41,S41L,-7.0073,-4.352,-3.9282,13.002,-0.8,0.3,73.0
41,S41M,-6.2299,-3.5088,-3.8735,13.002,-0.8,0.3,73.0
41,S41N,-6.6696,-2.9679,-3.9541,13.002,-0.8,0.3,73.0
41,S41P,-5.9369,-5.374,-5.2379,13.002,-0.8,0.3,73.0
41,S41Q,-7.4166,-3.4332,-5.606,13.002,-0.8,0.3,73.0
41,S41R,-8.2991,-5.1288,-6.9604,13.002,-0.8,0.3,73.0
41,S41T,1.0279,1.9306,1.2121,13.002,-0.8,0.3,73.0
41,S41V,-2.2238,-1.7946,-1.2869,13.002,-0.8,0.3,73.0
41,S41W,-10.5527,-8.267,-7.6869,13.002,-0.8,0.3,73.0
41,S41Y,-9.0442,-6.4246,-6.0275,13.002,-0.8,0.3,73.0
42,L42A,-6.1404,-4.2747,-4.5788,9.917,3.8,-1.8,124.0
42,L42C,-9.2524,-7.7456,-6.7161,9.917,3.8,-1.8,124.0
42,L42D,-12.6231,-12.747,-11.4548,9.917,3.8,-1.8,124.0
42,L42E,-11.4624,-11.0811,-10.0086,9.917,3.8,-1.8,124.0
42,L42F,-4.842,-4.1732,-3.7346,9.917,3.8,-1.8,124.0
42,L42G,-10.4024,-8.3755,-8.5269,9.917,3.8,-1.8,124.0
42,L42H,-12.3552,-9.5228,-9.2525,9.917,3.8,-1.8,124.0
42,L42I,-6.4839,-4.5865,-3.9962,9.917,3.8,-1.8,124.0
42,L42K,-12.4301,-12.527,-10.1662,9.917,3.8,-1.8,124.0
42,L42M,-3.579,-2.5845,-2.0867,9.917,3.8,-1.8,124.0
42,L42N,-11.4493,-11.2279,-8.9958,9.917,3.8,-1.8,124.0
42,L42P,-10.3443,-9.5283,-9.6481,9.917,3.8,-1.8,124.0
42,L42Q,-10.5865,-8.8604,-7.8539,9.917,3.8,-1.8,124.0
42,L42R,-12.1149,-11.3684,-10.6087,9.917,3.8,-1.8,124.0
42,L42S,-9.7618,-10.4881,-7.0498,9.917,3.8,-1.8,124.0
42,L42T,-10.4677,-10.2004,-6.5867,9.917,3.8,-1.8,124.0
42,L42V,-7.2024,-5.6421,-4.5284,9.917,3.8,-1.8,124.0
42,L42W,-10.2966,-7.2257,-7.1345,9.917,3.8,-1.8,124.0
42,L42Y,-9.2882,-6.3446,-6.8528,9.917,3.8,-1.8,124.0
43,A43C,-7.7935,-8.7612,-6.7595,14.432,1.8,-0.5,67.0
43,A43D,-9.8225,-10.0284,-8.9033,14.432,1.8,-0.5,67.0
43,A43E,-10.0045,-8.5607,-9.4332,14.432,1.8,-0.5,67.0
43,A43F,-10.494,-9.7669,-8.9701,14.432,1.8,-0.5,67.0
43,A43G,-6.7643,-5.8657,-5.5836,14.432,1.8,-0.5,67.0
43,A43H,-12.1898,-8.6619,-9.0713,14.432,1.8,-0.5,67.0
43,A43I,-10.6467,-9.197,-8.5753,14.432,1.8,-0.5,67.0
43,A43K,-12.0855,-9.1285,-9.9287,14.432,1.8,-0.5,67.0
43,A43L,-11.8117,-9.6113,-9.1989,14.432,1.8,-0.5,67.0
43,A43M,-11.1005,-9.8136,-9.2785,14.432,1.8,-0.5,67.0
43,A43N,-9.9266,-9.393,-8.4363,14.432,1.8,-0.5,67.0
43,A43P,-10.3393,-9.4954,-9.1286,14.432,1.8,-0.5,67.0
43,A43Q,-11.385,-7.8532,-9.8526,14.432,1.8,-0.5,67.0
43,A43R,-10.9812,-8.2149,-9.9176,14.432,1.8,-0.5,67.0
43,A43S,-3.1339,-4.7148,-3.4411,14.432,1.8,-0.5,67.0
43,A43T,-7.4179,-7.2781,-5.2526,14.432,1.8,-0.5,67.0
43,A43V,-7.4352,-6.458,-5.6283,14.432,1.8,-0.5,67.0
43,A43W,-11.9244,-11.4215,-10.5902,14.432,1.8,-0.5,67.0
43,A43Y,-10.165,-9.4747,-9.1943,14.432,1.8,-0.5,67.0
44,N44A,-8.6868,-5.4745,-8.1013,17.037,-3.5,0.2,96.0
44,N44C,-9.7635,-8.0781,-9.099,17.037,-3.5,0.2,96.0
44,N44D,-7.3714,-6.0731,-7.5327,17.037,-3.5,0.2,96.0
44,N44E,-10.3977,-8.5142,-9.3026,17.037,-3.5,0.2,96.0
44,N44F,-9.9797,-7.9224,-10.0196,17.037,-3.5,0.2,96.0
44,N44G,-8.6544,-6.475,-8.2603,17.037,-3.5,0.2,96.0
44,N44H,-6.7741,-6.5542,-7.394,17.037,-3.5,0.2,96.0
44,N44I,-8.1605,-7.0927,-8.3712,17.037,-3.5,0.2,96.0
44,N44K,-9.7149,-8.3472,-8.1967,17.037,-3.5,0.2,96.0
44,N44L,-9.2362,-7.0535,-9.7758,17.037,-3.5,0.2,96.0
44,N44M,-9.7146,-7.7809,-10.1727,17.037,-3.5,0.2,96.0
44,N44P,-14.2404,-10.4657,-11.9626,17.037,-3.5,0.2,96.0
44,N44Q,-8.8302,-7.341,-8.7559,17.037,-3.5,0.2,96.0
44,N44R,-10.4072,-8.5451,-9.0649,17.037,-3.5,0.2,96.0
44,N44S,-5.6404,-3.7888,-5.8525,17.037,-3.5,0.2,96.0
44,N44T,-8.1804,-5.4815,-7.8099,17.037,-3.5,0.2,96.0
44,N44V,-9.0211,-7.1311,-8.983,17.037,-3.5,0.2,96.0
44,N44W,-9.6807,-9.2108,-11.261,17.037,-3.5,0.2,96.0
44,N44Y,-8.2527,-7.4003,-9.3481,17.037,-3.5,0.2,96.0
45,H45A,-7.074,-8.5933,-8.5988,16.144,-3.2,-0.5,118.0
45,H45C,-8.22,-10.474,-10.8551,16.144,-3.2,-0.5,118.0
45,H45D,-8.4253,-9.043,-9.7071,16.144,-3.2,-0.5,118.0
45,H45E,-8.8069,-8.9246,-9.9209,16.144,-3.2,-0.5,118.0
45,H45F,-6.3033,-8.1273,-7.9751,16.144,-3.2,-0.5,118.0
45,H45G,-8.5984,-9.6337,-9.1998,16.144,-3.2,-0.5,118.0
45,H45I,-8.9872,-9.7264,-9.9024,16.144,-3.2,-0.5,118.0
45,H45K,-7.9606,-8.7145,-8.1818,16.144,-3.2,-0.5,118.0
45,H45L,-7.1546,-7.8502,-8.2001,16.144,-3.2,-0.5,118.0
45,H45M,-8.3749,-9.288,-10.4191,16.144,-3.2,-0.5,118.0
45,H45N,-5.9911,-6.5826,-6.1622,16.144,-3.2,-0.5,118.0
45,H45P,-11.361,-12.5787,-11.663,16.144,-3.2,-0.5,118.0
45,H45Q,-6.5667,-6.4468,-6.5326,16.144,-3.2,-0.5,118.0
45,H45R,-5.9849,-8.1164,-7.1521,16.144,-3.2,-0.5,118.0
45,H45S,-7.4101,-8.5119,-8.7004,16.144,-3.2,-0.5,118.0
45,H45T,-8.4842,-9.0535,-8.8595,16.144,-3.2,-0.5,118.0
45,H45V,-8.2646,-10.0843,-9.616,16.144,-3.2,-0.5,118.0
45,H45W,-7.1797,-10.419,-9.3686,16.144,-3.2,-0.5,118.0
45,H45Y,-5.0003,-6.8281,-6.6849,16.144,-3.2,-0.5,118.0
46,G46A,-4.3465,-4.3319,-5.3178,17.343,-0.4,0.0,48.0
46,G46C,-6.8475,-8.7998,-8.2715,17.343,-0.4,0.0,48.0
46,G46D,-3.6074,-3.7373,-3.9502,17.343,-0.4,0.0,48.0
46,G46E,-3.8546,-4.2096,-5.1314,17.343,-0.4,0.0,48.0
46,G46F,-7.7647,-8.4613,-8.077,17.343,-0.4,0.0,48.0
46,G46H,-5.2314,-4.6428,-5.3858,17.343,-0.4,0.0,48.0
46,G46I,-10.702,-9.9648,-9.235,17.343,-0.4,0.0,48.0
46,G46K,-5.405,-3.492,-4.5378,17.343,-0.4,0.0,48.0
46,G46L,-6.7035,-7.2008,-7.6744,17.343,-0.4,0.0,48.0
46,G46M,-8.1119,-8.0955,-8.8943,17.343,-0.4,0.0,48.0
46,G46N,-2.7666,-2.6709,-3.2005,17.343,-0.4,0.0,48.0
46,G46P,-11.1963,-11.1408,-10.2429,17.343,-0.4,0.0,48.0
46,G46Q,-4.6024,-4.4748,-5.3292,17.343,-0.4,0.0,48.0
46,G46R,-4.9865,-4.7866,-5.1202,17.343,-0.4,0.0,48.0
46,G46S,-5.7752,-4.8815,-4.7716,17.343,-0.4,0.0,48.0
46,G46T,-8.7533,-6.9307,-7.0581,17.343,-0.4,0.0,48.0
46,G46V,-9.0226,-8.4125,-8.427,17.343,-0.4,0.0,48.0
46,G46W,-9.2995,-8.9942,-8.553,17.343,-0.4,0.0,48.0
46,G46Y,-7.3476,-7.4024,-7.3093,17.343,-0.4,0.0,48.0
47,Y47A,-5.1455,-5.4994,-4.6622,14.081,-1.3,-2.3,141.0
47,Y47C,-6.8165,-7.0748,-6.5905,14.081,-1.3,-2.3,141.0
47,Y47D,-6.7012,-7.6797,-6.5312,14.081,-1.3,-2.3,141.0
47,Y47E,-6.3552,-6.8404,-6.4053,14.081,-1.3,-2.3,141.0
47,Y47F,-0.1316,-0.6987,0.2049,14.081,-1.3,-2.3,141.0
47,Y47G,-7.7553,-8.3162,-6.8902,14.081,-1.3,-2.3,141.0
47,Y47H,-3.1293,-3.8948,-3.4681,14.081,-1.3,-2.3,141.0
47,Y47I,-0.6026,-1.8886,-1.7408,14.081,-1.3,-2.3,141.0
47,Y47K,-5.9902,-6.0459,-6.367,14.081,-1.3,-2.3,141.0
47,Y47L,-2.492,-2.9219,-2.2195,14.081,-1.3,-2.3,141.0
47,Y47M,-5.229,-4.6854,-4.6439,14.081,-1.3,-2.3,141.0
47,Y47N,-5.8825,-6.1533,-5.9103,14.081,-1.3,-2.3,141.0
47,Y47P,-9.4165,-10.7299,-8.4436,14.081,-1.3,-2.3,141.0
47,Y47Q,-6.454,-6.3189,-6.0619,14.081,-1.3,-2.3,141.0
47,Y47R,-6.568,-6.5061,-6.6483,14.081,-1.3,-2.3,141.0
47,Y47S,-6.102,-6.5296,-4.9578,14.081,-1.3,-2.3,141.0
47,Y47T,-5.8033,-6.6559,-5.2239,14.081,-1.3,-2.3,141.0
47,Y47V,-2.0942,-3.0823,-3.1225,14.081,-1.3,-2.3,141.0
47,Y47W,-4.1924,-4.1806,-3.4785,14.081,-1.3,-2.3,141.0
48,L48A,-8.0972,-6.1097,-6.6104,11.189,3.8,-1.8,124.0
48,L48C,-9.688,-8.6823,-8.79,11.189,3.8,-1.8,124.0
48,L48D,-12.4273,-13.6223,-12.4694,11.189,3.8,-1.8,124.0
48,L48E,-11.7678,-12.1469,-11.3383,11.189,3.8,-1.8,124.0
48,L48F,-5.2982,-5.9349,-4.6302,11.189,3.8,-1.8,124.0
48,L48G,-10.7679,-11.0039,-10.0219,11.189,3.8,-1.8,124.0
48,L48H,-10.9953,-11.1508,-9.6625,11.189,3.8,-1.8,124.0
48,L48I,-0.8438,-1.4253,-2.3882,11.189,3.8,-1.8,124.0
48,L48K,-10.7791,-12.6522,-11.8544,11.189,3.8,-1.8,124.0
48,L48M,-4.6524,-3.9722,-5.0769,11.189,3.8,-1.8,124.0
48,L48N,-10.8681,-12.2147,-10.6369,11.189,3.8,-1.8,124.0
48,L48P,-8.3916,-11.0505,-9.4262,11.189,3.8,-1.8,124.0
48,L48Q,-9.9184,-10.5241,-9.5486,11.189,3.8,-1.8,124.0
48,L48R,-10.438,-11.2581,-11.6034,11.189,3.8,-1.8,124.0
48,L48S,-9.3422,-9.9292,-8.7585,11.189,3.8,-1.8,124.0
48,L48T,-6.8711,-8.1566,-7.7592,11.189,3.8,-1.8,124.0
48,L48V,-3.8845,-3.6244,-3.9411,11.189,3.8,-1.8,124.0
48,L48W,-9.8302,-10.03,-8.7409,11.189,3.8,-1.8,124.0
48,L48Y,-10.1629,-9.4334,-7.3865,11.189,3.8,-1.8,124.0
49,P49A,-5.7523,-3.8339,-4.2328,15.574,-1.6,0.0,90.0
49,P49C,-10.972,-9.5968,-8.1049,15.574,-1.6,0.0,90.0
49,P49D,-6.2157,-5.9158,-5.3946,15.574,-1.6,0.0,90.0
49,P49E,-6.531,-5.4229,-5.2518,15.574,-1.6,0.0,90.0
49,P49F,-9.3068,-8.7842,-7.4664,15.574,-1.6,0.0,90.0
49,P49G,-7.3778,-5.9472,-6.2095,15.574,-1.6,0.0,90.0
49,P49H,-6.6328,-6.6584,-5.558,15.574,-1.6,0.0,90.0
49,P49I,-9.8458,-7.9072,-7.3514,15.574,-1.6,0.0,90.0
49,P49K,-7.7386,-5.757,-5.2322,15.574,-1.6,0.0,90.0
49,P49L,-7.2217,-5.9151,-5.6962,15.574,-1.6,0.0,90.0
49,P49M,-9.879,-8.8684,-7.9417,15.574,-1.6,0.0,90.0
49,P49N,-6.8309,-6.8326,-4.8249,15.574,-1.6,0.0,90.0
49,P49Q,-7.0192,-5.7914,-4.5719,15.574,-1.6,0.0,90.0
49,P49R,-8.1133,-6.4645,-5.7942,15.574,-1.6,0.0,90.0
49,P49S,-5.1622,-4.2013,-3.7011,15.574,-1.6,0.0,90.0
49,P49T,-6.9734,-5.1672,-5.6431,15.574,-1.6,0.0,90.0
49,P49V,-8.8927,-6.7255,-6.0453,15.574,-1.6,0.0,90.0
49,P49W,-10.6277,-10.1305,-8.9019,15.574,-1.6,0.0,90.0
49,P49Y,-8.6971,-8.4303,-7.949,15.574,-1.6,0.0,90.0
50,H50A,-7.3168,-6.2562,-6.475,18.816,-3.2,-0.5,118.0
50,H50C,-7.5984,-7.3496,-7.4994,18.816,-3.2,-0.5,118.0
50,H50D,-9.0425,-9.2699,-8.7042,18.816,-3.2,-0.5,118.0
50,H50E,-8.9672,-8.2649,-8.5522,18.816,-3.2,-0.5,118.0
50,H50F,-6.8508,-6.802,-6.9986,18.816,-3.2,-0.5,118.0
50,H50G,-8.412,-7.1957,-5.96,18.816,-3.2,-0.5,118.0
50,H50I,-8.3742,-7.101,-7.4845,18.816,-3.2,-0.5,118.0
50,H50K,-5.4732,-4.45,-4.5208,18.816,-3.2,-0.5,118.0
50,H50L,-7.3786,-5.4937,-6.3208,18.816,-3.2,-0.5,118.0
50,H50M,-7.8891,-7.595,-8.253,18.816,-3.2,-0.5,118.0
50,H50N,-6.7638,-6.0077,-5.7776,18.816,-3.2,-0.5,118.0
50,H50P,-8.7774,-6.2711,-8.0083,18.816,-3.2,-0.5,118.0
50,H50Q,-5.6422,-5.3251,-5.6021,18.816,-3.2,-0.5,118.0
50,H50R,0.6328,1.3812,0.0389,18.816,-3.2,-0.5,118.0
50,H50S,-6.4011,-6.0259,-6.3326,18.816,-3.2,-0.5,118.0
50,H50T,-6.2166,-6.3638,-7.2682,18.816,-3.2,-0.5,118.0
50,H50V,-7.9792,-6.8967,-6.8728,18.816,-3.2,-0.5,118.0
50,H50W,-6.2396,-6.6022,-7.2215,18.816,-3.2,-0.5,118.0
50,H50Y,-6.2645,-5.4013,-6.1824,18.816,-3.2,-0.5,118.0
51,D51A,-6.1779,-3.8467,-6.1827,18.887,-3.5,3.0,91.0
51,D51C,-7.2587,-7.0749,-8.3692,18.887,-3.5,3.0,91.0
51,D51E,-5.7127,-4.3625,-5.4666,18.887,-3.5,3.0,91.0
51,D51F,-7.4325,-6.2469,-7.8712,18.887,-3.5,3.0,91.0
51,D51G,-4.9012,-3.7662,-5.5433,18.887,-3.5,3.0,91.0
51,D51H,-5.211,-3.737,-4.334,18.887,-3.5,3.0,91.0
51,D51I,-8.3707,-7.2416,-7.2282,18.887,-3.5,3.0,91.0
51,D51K,-6.9548,-5.8781,-7.3564,18.887,-3.5,3.0,91.0
51,D51L,-8.3131,-6.7042,-7.642,18.887,-3.5,3.0,91.0
51,D51M,-9.0407,-8.4652,-8.8677,18.887,-3.5,3.0,91.0
51,D51N,-0.0606,-0.3977,-0.3132,18.887,-3.5,3.0,91.0
51,D51P,-9.1985,-8.5205,-9.6693,18.887,-3.5,3.0,91.0
51,D51Q,-6.7823,-5.5689,-6.6624,18.887,-3.5,3.0,91.0
51,D51R,-7.4605,-6.678,-8.1081,18.887,-3.5,3.0,91.0
51,D51S,-1.3653,-1.0942,-1.8475,18.887,-3.5,3.0,91.0
51,D51T,-4.7429,-3.165,-3.134,18.887,-3.5,3.0,91.0
51,D51V,-7.982,-6.5992,-7.4298,18.887,-3.5,3.0,91.0
51,D51W,-8.68,-8.6684,-8.3297,18.887,-3.5,3.0,91.0
51,D51Y,-5.9456,-5.4696,-6.8576,18.887,-3.5,3.0,91.0
52,G52A,-6.2215,-5.682,-6.083,15.472,-0.4,0.0,48.0
52,G52C,-8.6812,-9.2953,-8.1364,15.472,-0.4,0.0,48.0
52,G52D,-9.0453,-8.4401,-9.7045,15.472,-0.4,0.0,48.0
52,G52E,-9.1738,-8.6132,-9.8563,15.472,-0.4,0.0,48.0
52,G52F,-10.8331,-9.5578,-9.4548,15.472,-0.4,0.0,48.0
52,G52H,-11.6507,-8.6072,-10.2165,15.472,-0.4,0.0,48.0
52,G52I,-11.6969,-11.4892,-11.3759,15.472,-0.4,0.0,48.0
52,G52K,-10.8476,-8.263,-10.6234,15.472,-0.4,0.0,48.0
52,G52L,-11.3271,-9.9835,-9.312,15.472,-0.4,0.0,48.0
52,G52M,-12.2344,-10.3613,-10.3654,15.472,-0.4,0.0,48.0
52,G52N,-9.8667,-7.5289,-9.2496,15.472,-0.4,0.0,48.0
52,G52P,-10.7208,-9.7279,-11.0329,15.472,-0.4,0.0,48.0
52,G52Q,-11.368,-8.9655,-10.6991,15.472,-0.4,0.0,48.0
52,G52R,-8.0855,-7.8294,-8.7639,15.472,-0.4,0.0,48.0
52,G52S,-7.5734,-6.6523,-7.3323,15.472,-0.4,0.0,48.0
52,G52T,-10.4708,-9.1759,-9.6952,15.472,-0.4,0.0,48.0
52,G52V,-9.2307,-9.8434,-8.9143,15.472,-0.4,0.0,48.0
52,G52W,-9.6842,-10.0105,-10.1167,15.472,-0.4,0.0,48.0
52,G52Y,-10.8724,-9.4005,-10.0095,15.472,-0.4,0.0,48.0
53,K53A,-4.935,-3.891,-4.3045,16.948,-3.9,3.0,135.0
53,K53C,-6.5262,-7.2382,-6.6533,16.948,-3.9,3.0,135.0
53,K53D,-8.3083,-7.6483,-5.7594,16.948,-3.9,3.0,135.0
53,K53E,-5.5341,-4.9363,-4.1032,16.948,-3.9,3.0,135.0
53,K53F,-5.6177,-5.8665,-4.9668,16.948,-3.9,3.0,135.0
53,K53G,-7.2259,-5.7767,-5.6618,16.948,-3.9,3.0,135.0
53,K53H,-3.7697,-2.5966,-3.2782,16.948,-3.9,3.0,135.0
53,K53I,-4.9272,-4.8207,-3.8044,16.948,-3.9,3.0,135.0
53,K53L,-3.8846,-3.7091,-3.0987,16.948,-3.9,3.0,135.0
53,K53M,-4.786,-5.1419,-4.9114,16.948,-3.9,3.0,135.0
53,K53N,-4.6969,-3.8978,-3.825,16.948,-3.9,3.0,135.0
53,K53P,-9.2085,-7.408,-8.4124,16.948,-3.9,3.0,135.0
53,K53Q,-3.8868,-2.3484,-2.6001,16.948,-3.9,3.0,135.0
53,K53R,-0.7593,-0.7284,-0.1184,16.948,-3.9,3.0,135.0
53,K53S,-5.1714,-3.3199,-3.6933,16.948,-3.9,3.0,135.0
53,K53T,-4.2398,-2.4156,-3.1492,16.948,-3.9,3.0,135.0
53,K53V,-4.7846,-3.749,-3.5233,16.948,-3.9,3.0,135.0
53,K53W,-6.22,-7.2779,-6.55,16.948,-3.9,3.0,135.0
53,K53Y,-5.1346,-5.3293,-4.5184,16.948,-3.9,3.0,135.0
54,N54A,-3.6115,-3.604,-3.7189,15.611,-3.5,0.2,96.0
54,N54C,-7.0871,-7.4082,-7.5247,15.611,-3.5,0.2,96.0
54,N54D,-2.2151,-1.867,-1.3322,15.611,-3.5,0.2,96.0
54,N54E,-4.6713,-3.9883,-3.7224,15.611,-3.5,0.2,96.0
54,N54F,-5.6256,-5.9391,-5.4698,15.611,-3.5,0.2,96.0
54,N54G,-1.9087,-1.5869,-1.9132,15.611,-3.5,0.2,96.0
54,N54H,-3.7465,-2.5457,-3.9484,15.611,-3.5,0.2,96.0
54,N54I,-6.9884,-7.4204,-7.4963,15.611,-3.5,0.2,96.0
54,N54K,-4.6444,-4.1131,-4.114,15.611,-3.5,0.2,96.0
54,N54L,-5.4115,-5.6777,-5.2195,15.611,-3.5,0.2,96.0
54,N54M,-6.707,-6.805,-5.9006,15.611,-3.5,0.2,96.0
54,N54P,-8.2416,-8.4512,-7.2394,15.611,-3.5,0.2,96.0
54,N54Q,-4.4986,-4.2167,-4.3747,15.611,-3.5,0.2,96.0
54,N54R,-5.2344,-5.0154,-5.0918,15.611,-3.5,0.2,96.0
54,N54S,-3.1027,-2.4067,-3.264,15.611,-3.5,0.2,96.0
54,N54T,-4.4757,-3.1921,-5.0983,15.611,-3.5,0.2,96.0
54,N54V,-5.9913,-6.7521,-6.976,15.611,-3.5,0.2,96.0
54,N54W,-7.7429,-7.8707,-8.0775,15.611,-3.5,0.2,96.0
54,N54Y,-5.2381,-5.2498,-4.9833,15.611,-3.5,0.2,96.0
55,I55A,-6.5446,-5.7127,-5.5779,11.305,4.5,-1.8,124.0
55,I55C,-7.936,-8.5705,-7.9587,11.305,4.5,-1.8,124.0
55,I55D,-10.8652,-11.6636,-10.0441,11.305,4.5,-1.8,124.0
55,I55E,-10.4216,-10.3574,-9.1627,11.305,4.5,-1.8,124.0
55,I55F,-5.2467,-5.2725,-4.3838,11.305,4.5,-1.8,124.0
55,I55G,-10.3677,-9.7551,-8.3558,11.305,4.5,-1.8,124.0
55,I55H,-10.2365,-9.7316,-8.4118,11.305,4.5,-1.8,124.0
55,I55K,-10.686,-10.5982,-9.8808,11.305,4.5,-1.8,124.0
55,I55L,-1.5895,-3.0219,-2.7099,11.305,4.5,-1.8,124.0
55,I55M,-4.721,-5.2838,-4.1882,11.305,4.5,-1.8,124.0
55,I55N,-8.8696,-8.7217,-6.8498,11.305,4.5,-1.8,124.0
55,I55P,-9.7255,-8.534,-9.5454,11.305,4.5,-1.8,124.0
55,I55Q,-8.7238,-9.1146,-7.5563,11.305,4.5,-1.8,124.0
55,I55R,-10.8019,-10.8688,-10.3695,11.305,4.5,-1.8,124.0
55,I55S,-8.6345,-7.7076,-7.5309,11.305,4.5,-1.8,124.0
55,I55T,-5.4416,-4.8611,-6.6407,11.305,4.5,-1.8,124.0
55,I55V,-1.892,-2.297,-2.1553,11.305,4.5,-1.8,124.0
55,I55W,-9.4776,-9.1027,-7.3059,11.305,4.5,-1.8,124.0
55,I55Y,-8.1442,-7.4709,-6.8944,11.305,4.5,-1.8,124.0
56,T56A,-3.9738,-4.4887,-3.6078,11.519,-0.7,-0.4,93.0
56,T56C,-8.4603,-9.3199,-7.9274,11.519,-0.7,-0.4,93.0
56,T56D,-2.0006,-3.2244,-2.3933,11.519,-0.7,-0.4,93.0
56,T56E,-4.2841,-5.0056,-3.7043,11.519,-0.7,-0.4,93.0
56,T56F,-7.7388,-8.9115,-6.1219,11.519,-0.7,-0.4,93.0
56,T56G,-3.9626,-4.278,-4.1441,11.519,-0.7,-0.4,93.0
56,T56H,-5.9789,-5.891,-4.4684,11.519,-0.7,-0.4,93.0
56,T56I,-6.7157,-6.9267,-5.3186,11.519,-0.7,-0.4,93.0
56,T56K,-4.9251,-4.266,-3.3782,11.519,-0.7,-0.4,93.0
56,T56L,-6.1764,-7.4808,-5.066,11.519,-0.7,-0.4,93.0
56,T56M,-7.2131,-8.2354,-6.3705,11.519,-0.7,-0.4,93.0
56,T56N,-2.2757,-3.3409,-3.0626,11.519,-0.7,-0.4,93.0
56,T56P,-3.6513,-4.3791,-2.363,11.519,-0.7,-0.4,93.0
56,T56Q,-4.6701,-5.0678,-4.2838,11.519,-0.7,-0.4,93.0
56,T56R,-5.2892,-5.6031,-4.091,11.519,-0.7,-0.4,93.0
56,T56S,-1.277,-2.3517,-1.1034,11.519,-0.7,-0.4,93.0
56,T56V,-5.9193,-6.2615,-4.878,11.519,-0.7,-0.4,93.0
56,T56W,-9.4473,-10.5731,-7.9819,11.519,-0.7,-0.4,93.0
56,T56Y,-7.5093,-8.2085,-5.2888,11.519,-0.7,-0.4,93.0
57,G57A,1.1893,1.0812,1.18,10.354,-0.4,0.0,48.0
57,G57C,-4.1459,-5.1002,-4.0868,10.354,-0.4,0.0,48.0
57,G57D,-2.0305,-0.1967,0.184,10.354,-0.4,0.0,48.0
57,G57E,-0.998,0.1485,1.5741,10.354,-0.4,0.0,48.0
57,G57F,1.1691,0.4543,1.1594,10.354,-0.4,0.0,48.0
57,G57H,-1.8635,-1.0239,-0.5664,10.354,-0.4,0.0,48.0
57,G57I,0.7505,0.3013,0.9229,10.354,-0.4,0.0,48.0
57,G57K,-1.5029,-0.31,1.4573,10.354,-0.4,0.0,48.0
57,G57L,1.528,0.8464,1.1959,10.354,-0.4,0.0,48.0
57,G57M,-0.1783,-0.9142,-0.2314,10.354,-0.4,0.0,48.0
57,G57N,-1.1959,0.1525,0.3789,10.354,-0.4,0.0,48.0
57,G57P,0.2611,0.0447,0.7092,10.354,-0.4,0.0,48.0
57,G57Q,-0.6697,0.5954,0.5224,10.354,-0.4,0.0,48.0
57,G57R,-1.445,-0.3637,0.6041,10.354,-0.4,0.0,48.0
57,G57S,0.1502,0.5549,0.6202,10.354,-0.4,0.0,48.0
57,G57T,0.4984,0.4632,0.5386,10.354,-0.4,0.0,48.0
57,G57V,1.2252,0.9018,1.2059,10.354,-0.4,0.0,48.0
57,G57W,-1.5132,-2.1967,-1.1911,10.354,-0.4,0.0,48.0
57,G57Y,0.2418,-0.5344,0.4694,10.354,-0.4,0.0,48.0
58,D58A,-1.1136,-0.3251,-0.4505,12.546,-3.5,3.0,91.0
58,D58C,-8.0939,-7.495,-6.9304,12.546,-3.5,3.0,91.0
58,D58E,-0.3033,0.1691,-0.0987,12.546,-3.5,3.0,91.0
58,D58F,-4.8855,-3.7446,-4.2724,12.546,-3.5,3.0,91.0
58,D58G,-3.1433,-2.4814,-2.305,12.546,-3.5,3.0,91.0
58,D58H,-5.0398,-3.5333,-4.0167,12.546,-3.5,3.0,91.0
58,D58I,-4.5433,-3.1773,-3.8824,12.546,-3.5,3.0,91.0
58,D58K,-3.405,-2.4497,-2.5735,12.546,-3.5,3.0,91.0
58,D58L,-3.6839,-2.4189,-3.1646,12.546,-3.5,3.0,91.0
58,D58M,-5.509,-4.4255,-5.0217,12.546,-3.5,3.0,91.0
58,D58N,-2.7901,-2.6382,-2.1242,12.546,-3.5,3.0,91.0
58,D58P,-1.2595,-0.7868,-0.8238,12.546,-3.5,3.0,91.0
58,D58Q,-2.6907,-1.5734,-2.0985,12.546,-3.5,3.0,91.0
58,D58R,-4.8726,-3.4058,-3.6785,12.546,-3.5,3.0,91.0
58,D58S,-1.8977,-1.1889,-1.2208,12.546,-3.5,3.0,91.0
58,D58T,-2.1087,-1.5639,-1.8281,12.546,-3.5,3.0,91.0
58,D58V,-3.248,-2.4101,-2.9799,12.546,-3.5,3.0,91.0
58,D58W,-6.959,-5.8225,-5.6947,12.546,-3.5,3.0,91.0
58,D58Y,-5.2185,-3.9559,-4.1731,12.546,-3.5,3.0,91.0
59,V59A,-1.3212,-0.875,-0.4275,11.676,4.2,-1.5,105.0
59,V59C,-7.0351,-6.5197,-6.4651,11.676,4.2,-1.5,105.0
59,V59D,-0.821,-0.0711,-0.278,11.676,4.2,-1.5,105.0
59,V59E,-0.8784,-0.1686,-0.1661,11.676,4.2,-1.5,105.0
59,V59F,-4.908,-4.3957,-3.1964,11.676,4.2,-1.5,105.0
59,V59G,-3.5354,-2.7499,-3.2297,11.676,4.2,-1.5,105.0
59,V59H,-4.0754,-2.6769,-2.0285,11.676,4.2,-1.5,105.0
59,V59I,-0.3738,0.1352,0.6459,11.676,4.2,-1.5,105.0
59,V59K,-3.7097,-2.5559,-1.3829,11.676,4.2,-1.5,105.0
59,V59L,-1.4514,-0.823,-0.45,11.676,4.2,-1.5,105.0
59,V59M,-1.0822,-0.6195,0.782,11.676,4.2,-1.5,105.0
59,V59N,-3.7828,-2.5147,-0.7221,11.676,4.2,-1.5,105.0
59,V59P,-6.4145,-6.8338,-5.2959,11.676,4.2,-1.5,105.0
59,V59Q,-0.9458,0.9548,0.3515,11.676,4.2,-1.5,105.0
59,V59R,-4.3848,-3.4393,-2.256,11.676,4.2,-1.5,105.0
59,V59S,-2.6839,-1.6605,-1.513,11.676,4.2,-1.5,105.0
59,V59T,-1.3879,-0.0215,0.0231,11.676,4.2,-1.5,105.0
59,V59W,-6.8923,-6.7262,-4.6287,11.676,4.2,-1.5,105.0
59,V59Y,-4.6772,-4.5277,-3.4532,11.676,4.2,-1.5,105.0
60,L60A,-0.6153,-2.1946,-0.8327,5.996,3.8,-1.8,124.0
60,L60C,-6.0399,-6.6072,-5.1297,5.996,3.8,-1.8,124.0
60,L60D,-8.7435,-9.8691,-8.2492,5.996,3.8,-1.8,124.0
60,L60E,-7.376,-8.0422,-6.3485,5.996,3.8,-1.8,124.0
60,L60F,-2.1231,-1.8043,-1.1208,5.996,3.8,-1.8,124.0
60,L60G,-5.5537,-6.6949,-4.6243,5.996,3.8,-1.8,124.0
60,L60H,-8.0418,-8.5017,-6.3509,5.996,3.8,-1.8,124.0
60,L60I,-0.0906,-1.2961,-0.5757,5.996,3.8,-1.8,124.0
60,L60K,-8.5099,-9.6417,-7.8139,5.996,3.8,-1.8,124.0
60,L60M,-2.2615,-2.4479,-1.9692,5.996,3.8,-1.8,124.0
60,L60N,-8.2024,-8.5972,-6.5346,5.996,3.8,-1.8,124.0
60,L60P,-7.2164,-9.085,-7.6216,5.996,3.8,-1.8,124.0
60,L60Q,-7.2386,-7.1073,-5.8467,5.996,3.8,-1.8,124.0
60,L60R,-8.091,-9.2157,-8.7779,5.996,3.8,-1.8,124.0
60,L60S,-4.7721,-6.4892,-4.287,5.996,3.8,-1.8,124.0
60,L60T,-2.1263,-4.3124,-2.3901,5.996,3.8,-1.8,124.0
60,L60V,0.1859,-1.0475,-0.2881,5.996,3.8,-1.8,124.0
60,L60W,-5.5206,-6.014,-4.0715,5.996,3.8,-1.8,124.0
60,L60Y,-4.4271,-4.8253,-3.9548,5.996,3.8,-1.8,124.0
61,S61A,0.4324,0.0262,0.1088,9.232,-0.8,0.3,73.0
61,S61C,-3.7942,-5.5917,-4.1386,9.232,-0.8,0.3,73.0
61,S61D,-2.5675,-1.6768,-1.4658,9.232,-0.8,0.3,73.0
61,S61E,-1.3564,-1.1304,-0.6663,9.232,-0.8,0.3,73.0
61,S61F,-1.2101,-1.5388,-1.6374,9.232,-0.8,0.3,73.0
61,S61G,-1.0453,-0.8159,-0.8427,9.232,-0.8,0.3,73.0
61,S61H,-2.2872,-1.2277,-1.5077,9.232,-0.8,0.3,73.0
61,S61I,1.0689,-1.4295,-0.3877,9.232,-0.8,0.3,73.0
61,S61K,-0.6267,-0.5144,0.3862,9.232,-0.8,0.3,73.0
61,S61L,0.5813,-1.1598,-0.5784,9.232,-0.8,0.3,73.0
61,S61M,-0.9513,-2.0254,-1.5109,9.232,-0.8,0.3,73.0
61,S61N,-0.7012,-0.567,-0.5198,9.232,-0.8,0.3,73.0
61,S61P,-3.4865,-4.8483,-3.6852,9.232,-0.8,0.3,73.0
61,S61Q,-0.3873,-0.1315,-0.1966,9.232,-0.8,0.3,73.0
61,S61R,-0.9203,-0.3491,0.1339,9.232,-0.8,0.3,73.0
61,S61T,0.7289,-0.2034,0.324,9.232,-0.8,0.3,73.0
61,S61V,1.4023,-0.6593,-0.0492,9.232,-0.8,0.3,73.0
61,S61W,-3.9202,-3.926,-3.7515,9.232,-0.8,0.3,73.0
61,S61Y,-1.7856,-1.3363,-1.8942,9.232,-0.8,0.3,73.0
62,K62A,-0.1623,-0.1067,-1.5937,11.343,-3.9,3.0,135.0
62,K62C,-5.8473,-6.1551,-6.7827,11.343,-3.9,3.0,135.0
62,K62D,0.1921,-0.4641,-1.3141,11.343,-3.9,3.0,135.0
62,K62E,0.4004,-0.0396,-1.18,11.343,-3.9,3.0,135.0
62,K62F,-3.9179,-3.5949,-4.6462,11.343,-3.9,3.0,135.0
62,K62G,-1.6449,-1.9758,-2.8698,11.343,-3.9,3.0,135.0
62,K62H,-1.6955,-1.0671,-1.7594,11.343,-3.9,3.0,135.0
62,K62I,-3.6397,-3.1248,-4.3233,11.343,-3.9,3.0,135.0
62,K62L,-2.3119,-2.1836,-3.8321,11.343,-3.9,3.0,135.0
62,K62M,-3.9753,-3.3411,-4.6806,11.343,-3.9,3.0,135.0
62,K62N,-0.4701,-0.1055,-0.7304,11.343,-3.9,3.0,135.0
62,K62P,-5.7038,-3.6066,-5.3518,11.343,-3.9,3.0,135.0
62,K62Q,0.0882,-0.0112,-0.9135,11.343,-3.9,3.0,135.0
62,K62R,-1.3018,-1.2757,-1.0628,11.343,-3.9,3.0,135.0
62,K62S,0.154,-0.0822,-1.2654,11.343,-3.9,3.0,135.0
62,K62T,-0.1006,0.0424,-0.9689,11.343,-3.9,3.0,135.0
62,K62V,-2.7484,-2.4366,-3.7332,11.343,-3.9,3.0,135.0
62,K62W,-4.6525,-4.7084,-5.4253,11.343,-3.9,3.0,135.0
62,K62Y,-2.8992,-2.8321,-3.4039,11.343,-3.9,3.0,135.0
63,A63C,-6.9095,-7.0507,-6.5673,10.378,1.8,-0.5,67.0
63,A63D,-7.6456,-8.1864,-7.0856,10.378,1.8,-0.5,67.0
63,A63E,-4.9184,-6.8149,-5.9259,10.378,1.8,-0.5,67.0
63,A63F,-8.1136,-8.2132,-6.6301,10.378,1.8,-0.5,67.0
63,A63G,-3.6181,-2.8853,-2.8465,10.378,1.8,-0.5,67.0
63,A63H,-7.4855,-7.2183,-6.9789,10.378,1.8,-0.5,67.0
63,A63I,-3.9611,-6.2903,-5.0088,10.378,1.8,-0.5,67.0
63,A63K,-7.3309,-7.7758,-6.5571,10.378,1.8,-0.5,67.0
63,A63L,-5.9497,-6.5828,-5.6792,10.378,1.8,-0.5,67.0
63,A63M,-6.4618,-7.408,-6.529,10.378,1.8,-0.5,67.0
63,A63N,-6.1789,-7.0732,-5.9784,10.378,1.8,-0.5,67.0
63,A63P,-9.7524,-7.2927,-7.2248,10.378,1.8,-0.5,67.0
63,A63Q,-6.3771,-7.0117,-6.4121,10.378,1.8,-0.5,67.0
63,A63R,-7.9399,-8.3602,-7.0015,10.378,1.8,-0.5,67.0
63,A63S,-2.5607,-3.1322,-3.089,10.378,1.8,-0.5,67.0
63,A63T,-1.6197,-3.7759,-3.7685,10.378,1.8,-0.5,67.0
63,A63V,-1.753,-4.4352,-3.4602,10.378,1.8,-0.5,67.0
63,A63W,-9.5817,-9.3671,-7.5671,10.378,1.8,-0.5,67.0
63,A63Y,-7.3979,-6.7629,-6.609,10.378,1.8,-0.5,67.0
64,I64A,-2.3237,-1.4428,-2.2029,5.148,4.5,-1.8,124.0
64,I64C,-4.793,-3.7873,-4.0097,5.148,4.5,-1.8,124.0
64,I64D,-8.8083,-8.3637,-7.775,5.148,4.5,-1.8,124.0
64,I64E,-6.931,-6.7263,-5.9739,5.148,4.5,-1.8,124.0
64,I64F,-1.9672,-0.6957,0.148,5.148,4.5,-1.8,124.0
64,I64G,-5.6724,-4.145,-4.9095,5.148,4.5,-1.8,124.0
64,I64H,-7.4696,-6.2911,-5.7443,5.148,4.5,-1.8,124.0
64,I64K,-8.0416,-7.7193,-5.9564,5.148,4.5,-1.8,124.0
64,I64L,0.9231,1.0205,1.3173,5.148,4.5,-1.8,124.0
64,I64M,-1.1878,-0.4074,-0.0496,5.148,4.5,-1.8,124.0
64,I64N,-7.7734,-6.5301,-5.4863,5.148,4.5,-1.8,124.0
64,I64P,-7.6952,-7.7381,-6.2416,5.148,4.5,-1.8,124.0
64,I64Q,-5.5382,-5.3669,-5.19,5.148,4.5,-1.8,124.0
64,I64R,-8.0633,-7.3717,-6.0492,5.148,4.5,-1.8,124.0
64,I64S,-4.6565,-3.6033,-3.9814,5.148,4.5,-1.8,124.0
64,I64T,-3.2071,-2.4289,-2.869,5.148,4.5,-1.8,124.0
64,I64V,-0.7264,-0.3852,-0.7324,5.148,4.5,-1.8,124.0
64,I64W,-6.1746,-4.0992,-3.3083,5.148,4.5,-1.8,124.0
64,I64Y,-4.9449,-3.2846,-2.6373,5.148,4.5,-1.8,124.0
65,T65A,0.6467,0.0476,-0.6536,9.603,-0.7,-0.4,93.0
65,T65C,-3.2717,-5.9123,-4.6084,9.603,-0.7,-0.4,93.0
65,T65D,-2.9576,-1.5062,-2.2912,9.603,-0.7,-0.4,93.0
65,T65E,-1.8745,-1.1013,-1.3051,9.603,-0.7,-0.4,93.0
65,T65F,-1.4751,-1.9913,-2.177,9.603,-0.7,-0.4,93.0
65,T65G,-0.4897,-0.4704,-1.1188,9.603,-0.7,-0.4,93.0
65,T65H,-1.3384,-0.4651,-1.5313,9.603,-0.7,-0.4,93.0
65,T65I,-1.0586,-2.161,-2.2092,9.603,-0.7,-0.4,93.0
65,T65K,0.1747,1.3335,0.3778,9.603,-0.7,-0.4,93.0
65,T65L,-0.9421,-1.3149,-1.7647,9.603,-0.7,-0.4,93.0
65,T65M,-1.4756,-1.8724,-1.5034,9.603,-0.7,-0.4,93.0
65,T65N,-1.3484,1.0583,-1.1696,9.603,-0.7,-0.4,93.0
65,T65P,-3.0575,-4.3566,-2.6289,9.603,-0.7,-0.4,93.0
65,T65Q,-0.5621,0.2826,-0.7613,9.603,-0.7,-0.4,93.0
65,T65R,-0.3129,0.4087,-0.8754,9.603,-0.7,-0.4,93.0
65,T65S,0.3949,0.5787,0.0045,9.603,-0.7,-0.4,93.0
65,T65V,-0.2894,-1.4833,-1.6288,9.603,-0.7,-0.4,93.0
65,T65W,-3.5459,-4.0133,-4.4633,9.603,-0.7,-0.4,93.0
65,T65Y,-1.3437,-1.9598,-2.6061,9.603,-0.7,-0.4,93.0
66,T66A,-0.4413,-0.3976,-0.8398,12.285,-0.7,-0.4,93.0
66,T66C,-5.7687,-6.0736,-6.7785,12.285,-0.7,-0.4,93.0
66,T66D,1.8279,1.1613,0.5805,12.285,-0.7,-0.4,93.0
66,T66E,1.9968,1.1038,0.461,12.285,-0.7,-0.4,93.0
66,T66F,-4.0008,-4.2795,-4.6188,12.285,-0.7,-0.4,93.0
66,T66G,-1.1433,-0.7507,-2.0423,12.285,-0.7,-0.4,93.0
66,T66H,-2.7047,-2.5319,-2.7313,12.285,-0.7,-0.4,93.0
66,T66I,-2.3699,-3.2242,-3.7479,12.285,-0.7,-0.4,93.0
66,T66K,-0.728,-0.7098,-0.6306,12.285,-0.7,-0.4,93.0
66,T66L,-1.9735,-2.6452,-3.1655,12.285,-0.7,-0.4,93.0
66,T66M,-3.246,-3.9121,-4.4663,12.285,-0.7,-0.4,93.0
66,T66N,-0.7122,-0.9833,-0.6546,12.285,-0.7,-0.4,93.0
66,T66P,-5.0528,-3.4484,-4.7302,12.285,-0.7,-0.4,93.0
66,T66Q,-0.1741,-0.6368,-1.0057,12.285,-0.7,-0.4,93.0
66,T66R,-2.4586,-2.5345,-2.6267,12.285,-0.7,-0.4,93.0
66,T66S,-0.3958,-0.1496,-0.6617,12.285,-0.7,-0.4,93.0
66,T66V,-1.511,-2.118,-2.6101,12.285,-0.7,-0.4,93.0
66,T66W,-4.8251,-5.7184,-6.5772,12.285,-0.7,-0.4,93.0
66,T66Y,-3.2769,-3.486,-3.9514,12.285,-0.7,-0.4,93.0
67,T67A,2.4487,1.6819,1.9626,11.604,-0.7,-0.4,93.0
67,T67C,-2.1396,-3.3651,-3.0449,11.604,-0.7,-0.4,93.0
67,T67D,-2.9082,-2.6608,-2.5758,11.604,-0.7,-0.4,93.0
67,T67E,-1.9953,-1.2277,-1.4335,11.604,-0.7,-0.4,93.0
67,T67F,-3.7938,-3.1156,-2.875,11.604,-0.7,-0.4,93.0
67,T67G,1.7533,3.0059,1.5802,11.604,-0.7,-0.4,93.0
67,T67H,-3.5771,-2.0572,-2.0502,11.604,-0.7,-0.4,93.0
67,T67I,-1.6835,-1.4707,-2.1266,11.604,-0.7,-0.4,93.0
67,T67K,-3.9338,-2.9394,-1.6659,11.604,-0.7,-0.4,93.0
67,T67L,-3.7086,-2.6591,-2.5428,11.604,-0.7,-0.4,93.0
67,T67M,-4.0462,-3.5643,-3.6085,11.604,-0.7,-0.4,93.0
67,T67N,-2.9946,-1.7681,-1.3277,11.604,-0.7,-0.4,93.0
67,T67P,-4.1042,-2.8719,-3.0647,11.604,-0.7,-0.4,93.0
67,T67Q,-3.4445,-2.3176,-2.0593,11.604,-0.7,-0.4,93.0
67,T67R,-4.6362,-3.6736,-2.6673,11.604,-0.7,-0.4,93.0
67,T67S,-0.2584,0.0429,0.2031,11.604,-0.7,-0.4,93.0
67,T67V,0.9263,1.0593,0.2588,11.604,-0.7,-0.4,93.0
67,T67W,-5.6159,-4.7138,-4.8628,11.604,-0.7,-0.4,93.0
67,T67Y,-2.9256,-2.2324,-2.3182,11.604,-0.7,-0.4,93.0
68,L68A,-3.8308,-3.1281,-3.2744,8.017,3.8,-1.8,124.0
68,L68C,-5.076,-4.9166,-4.3597,8.017,3.8,-1.8,124.0
68,L68D,-8.7305,-6.8824,-7.4999,8.017,3.8,-1.8,124.0
68,L68E,-7.4669,-5.6341,-6.3738,8.017,3.8,-1.8,124.0
68,L68F,-1.892,-0.065,-0.4749,8.017,3.8,-1.8,124.0
68,L68G,-6.5158,-4.4782,-5.601,8.017,3.8,-1.8,124.0
68,L68H,-7.6083,-3.1381,-4.0785,8.017,3.8,-1.8,124.0
68,L68I,-1.316,-2.4521,-1.9779,8.017,3.8,-1.8,124.0
68,L68K,-9.459,-6.5035,-6.7633,8.017,3.8,-1.8,124.0
68,L68M,-1.8419,-1.6857,-1.9104,8.017,3.8,-1.8,124.0
68,L68N,-8.2967,-4.8024,-5.1314,8.017,3.8,-1.8,124.0
68,L68P,-8.8285,-7.4743,-7.7653,8.017,3.8,-1.8,124.0
68,L68Q,-7.4945,-4.3395,-4.8311,8.017,3.8,-1.8,124.0
68,L68R,-9.8823,-6.1078,-6.2336,8.017,3.8,-1.8,124.0
68,L68S,-6.4135,-4.1021,-4.4465,8.017,3.8,-1.8,124.0
68,L68T,-4.7197,-2.9154,-3.3901,8.017,3.8,-1.8,124.0
68,L68V,-2.0262,-2.8476,-2.3883,8.017,3.8,-1.8,124.0
68,L68W,-5.2649,-2.5206,-3.7105,8.017,3.8,-1.8,124.0
68,L68Y,-3.953,-0.2992,-0.8906,8.017,3.8,-1.8,124.0
69,N69A,-4.3604,-3.1031,-4.4509,9.074,-3.5,0.2,96.0
69,N69C,-7.2948,-6.5918,-7.2568,9.074,-3.5,0.2,96.0
69,N69D,-4.9893,-3.3665,-4.5643,9.074,-3.5,0.2,96.0
69,N69E,-6.6457,-4.2418,-5.7953,9.074,-3.5,0.2,96.0
69,N69F,-6.0297,-4.6016,-6.1218,9.074,-3.5,0.2,96.0
69,N69G,-2.1953,-1.6736,-2.4659,9.074,-3.5,0.2,96.0
69,N69H,-3.3836,-1.6991,-3.0896,9.074,-3.5,0.2,96.0
69,N69I,-7.6727,-6.0942,-6.1845,9.074,-3.5,0.2,96.0
69,N69K,-4.6407,-2.7953,-3.1876,9.074,-3.5,0.2,96.0
69,N69L,-6.2721,-4.4451,-5.4792,9.074,-3.5,0.2,96.0
69,N69M,-6.8047,-5.2069,-6.7095,9.074,-3.5,0.2,96.0
69,N69P,-8.2461,-6.391,-6.3055,9.074,-3.5,0.2,96.0
69,N69Q,-5.2175,-2.8548,-4.0951,9.074,-3.5,0.2,96.0
69,N69R,-4.906,-3.3001,-4.1687,9.074,-3.5,0.2,96.0
69,N69S,-4.2239,-2.9244,-3.7114,9.074,-3.5,0.2,96.0
69,N69T,-6.1525,-4.8292,-5.6489,9.074,-3.5,0.2,96.0
69,N69V,-6.7537,-5.2724,-5.7291,9.074,-3.5,0.2,96.0
69,N69W,-8.0832,-6.4144,-8.0953,9.074,-3.5,0.2,96.0
69,N69Y,-6.2591,-4.5319,-5.5151,9.074,-3.5,0.2,96.0
70,M70A,-1.7932,-0.8372,-1.1497,4.223,1.9,-1.3,124.0
70,M70C,-3.4428,-3.8253,-3.2605,4.223,1.9,-1.3,124.0
70,M70D,-5.2997,-5.2296,-5.974,4.223,1.9,-1.3,124.0
70,M70E,-4.2412,-4.5991,-4.9141,4.223,1.9,-1.3,124.0
70,M70F,1.0035,2.1508,0.8091,4.223,1.9,-1.3,124.0
70,M70G,-3.386,-2.21,-3.62,4.223,1.9,-1.3,124.0
70,M70H,-4.1085,-3.5074,-3.8847,4.223,1.9,-1.3,124.0
70,M70I,0.5772,0.6637,0.9096,4.223,1.9,-1.3,124.0
70,M70K,-5.3686,-4.6298,-4.6056,4.223,1.9,-1.3,124.0
70,M70L,1.822,1.1637,1.1781,4.223,1.9,-1.3,124.0
70,M70N,-4.692,-3.8876,-4.0127,4.223,1.9,-1.3,124.0
70,M70P,-5.2679,-3.7557,-4.623,4.223,1.9,-1.3,124.0
70,M70Q,-2.5082,-3.3392,-3.2847,4.223,1.9,-1.3,124.0
70,M70R,-5.1291,-4.3814,-4.5676,4.223,1.9,-1.3,124.0
70,M70S,-3.6319,-2.5289,-2.703,4.223,1.9,-1.3,124.0
70,M70T,-2.4343,-1.8072,-1.7108,4.223,1.9,-1.3,124.0
70,M70V,0.2285,0.0827,0.5046,4.223,1.9,-1.3,124.0
70,M70W,-3.0365,-0.8698,-2.8611,4.223,1.9,-1.3,124.0
70,M70Y,-1.3979,0.3035,-1.1051,4.223,1.9,-1.3,124.0
71,D71A,-2.1059,-1.0826,-1.7903,7.179,-3.5,3.0,91.0
71,D71C,-7.0608,-6.9183,-6.7945,7.179,-3.5,3.0,91.0
71,D71E,-1.6684,-1.573,-1.2438,7.179,-3.5,3.0,91.0
71,D71F,-5.4139,-5.7635,-6.5923,7.179,-3.5,3.0,91.0
71,D71G,-1.4977,-0.552,-1.2971,7.179,-3.5,3.0,91.0
71,D71H,-4.1412,-2.7274,-3.2841,7.179,-3.5,3.0,91.0
71,D71I,-5.3031,-5.5054,-5.9358,7.179,-3.5,3.0,91.0
71,D71K,-4.41,-2.9565,-2.3784,7.179,-3.5,3.0,91.0
71,D71L,-4.7263,-5.1051,-5.6613,7.179,-3.5,3.0,91.0
71,D71M,-6.2756,-5.8783,-6.548,7.179,-3.5,3.0,91.0
71,D71N,-2.3723,-1.2024,-0.9927,7.179,-3.5,3.0,91.0
71,D71P,-3.2673,-0.761,-2.3584,7.179,-3.5,3.0,91.0
71,D71Q,-2.4818,-2.3676,-2.496,7.179,-3.5,3.0,91.0
71,D71R,-4.7075,-3.6009,-3.5505,7.179,-3.5,3.0,91.0
71,D71S,-1.5921,-1.4608,-0.5198,7.179,-3.5,3.0,91.0
71,D71T,-3.275,-2.5346,-1.9414,7.179,-3.5,3.0,91.0
71,D71V,-4.0671,-3.8131,-4.399,7.179,-3.5,3.0,91.0
71,D71W,-8.0384,-6.9805,-7.7459,7.179,-3.5,3.0,91.0
71,D71Y,-5.9174,-5.2663,-5.5322,7.179,-3.5,3.0,91.0
72,D72A,0.966,1.3177,1.2172,8.094,-3.5,3.0,91.0
72,D72C,-4.144,-5.7437,-5.5031,8.094,-3.5,3.0,91.0
72,D72E,1.0813,0.6869,0.5143,8.094,-3.5,3.0,91.0
72,D72F,-2.754,-1.4051,-2.2621,8.094,-3.5,3.0,91.0
72,D72G,-0.1954,-0.0319,-0.2455,8.094,-3.5,3.0,91.0
72,D72H,-2.7424,-1.7908,-2.0299,8.094,-3.5,3.0,91.0
72,D72I,-1.807,-1.0338,-1.7226,8.094,-3.5,3.0,91.0
72,D72K,-0.8372,-0.2382,-0.1347,8.094,-3.5,3.0,91.0
72,D72L,-1.1832,-0.5924,-1.0367,8.094,-3.5,3.0,91.0
72,D72M,-3.0254,-2.1975,-2.5478,8.094,-3.5,3.0,91.0
72,D72N,-1.2657,-0.5083,-0.5496,8.094,-3.5,3.0,91.0
72,D72P,2.1694,1.821,1.3747,8.094,-3.5,3.0,91.0
72,D72Q,-0.475,-0.0128,-0.1385,8.094,-3.5,3.0,91.0
72,D72R,-1.7928,-1.0009,-0.9994,8.094,-3.5,3.0,91.0
72,D72S,0.5009,0.897,0.9078,8.094,-3.5,3.0,91.0
72,D72T,-0.3254,0.2834,0.2684,8.094,-3.5,3.0,91.0
72,D72V,-0.8842,-0.2835,-0.7289,8.094,-3.5,3.0,91.0
72,D72W,-4.9722,-2.9541,-3.5856,8.094,-3.5,3.0,91.0
72,D72Y,-3.2444,-1.6431,-2.4843,8.094,-3.5,3.0,91.0
73,S73A,-0.5001,0.235,-0.258,6.623,-0.8,0.3,73.0
73,S73C,-6.0912,-5.2431,-6.0225,6.623,-0.8,0.3,73.0
73,S73D,-1.3301,-0.3696,-0.5087,6.623,-0.8,0.3,73.0
73,S73E,-1.9909,-0.524,-0.761,6.623,-0.8,0.3,73.0
73,S73F,-2.0016,-1.0324,-3.1612,6.623,-0.8,0.3,73.0
73,S73G,-0.3679,-0.0242,-0.4233,6.623,-0.8,0.3,73.0
73,S73H,-3.4708,-2.2432,-3.4822,6.623,-0.8,0.3,73.0
73,S73I,-1.8862,-0.7724,-3.1504,6.623,-0.8,0.3,73.0
73,S73K,-1.8182,-0.755,-1.0496,6.623,-0.8,0.3,73.0
73,S73L,-1.1759,-0.5653,-2.8275,6.623,-0.8,0.3,73.0
73,S73M,-3.1937,-2.1641,-3.8491,6.623,-0.8,0.3,73.0
73,S73N,-1.611,-0.2386,-0.6455,6.623,-0.8,0.3,73.0
73,S73P,-2.2523,-0.8128,-1.9636,6.623,-0.8,0.3,73.0
73,S73Q,-1.7425,-0.7227,-1.4166,6.623,-0.8,0.3,73.0
73,S73R,-2.1762,-1.1421,-2.3078,6.623,-0.8,0.3,73.0
73,S73T,-0.2539,0.174,-0.3954,6.623,-0.8,0.3,73.0
73,S73V,-1.2172,-0.2995,-1.9921,6.623,-0.8,0.3,73.0
73,S73W,-5.7079,-3.327,-5.8487,6.623,-0.8,0.3,73.0
73,S73Y,-4.0419,-2.1417,-4.0575,6.623,-0.8,0.3,73.0
74,V74A,-1.0411,-0.4063,0.1338,2.937,4.2,-1.5,105.0
74,V74C,-4.6156,-4.7744,-4.4712,2.937,4.2,-1.5,105.0
74,V74D,-4.7599,-3.2146,-2.062,2.937,4.2,-1.5,105.0
74,V74E,-4.1285,-3.2947,-1.8251,2.937,4.2,-1.5,105.0
74,V74F,-1.0414,0.9609,0.0079,2.937,4.2,-1.5,105.0
74,V74G,-2.6691,-2.0106,-1.0116,2.937,4.2,-1.5,105.0
74,V74H,-5.054,-3.3053,-3.1371,2.937,4.2,-1.5,105.0
74,V74I,-0.3681,-0.1568,-0.6051,2.937,4.2,-1.5,105.0
74,V74K,-4.3157,-3.438,-1.86,2.937,4.2,-1.5,105.0
74,V74L,0.7472,0.5728,0.3253,2.937,4.2,-1.5,105.0
74,V74M,-1.6761,-1.1061,-1.1634,2.937,4.2,-1.5,105.0
74,V74N,-3.9335,-2.4468,-1.8706,2.937,4.2,-1.5,105.0
74,V74P,-4.1107,-3.5139,-3.1049,2.937,4.2,-1.5,105.0
74,V74Q,-3.3317,-2.6144,-1.4193,2.937,4.2,-1.5,105.0
74,V74R,-4.6644,-3.3625,-2.3833,2.937,4.2,-1.5,105.0
74,V74S,-2.081,-0.7564,-0.5446,2.937,4.2,-1.5,105.0
74,V74T,-1.188,0.1109,-0.0722,2.937,4.2,-1.5,105.0
74,V74W,-4.9112,-2.713,-3.2287,2.937,4.2,-1.5,105.0
74,V74Y,-3.4958,-1.5723,-1.7449,2.937,4.2,-1.5,105.0
75,S75A,0.802,0.6938,0.598,4.784,-0.8,0.3,73.0
75,S75C,-3.8614,-5.2735,-4.3727,4.784,-0.8,0.3,73.0
75,S75D,-3.4997,-3.9405,-3.5492,4.784,-0.8,0.3,73.0
75,S75E,-3.337,-3.6194,-3.4193,4.784,-0.8,0.3,73.0
75,S75F,-3.7614,-3.079,-3.0259,4.784,-0.8,0.3,73.0
75,S75G,-0.287,-0.0647,-0.1905,4.784,-0.8,0.3,73.0
75,S75H,-3.4804,-3.6979,-4.1415,4.784,-0.8,0.3,73.0
75,S75I,-2.4683,-1.9876,-2.7744,4.784,-0.8,0.3,73.0
75,S75K,-2.2858,-2.3303,-2.2602,4.784,-0.8,0.3,73.0
75,S75L,-2.9801,-2.4041,-2.9291,4.784,-0.8,0.3,73.0
75,S75M,-3.6619,-3.0971,-3.4254,4.784,-0.8,0.3,73.0
75,S75N,-2.1957,-1.6399,-2.1339,4.784,-0.8,0.3,73.0
75,S75P,-0.9532,-2.1615,-2.7341,4.784,-0.8,0.3,73.0
75,S75Q,-2.5435,-2.3958,-2.9186,4.784,-0.8,0.3,73.0
75,S75R,-2.4278,-2.5539,-2.5096,4.784,-0.8,0.3,73.0
75,S75T,-0.6676,-0.6324,-0.9078,4.784,-0.8,0.3,73.0
75,S75V,-1.171,-1.0154,-1.7177,4.784,-0.8,0.3,73.0
75,S75W,-5.9085,-4.9528,-4.9538,4.784,-0.8,0.3,73.0
75,S75Y,-3.8265,-3.4214,-3.9018,4.784,-0.8,0.3,73.0
76,A76C,-5.8554,-5.6413,-5.7839,6.158,1.8,-0.5,67.0
76,A76D,-0.7148,-0.7219,-0.9684,6.158,1.8,-0.5,67.0
76,A76E,-1.0013,-0.6822,-1.061,6.158,1.8,-0.5,67.0
76,A76F,-1.8181,-1.9272,-2.6531,6.158,1.8,-0.5,67.0
76,A76G,0.1805,-0.5617,-0.4747,6.158,1.8,-0.5,67.0
76,A76H,-1.6904,-1.8479,-2.4431,6.158,1.8,-0.5,67.0
76,A76I,-1.4677,-1.4573,-2.1296,6.158,1.8,-0.5,67.0
76,A76K,-0.0217,0.0514,-0.4817,6.158,1.8,-0.5,67.0
76,A76L,-0.9718,-0.7873,-1.6485,6.158,1.8,-0.5,67.0
76,A76M,-2.7189,-2.0338,-3.0498,6.158,1.8,-0.5,67.0
76,A76N,0.0283,-0.2945,-0.2233,6.158,1.8,-0.5,67.0
76,A76P,-1.0497,-1.8354,-1.6755,6.158,1.8,-0.5,67.0
76,A76Q,-0.4333,-0.3433,-0.669,6.158,1.8,-0.5,67.0
76,A76R,-0.8502,-0.8109,-1.2482,6.158,1.8,-0.5,67.0
76,A76S,0.068,0.0243,0.1021,6.158,1.8,-0.5,67.0
76,A76T,0.0484,-0.0841,-0.3556,6.158,1.8,-0.5,67.0
76,A76V,-0.8106,-1.1733,-1.533,6.158,1.8,-0.5,67.0
76,A76W,-4.3654,-3.4454,-4.7773,6.158,1.8,-0.5,67.0
76,A76Y,-2.5153,-2.1533,-2.9638,6.158,1.8,-0.5,67.0
77,A77C,-4.9059,-5.218,-5.395,3.937,1.8,-0.5,67.0
77,A77D,-2.6335,-2.3527,-2.0901,3.937,1.8,-0.5,67.0
77,A77E,-2.5246,-2.0906,-1.7614,3.937,1.8,-0.5,67.0
77,A77F,0.7345,-0.1016,-0.8892,3.937,1.8,-0.5,67.0
77,A77G,-0.8509,-0.8313,-0.1441,3.937,1.8,-0.5,67.0
77,A77H,-3.4351,-2.8872,-3.7167,3.937,1.8,-0.5,67.0
77,A77I,0.6454,0.6549,-0.7949,3.937,1.8,-0.5,67.0
77,A77K,-3.2025,-1.9091,-1.5819,3.937,1.8,-0.5,67.0
77,A77L,1.1944,0.9792,-0.224,3.937,1.8,-0.5,67.0
77,A77M,-1.1443,-0.9424,-1.1703,3.937,1.8,-0.5,67.0
77,A77N,-1.8869,-1.7088,-1.3325,3.937,1.8,-0.5,67.0
77,A77P,-1.4164,-0.8178,-0.9877,3.937,1.8,-0.5,67.0
77,A77Q,-1.8902,-1.3793,-0.6374,3.937,1.8,-0.5,67.0
77,A77R,-3.2523,-2.2895,-2.2924,3.937,1.8,-0.5,67.0
77,A77S,-0.938,-0.909,-0.2785,3.937,1.8,-0.5,67.0
77,A77T,-0.076,-0.4205,-0.0819,3.937,1.8,-0.5,67.0
77,A77V,0.8005,0.4472,-0.3471,3.937,1.8,-0.5,67.0
77,A77W,-3.8502,-3.0271,-4.7461,3.937,1.8,-0.5,67.0
77,A77Y,-1.569,-1.6163,-2.6254,3.937,1.8,-0.5,67.0
78,F78A,0.2121,0.2574,0.0959,4.581,2.8,-2.5,135.0
78,F78C,-2.8331,-3.5241,-3.7436,4.581,2.8,-2.5,135.0
78,F78D,-4.6439,-4.8272,-3.0312,4.581,2.8,-2.5,135.0
78,F78E,-3.5094,-3.4833,-2.3292,4.581,2.8,-2.5,135.0
78,F78G,-1.2532,-1.3768,-1.0621,4.581,2.8,-2.5,135.0
78,F78H,-3.4616,-4.2,-3.8184,4.581,2.8,-2.5,135.0
78,F78I,0.5451,0.3938,-0.2306,4.581,2.8,-2.5,135.0
78,F78K,-5.2825,-4.9071,-2.9069,4.581,2.8,-2.5,135.0
78,F78L,0.8075,0.6072,0.7935,4.581,2.8,-2.5,135.0
78,F78M,-0.3865,-0.5577,-0.3246,4.581,2.8,-2.5,135.0
78,F78N,-3.0122,-3.4488,-2.5472,4.581,2.8,-2.5,135.0
78,F78P,-2.2345,-3.1849,-2.6455,4.581,2.8,-2.5,135.0
78,F78Q,-2.8918,-3.1547,-1.8484,4.581,2.8,-2.5,135.0
78,F78R,-5.5899,-4.618,-3.0717,4.581,2.8,-2.5,135.0
78,F78S,-1.3516,-1.1177,-1.0281,4.581,2.8,-2.5,135.0
78,F78T,-0.4603,-0.2901,-0.5418,4.581,2.8,-2.5,135.0
78,F78V,0.7173,0.4528,-0.0005,4.581,2.8,-2.5,135.0
78,F78W,-3.6691,-3.166,-3.0248,4.581,2.8,-2.5,135.0
78,F78Y,-2.1352,-1.695,-1.5553,4.581,2.8,-2.5,135.0
79,M79A,0.8967,3.3963,1.9309,6.831,1.9,-1.3,124.0
79,M79C,-3.2903,-2.2335,-1.7713,6.831,1.9,-1.3,124.0
79,M79D,0.7162,1.2511,-0.086,6.831,1.9,-1.3,124.0
79,M79E,0.3464,1.2855,-0.1368,6.831,1.9,-1.3,124.0
79,M79F,1.7806,0.8705,1.3442,6.831,1.9,-1.3,124.0
79,M79G,0.726,3.1534,1.2972,6.831,1.9,-1.3,124.0
79,M79H,-0.6021,-0.6142,-0.9558,6.831,1.9,-1.3,124.0
79,M79I,1.0442,1.5952,1.4831,6.831,1.9,-1.3,124.0
79,M79K,-0.1381,0.1082,-0.1345,6.831,1.9,-1.3,124.0
79,M79L,1.575,1.4728,1.5684,6.831,1.9,-1.3,124.0
79,M79N,0.8028,1.3182,0.4083,6.831,1.9,-1.3,124.0
79,M79P,-0.5718,-0.1626,-0.8895,6.831,1.9,-1.3,124.0
79,M79Q,0.2863,0.6603,-0.1566,6.831,1.9,-1.3,124.0
79,M79R,-0.6348,-0.5163,-0.1717,6.831,1.9,-1.3,124.0
79,M79S,1.0016,2.735,1.5079,6.831,1.9,-1.3,124.0
79,M79T,1.2334,2.5171,1.7214,6.831,1.9,-1.3,124.0
79,M79V,1.2959,2.664,2.0237,6.831,1.9,-1.3,124.0
79,M79W,-1.1872,-1.4307,-0.7681,6.831,1.9,-1.3,124.0
79,M79Y,0.867,0.5455,-0.2253,6.831,1.9,-1.3,124.0
80,A80C,-5.7955,-5.3749,-5.568,4.438,1.8,-0.5,67.0
80,A80D,-0.8039,-0.9012,-0.4851,4.438,1.8,-0.5,67.0
80,A80E,-1.3335,-0.7932,-0.791,4.438,1.8,-0.5,67.0
80,A80F,-1.4122,-0.9972,-2.278,4.438,1.8,-0.5,67.0
80,A80G,0.6204,-0.4661,0.0196,4.438,1.8,-0.5,67.0
80,A80H,-3.1647,-2.3617,-3.2857,4.438,1.8,-0.5,67.0
80,A80I,-1.6706,-0.885,-1.7787,4.438,1.8,-0.5,67.0
80,A80K,-1.5481,-1.263,-0.9969,4.438,1.8,-0.5,67.0
80,A80L,-0.8462,-0.3721,-1.3435,4.438,1.8,-0.5,67.0
80,A80M,-2.7634,-2.1655,-2.4182,4.438,1.8,-0.5,67.0
80,A80N,-0.2791,-0.7564,-0.3379,4.438,1.8,-0.5,67.0
80,A80P,-0.7322,-1.0278,-0.8273,4.438,1.8,-0.5,67.0
80,A80Q,-1.1501,-0.8511,-0.6772,4.438,1.8,-0.5,67.0
80,A80R,-2.3262,-2.0231,-1.9844,4.438,1.8,-0.5,67.0
80,A80S,-0.0749,-0.2598,-0.1501,4.438,1.8,-0.5,67.0
80,A80T,-0.2316,0.0365,0.2989,4.438,1.8,-0.5,67.0
80,A80V,-1.0925,-0.6825,-1.1597,4.438,1.8,-0.5,67.0
80,A80W,-4.2039,-2.9952,-4.2586,4.438,1.8,-0.5,67.0
80,A80Y,-2.4271,-1.4972,-3.2405,4.438,1.8,-0.5,67.0
81,A81C,-5.2261,-4.5803,-4.9667,6.171,1.8,-0.5,67.0
81,A81D,-2.8764,-3.7307,-1.577,6.171,1.8,-0.5,67.0
81,A81E,-2.5201,-3.3025,-0.9069,6.171,1.8,-0.5,67.0
81,A81F,-1.9016,-1.582,-1.0933,6.171,1.8,-0.5,67.0
81,A81G,0.5232,-0.3721,0.4796,6.171,1.8,-0.5,67.0
81,A81H,-3.566,-4.2541,-3.0255,6.171,1.8,-0.5,67.0
81,A81I,-1.7937,-0.9343,-0.9515,6.171,1.8,-0.5,67.0
81,A81K,-2.9675,-3.9791,-1.2496,6.171,1.8,-0.5,67.0
81,A81L,-0.9783,-0.8218,-0.3815,6.171,1.8,-0.5,67.0
81,A81M,-2.617,-2.1725,-1.3814,6.171,1.8,-0.5,67.0
81,A81N,-1.2974,-2.6936,-0.6519,6.171,1.8,-0.5,67.0
81,A81P,-1.0287,-2.068,0.0269,6.171,1.8,-0.5,67.0
81,A81Q,-1.7087,-3.0148,-0.1042,6.171,1.8,-0.5,67.0
81,A81R,-2.8787,-4.1444,-1.4643,6.171,1.8,-0.5,67.0
81,A81S,-0.4683,-1.1401,0.1053,6.171,1.8,-0.5,67.0
81,A81T,-0.9347,-1.2442,-0.2742,6.171,1.8,-0.5,67.0
81,A81V,-1.2038,-0.6998,-0.5068,6.171,1.8,-0.5,67.0
81,A81W,-4.9119,-4.3618,-3.9918,6.171,1.8,-0.5,67.0
81,A81Y,-2.6195,-2.655,-2.3428,6.171,1.8,-0.5,67.0
82,L82A,4.2175,1.0596,3.2149,8.896,3.8,-1.8,124.0
82,L82C,-0.9627,-2.9744,-1.4278,8.896,3.8,-1.8,124.0
82,L82D,-1.6155,-4.3888,-1.6631,8.896,3.8,-1.8,124.0
82,L82E,-1.3798,-3.5417,-1.4805,8.896,3.8,-1.8,124.0
82,L82F,-0.1978,-0.0297,-0.4904,8.896,3.8,-1.8,124.0
82,L82G,3.7157,-0.4301,2.7393,8.896,3.8,-1.8,124.0
82,L82H,-2.0059,-3.5403,-2.7611,8.896,3.8,-1.8,124.0
82,L82I,-0.2637,-0.19,0.1368,8.896,3.8,-1.8,124.0
82,L82K,-1.5974,-4.0591,-2.3765,8.896,3.8,-1.8,124.0
82,L82M,-0.8336,-1.1479,-0.7774,8.896,3.8,-1.8,124.0
82,L82N,-0.7282,-2.9863,-0.4821,8.896,3.8,-1.8,124.0
82,L82P,0.657,-4.2779,-0.9697,8.896,3.8,-1.8,124.0
82,L82Q,-1.027,-3.0039,-1.7669,8.896,3.8,-1.8,124.0
82,L82R,-1.8539,-3.8017,-2.4059,8.896,3.8,-1.8,124.0
82,L82S,2.2116,-0.5612,1.3611,8.896,3.8,-1.8,124.0
82,L82T,1.0266,-0.7338,0.7598,8.896,3.8,-1.8,124.0
82,L82V,0.7519,0.1213,0.9417,8.896,3.8,-1.8,124.0
82,L82W,-2.3676,-2.4153,-2.6156,8.896,3.8,-1.8,124.0
82,L82Y,-0.6341,-0.7212,-1.7624,8.896,3.8,-1.8,124.0
83,R83A,0.6844,0.9557,1.4797,9.715,-4.5,3.0,148.0
83,R83C,-3.7177,-3.0612,-2.7768,9.715,-4.5,3.0,148.0
83,R83D,-0.1118,-0.5072,0.3134,9.715,-4.5,3.0,148.0
83,R83E,0.0283,-0.0664,0.3884,9.715,-4.5,3.0,148.0
83,R83F,-0.0633,-0.181,0.5232,9.715,-4.5,3.0,148.0
83,R83G,0.8875,0.4501,1.505,9.715,-4.5,3.0,148.0
83,R83H,-0.8828,-0.7969,-0.7072,9.715,-4.5,3.0,148.0
83,R83I,-1.0776,0.1164,0.1913,9.715,-4.5,3.0,148.0
83,R83K,1.1149,0.8627,1.5346,9.715,-4.5,3.0,148.0
83,R83L,-0.108,0.789,0.8716,9.715,-4.5,3.0,148.0
83,R83M,-1.7902,-0.7268,-0.363,9.715,-4.5,3.0,148.0
83,R83N,0.4936,1.3384,0.8723,9.715,-4.5,3.0,148.0
83,R83P,0.8848,-0.6097,2.259,9.715,-4.5,3.0,148.0
83,R83Q,0.4645,0.7068,0.6683,9.715,-4.5,3.0,148.0
83,R83S,0.7262,1.1016,1.187,9.715,-4.5,3.0,148.0
83,R83T,0.3542,1.1516,1.0786,9.715,-4.5,3.0,148.0
83,R83V,-0.4754,0.5826,0.8093,9.715,-4.5,3.0,148.0
83,R83W,-2.8495,-2.4924,-1.6807,9.715,-4.5,3.0,148.0
83,R83Y,-0.5467,-0.7753,-0.4049,9.715,-4.5,3.0,148.0
84,N84A,0.8242,1.007,0.8708,13.127,-3.5,0.2,96.0
84,N84C,-3.9517,-3.9192,-3.9728,13.127,-3.5,0.2,96.0
84,N84D,-0.4319,-0.6153,0.2688,13.127,-3.5,0.2,96.0
84,N84E,-0.4502,-0.7541,0.1082,13.127,-3.5,0.2,96.0
84,N84F,-1.0204,-0.8796,-1.6576,13.127,-3.5,0.2,96.0
84,N84G,0.6217,0.0179,0.9774,13.127,-3.5,0.2,96.0
84,N84H,-1.4518,-1.0835,-2.3097,13.127,-3.5,0.2,96.0
84,N84I,-0.682,-0.5614,-1.5888,13.127,-3.5,0.2,96.0
84,N84K,-0.1292,-0.141,0.2917,13.127,-3.5,0.2,96.0
84,N84L,0.3447,0.0786,-0.6026,13.127,-3.5,0.2,96.0
84,N84M,-1.8765,-1.6433,-2.2107,13.127,-3.5,0.2,96.0
84,N84P,0.4839,-0.0858,1.2416,13.127,-3.5,0.2,96.0
84,N84Q,-0.1884,-0.5092,0.0671,13.127,-3.5,0.2,96.0
84,N84R,-0.8281,-1.113,-0.775,13.127,-3.5,0.2,96.0
84,N84S,0.8108,0.5531,0.8347,13.127,-3.5,0.2,96.0
84,N84T,0.733,0.5372,0.641,13.127,-3.5,0.2,96.0
84,N84V,-0.0727,0.0147,-0.8575,13.127,-3.5,0.2,96.0
84,N84W,-4.1439,-3.2992,-3.5993,13.127,-3.5,0.2,96.0
84,N84Y,-1.5794,-1.0385,-2.2988,13.127,-3.5,0.2,96.0
85,S85A,-0.9595,0.0839,-0.1909,16.667,-0.8,0.3,73.0
85,S85C,-4.0972,-4.2626,-3.5002,16.667,-0.8,0.3,73.0
85,S85D,-0.8925,-1.2769,-0.671,16.667,-0.8,0.3,73.0
85,S85E,-1.2305,-2.1539,-0.9498,16.667,-0.8,0.3,73.0
85,S85F,-2.0367,-2.3841,-2.0591,16.667,-0.8,0.3,73.0
85,S85G,1.2453,-0.232,0.4225,16.667,-0.8,0.3,73.0
85,S85H,-1.7672,-2.7699,-2.0169,16.667,-0.8,0.3,73.0
85,S85I,-2.003,-1.8894,-1.75,16.667,-0.8,0.3,73.0
85,S85K,-1.1415,-1.7328,-0.487,16.667,-0.8,0.3,73.0
85,S85L,-1.5303,-1.6277,-1.1832,16.667,-0.8,0.3,73.0
85,S85M,-3.1187,-3.0442,-2.2202,16.667,-0.8,0.3,73.0
85,S85N,1.5808,0.3076,0.6361,16.667,-0.8,0.3,73.0
85,S85P,-0.4311,-0.364,-0.0281,16.667,-0.8,0.3,73.0
85,S85Q,-1.1997,-2.0556,-0.5183,16.667,-0.8,0.3,73.0
85,S85R,-1.7451,-2.3541,-0.9958,16.667,-0.8,0.3,73.0
85,S85T,-0.1023,-0.3902,0.4296,16.667,-0.8,0.3,73.0
85,S85V,-1.0954,-1.0408,-0.9952,16.667,-0.8,0.3,73.0
85,S85W,-5.0616,-4.8908,-3.964,16.667,-0.8,0.3,73.0
85,S85Y,-2.2008,-2.9069,-2.2606,16.667,-0.8,0.3,73.0
86,I86A,2.7631,2.0159,0.8046,16.935,4.5,-1.8,124.0
86,I86C,-1.3551,-2.9179,-1.6918,16.935,4.5,-1.8,124.0
86,I86D,2.0211,2.619,1.6533,16.935,4.5,-1.8,124.0
86,I86E,0.898,0.9439,0.6281,16.935,4.5,-1.8,124.0
86,I86F,-0.2411,-0.1673,0.0971,16.935,4.5,-1.8,124.0
86,I86G,3.6359,2.1431,1.8051,16.935,4.5,-1.8,124.0
86,I86H,-0.1261,-0.3267,-0.6059,16.935,4.5,-1.8,124.0
86,I86K,1.0685,1.5135,0.5588,16.935,4.5,-1.8,124.0
86,I86L,0.2088,0.3774,0.8454,16.935,4.5,-1.8,124.0
86,I86M,-1.1204,-1.0865,-0.9766,16.935,4.5,-1.8,124.0
86,I86N,4.2116,4.1017,2.2822,16.935,4.5,-1.8,124.0
86,I86P,2.5455,2.1845,1.7707,16.935,4.5,-1.8,124.0
86,I86Q,0.8893,0.7865,0.2224,16.935,4.5,-1.8,124.0
86,I86R,0.1029,0.3301,-0.2721,16.935,4.5,-1.8,124.0
86,I86S,3.5116,3.4426,1.5565,16.935,4.5,-1.8,124.0
86,I86T,2.882,3.773,2.3547,16.935,4.5,-1.8,124.0
86,I86V,0.9745,0.5542,0.5745,16.935,4.5,-1.8,124.0
86,I86W,-2.6302,-2.2053,-1.7652,16.935,4.5,-1.8,124.0
86,I86Y,-0.564,-0.7322,-0.3418,16.935,4.5,-1.8,124.0
87,T87A,-0.4794,-0.2248,0.254,18.27,-0.7,-0.4,93.0
87,T87C,-4.4138,-4.2268,-3.0476,18.27,-0.7,-0.4,93.0
87,T87D,-1.1242,-0.1252,-0.3546,18.27,-0.7,-0.4,93.0
87,T87E,-1.6031,-1.1382,-0.2605,18.27,-0.7,-0.4,93.0
87,T87F,-2.2599,-1.6419,-1.8997,18.27,-0.7,-0.4,93.0
87,T87G,0.3611,0.4624,1.4168,18.27,-0.7,-0.4,93.0
87,T87H,-2.7282,-1.9221,-1.6851,18.27,-0.7,-0.4,93.0
87,T87I,-2.0357,-1.83,-1.8311,18.27,-0.7,-0.4,93.0
87,T87K,-1.4539,-1.02,-0.1714,18.27,-0.7,-0.4,93.0
87,T87L,-1.3566,-1.273,-1.4625,18.27,-0.7,-0.4,93.0
87,T87M,-3.5767,-3.3977,-3.2786,18.27,-0.7,-0.4,93.0
87,T87N,-1.0458,-0.203,-0.2076,18.27,-0.7,-0.4,93.0
87,T87P,0.7452,1.3336,1.3213,18.27,-0.7,-0.4,93.0
87,T87Q,-1.7208,-1.5316,-0.7558,18.27,-0.7,-0.4,93.0
87,T87R,-2.2296,-1.9791,-1.3908,18.27,-0.7,-0.4,93.0
87,T87S,-0.2122,0.2907,0.1786,18.27,-0.7,-0.4,93.0
87,T87V,-1.3646,-1.2254,-0.7931,18.27,-0.7,-0.4,93.0
87,T87W,-4.6157,-4.0655,-3.3307,18.27,-0.7,-0.4,93.0
87,T87Y,-2.8335,-2.3264,-2.1137,18.27,-0.7,-0.4,93.0
88,T88A,-1.3997,-1.052,-0.5722,16.915,-0.7,-0.4,93.0
88,T88C,-5.3132,-5.4417,-3.9505,16.915,-0.7,-0.4,93.0
88,T88D,-0.5563,0.308,0.1974,16.915,-0.7,-0.4,93.0
88,T88E,-1.7517,-1.1466,-1.0459,16.915,-0.7,-0.4,93.0
88,T88F,-3.566,-3.2525,-2.2186,16.915,-0.7,-0.4,93.0
88,T88G,-0.2445,0.9347,0.875,16.915,-0.7,-0.4,93.0
88,T88H,-3.4874,-2.233,-1.5543,16.915,-0.7,-0.4,93.0
88,T88I,-2.7507,-3.1523,-2.0352,16.915,-0.7,-0.4,93.0
88,T88K,-2.0308,-1.3675,-0.3859,16.915,-0.7,-0.4,93.0
88,T88L,-2.4525,-2.5381,-1.5768,16.915,-0.7,-0.4,93.0
88,T88M,-4.6698,-4.3888,-3.0249,16.915,-0.7,-0.4,93.0
88,T88N,-0.9719,0.1555,0.6625,16.915,-0.7,-0.4,93.0
88,T88P,-0.0629,-0.1181,0.1195,16.915,-0.7,-0.4,93.0
88,T88Q,-2.5616,-1.9018,-1.4165,16.915,-0.7,-0.4,93.0
88,T88R,-2.9953,-2.4818,-1.5505,16.915,-0.7,-0.4,93.0
88,T88S,-0.3188,0.1223,0.1834,16.915,-0.7,-0.4,93.0
88,T88V,-1.8439,-2.3763,-1.3813,16.915,-0.7,-0.4,93.0
88,T88W,-5.8413,-5.7276,-4.1659,16.915,-0.7,-0.4,93.0
88,T88Y,-3.9272,-3.5234,-2.4515,16.915,-0.7,-0.4,93.0
89,A89C,-4.4553,-5.4496,-3.6218,13.877,1.8,-0.5,67.0
89,A89D,-0.0501,0.0122,-0.6775,13.877,1.8,-0.5,67.0
89,A89E,-0.3371,-0.1849,-0.8267,13.877,1.8,-0.5,67.0
89,A89F,-2.6394,-3.6589,-2.5591,13.877,1.8,-0.5,67.0
89,A89G,0.5008,0.8358,-0.0766,13.877,1.8,-0.5,67.0
89,A89H,-2.5955,-2.0409,-1.8738,13.877,1.8,-0.5,67.0
89,A89I,-1.5435,-3.2216,-2.3243,13.877,1.8,-0.5,67.0
89,A89K,-1.1126,-0.4592,-0.3607,13.877,1.8,-0.5,67.0
89,A89L,-1.1366,-2.4064,-1.8315,13.877,1.8,-0.5,67.0
89,A89M,-3.0326,-4.2227,-2.9283,13.877,1.8,-0.5,67.0
89,A89N,1.7307,1.2982,0.6366,13.877,1.8,-0.5,67.0
89,A89P,1.5724,0.6428,0.3151,13.877,1.8,-0.5,67.0
89,A89Q,-1.4074,-0.7705,-1.2585,13.877,1.8,-0.5,67.0
89,A89R,-1.8067,-1.7489,-1.6249,13.877,1.8,-0.5,67.0
89,A89S,0.2659,0.5325,0.9636,13.877,1.8,-0.5,67.0
89,A89T,0.3792,0.0521,1.1223,13.877,1.8,-0.5,67.0
89,A89V,-1.0338,-2.0796,-1.6542,13.877,1.8,-0.5,67.0
89,A89W,-4.6363,-5.0317,-4.0015,13.877,1.8,-0.5,67.0
89,A89Y,-2.955,-3.4972,-2.5919,13.877,1.8,-0.5,67.0
90,E90A,-0.9983,-0.8207,-0.4127,13.404,-3.5,3.0,109.0
90,E90C,-5.344,-6.5212,-3.6159,13.404,-3.5,3.0,109.0
90,E90D,-0.0738,0.4655,0.3554,13.404,-3.5,3.0,109.0
90,E90F,-3.7463,-3.4005,-3.4053,13.404,-3.5,3.0,109.0
90,E90G,-1.3723,-0.0974,-0.1504,13.404,-3.5,3.0,109.0
90,E90H,-2.9583,-2.4502,-1.9088,13.404,-3.5,3.0,109.0
90,E90I,-3.9243,-3.627,-3.5341,13.404,-3.5,3.0,109.0
90,E90K,-1.5419,-0.5672,-0.6838,13.404,-3.5,3.0,109.0
90,E90L,-2.8762,-2.7244,-4.0539,13.404,-3.5,3.0,109.0
90,E90M,-4.3393,-4.3028,-4.1176,13.404,-3.5,3.0,109.0
90,E90N,-1.1336,-0.2696,0.2782,13.404,-3.5,3.0,109.0
90,E90P,-1.8098,0.2295,-0.5166,13.404,-3.5,3.0,109.0
90,E90Q,-1.2501,-0.9596,-0.9348,13.404,-3.5,3.0,109.0
90,E90R,-2.6846,-1.9151,-1.5838,13.404,-3.5,3.0,109.0
90,E90S,-0.5037,0.128,0.6386,13.404,-3.5,3.0,109.0
90,E90T,0.1152,0.8128,0.7422,13.404,-3.5,3.0,109.0
90,E90V,-3.0797,-2.6709,-2.0222,13.404,-3.5,3.0,109.0
90,E90W,-5.9942,-5.3883,-4.7228,13.404,-3.5,3.0,109.0
90,E90Y,-3.7932,-3.4652,-2.478,13.404,-3.5,3.0,109.0
91,T91A,-1.9746,-2.459,-2.5151,13.231,-0.7,-0.4,93.0
91,T91C,-5.1601,-6.1246,-4.7639,13.231,-0.7,-0.4,93.0
91,T91D,-2.5881,-3.1329,-2.8239,13.231,-0.7,-0.4,93.0
91,T91E,-2.4484,-2.8061,-2.9733,13.231,-0.7,-0.4,93.0
91,T91F,-3.1166,-1.8882,-2.6979,13.231,-0.7,-0.4,93.0
91,T91G,-2.4336,-2.6634,-2.5883,13.231,-0.7,-0.4,93.0
91,T91H,-2.438,-1.794,-3.0622,13.231,-0.7,-0.4,93.0
91,T91I,-2.2733,-3.0801,-3.4656,13.231,-0.7,-0.4,93.0
91,T91K,-1.7612,-2.2823,-2.8443,13.231,-0.7,-0.4,93.0
91,T91L,-2.2392,-3.1026,-3.2576,13.231,-0.7,-0.4,93.0
91,T91M,-3.8005,-4.6632,-3.9207,13.231,-0.7,-0.4,93.0
91,T91N,-2.1231,-2.2041,-1.981,13.231,-0.7,-0.4,93.0
91,T91P,-2.0487,-2.7158,-3.2235,13.231,-0.7,-0.4,93.0
91,T91Q,-2.2741,-2.8616,-2.9325,13.231,-0.7,-0.4,93.0
91,T91R,-2.638,-2.8741,-3.0113,13.231,-0.7,-0.4,93.0
91,T91S,-0.8451,-1.2112,-0.9917,13.231,-0.7,-0.4,93.0
91,T91V,-1.7285,-2.2294,-2.5631,13.231,-0.7,-0.4,93.0
91,T91W,-5.3613,-3.8875,-4.2544,13.231,-0.7,-0.4,93.0
91,T91Y,-2.862,-1.3341,-2.7347,13.231,-0.7,-0.4,93.0
92,F92A,-4.4352,-4.4001,-4.6483,8.886,2.8,-2.5,135.0
92,F92C,-6.0228,-6.2426,-5.151,8.886,2.8,-2.5,135.0
92,F92D,-6.5876,-8.3019,-8.1949,8.886,2.8,-2.5,135.0
92,F92E,-7.0338,-7.8179,-8.0184,8.886,2.8,-2.5,135.0
92,F92G,-5.2819,-6.7348,-6.5501,8.886,2.8,-2.5,135.0
92,F92H,-5.8084,-6.328,-6.0122,8.886,2.8,-2.5,135.0
92,F92I,-2.8521,-0.4573,-2.2679,8.886,2.8,-2.5,135.0
92,F92K,-6.148,-7.2384,-7.3487,8.886,2.8,-2.5,135.0
92,F92L,-2.1831,-0.8304,-2.1034,8.886,2.8,-2.5,135.0
92,F92M,-3.4813,-3.0828,-3.6471,8.886,2.8,-2.5,135.0
92,F92N,-5.7435,-6.8381,-7.2291,8.886,2.8,-2.5,135.0
92,F92P,-5.6735,-5.2218,-5.8452,8.886,2.8,-2.5,135.0
92,F92Q,-6.0907,-6.5147,-6.5762,8.886,2.8,-2.5,135.0
92,F92R,-5.9114,-7.2244,-6.334,8.886,2.8,-2.5,135.0
92,F92S,-4.7833,-6.2236,-5.1019,8.886,2.8,-2.5,135.0
92,F92T,-3.8189,-4.8912,-4.4544,8.886,2.8,-2.5,135.0
92,F92V,-3.4032,-1.7684,-2.6588,8.886,2.8,-2.5,135.0
92,F92W,-3.5441,-4.1366,-3.5374,8.886,2.8,-2.5,135.0
92,F92Y,-2.9624,-3.0459,-2.9341,8.886,2.8,-2.5,135.0
93,S93A,-3.3054,-2.8123,-3.4176,12.725,-0.8,0.3,73.0
93,S93C,-4.8791,-5.9407,-4.5868,12.725,-0.8,0.3,73.0
93,S93D,0.1236,-0.336,0.5737,12.725,-0.8,0.3,73.0
93,S93E,-3.5556,-2.6515,-4.0059,12.725,-0.8,0.3,73.0
93,S93F,-4.5462,-5.1592,-5.4622,12.725,-0.8,0.3,73.0
93,S93G,-3.2851,-3.2172,-3.1181,12.725,-0.8,0.3,73.0
93,S93H,-2.1604,-2.9107,-2.0417,12.725,-0.8,0.3,73.0
93,S93I,-4.1931,-4.6539,-5.6705,12.725,-0.8,0.3,73.0
93,S93K,-2.9207,-2.3332,-4.6979,12.725,-0.8,0.3,73.0
93,S93L,-4.1268,-4.5956,-6.1556,12.725,-0.8,0.3,73.0
93,S93M,-5.7079,-6.0616,-6.0118,12.725,-0.8,0.3,73.0
93,S93N,0.3012,-0.5344,0.577,12.725,-0.8,0.3,73.0
93,S93P,-3.2913,-2.6253,-6.1837,12.725,-0.8,0.3,73.0
93,S93Q,-3.4894,-2.7472,-4.2521,12.725,-0.8,0.3,73.0
93,S93R,-3.167,-2.4056,-4.9809,12.725,-0.8,0.3,73.0
93,S93T,-0.3474,-1.462,-1.0071,12.725,-0.8,0.3,73.0
93,S93V,-3.435,-3.5631,-4.7598,12.725,-0.8,0.3,73.0
93,S93W,-6.5932,-6.722,-6.1611,12.725,-0.8,0.3,73.0
93,S93Y,-3.9805,-4.2013,-4.9294,12.725,-0.8,0.3,73.0
94,L94A,-7.6767,-6.6885,-6.0123,11.718,3.8,-1.8,124.0
94,L94C,-9.3042,-8.9984,-7.6857,11.718,3.8,-1.8,124.0
94,L94D,-10.9168,-10.0248,-8.8171,11.718,3.8,-1.8,124.0
94,L94E,-9.9265,-8.6205,-8.4139,11.718,3.8,-1.8,124.0
94,L94F,-4.8696,-3.9663,-5.3013,11.718,3.8,-1.8,124.0
94,L94G,-9.3324,-9.0686,-8.6543,11.718,3.8,-1.8,124.0
94,L94H,-8.7689,-7.8584,-8.2862,11.718,3.8,-1.8,124.0
94,L94I,-3.0862,-3.4739,-3.8345,11.718,3.8,-1.8,124.0
94,L94K,-9.395,-7.6226,-8.374,11.718,3.8,-1.8,124.0
94,L94M,-4.1295,-4.4281,-4.7524,11.718,3.8,-1.8,124.0
94,L94N,-9.0166,-8.3862,-8.3039,11.718,3.8,-1.8,124.0
94,L94P,-7.3718,-6.7672,-7.3558,11.718,3.8,-1.8,124.0
94,L94Q,-8.3562,-7.3032,-7.8193,11.718,3.8,-1.8,124.0
94,L94R,-8.5784,-7.2318,-8.4363,11.718,3.8,-1.8,124.0
94,L94S,-8.3273,-7.8915,-7.6612,11.718,3.8,-1.8,124.0
94,L94T,-7.3787,-6.6667,-6.5138,11.718,3.8,-1.8,124.0
94,L94V,-5.1667,-4.4683,-4.6666,11.718,3.8,-1.8,124.0
94,L94W,-7.6414,-7.3987,-7.4774,11.718,3.8,-1.8,124.0
94,L94Y,-7.7402,-6.126,-7.2347,11.718,3.8,-1.8,124.0
95,D95A,0.1822,-0.6148,-2.266,14.522,-3.5,3.0,91.0
95,D95C,-5.7519,-7.5175,-8.0302,14.522,-3.5,3.0,91.0
95,D95E,-0.6049,-0.7041,-1.1736,14.522,-3.5,3.0,91.0
95,D95F,-3.8907,-4.437,-5.7438,14.522,-3.5,3.0,91.0
95,D95G,-1.5184,-2.9171,-3.6896,14.522,-3.5,3.0,91.0
95,D95H,-3.5598,-3.3896,-4.2232,14.522,-3.5,3.0,91.0
95,D95I,-3.235,-3.8517,-5.0396,14.522,-3.5,3.0,91.0
95,D95K,-2.1906,-2.6608,-4.5658,14.522,-3.5,3.0,91.0
95,D95L,-2.5634,-3.2056,-4.338,14.522,-3.5,3.0,91.0
95,D95M,-4.5627,-5.1716,-5.7968,14.522,-3.5,3.0,91.0
95,D95N,-1.612,-2.1143,-1.9193,14.522,-3.5,3.0,91.0
95,D95P,-2.006,-2.6475,-4.7025,14.522,-3.5,3.0,91.0
95,D95Q,-1.8945,-2.4359,-3.6392,14.522,-3.5,3.0,91.0
95,D95R,-3.1761,-3.697,-5.677,14.522,-3.5,3.0,91.0
95,D95S,-0.8552,-1.3202,-2.8626,14.522,-3.5,3.0,91.0
95,D95T,-1.0652,-1.5381,-3.3715,14.522,-3.5,3.0,91.0
95,D95V,-1.9329,-2.5798,-4.0512,14.522,-3.5,3.0,91.0
95,D95W,-5.6034,-6.3585,-6.8684,14.522,-3.5,3.0,91.0
95,D95Y,-3.9767,-3.7747,-5.1675,14.522,-3.5,3.0,91.0
96,E96A,-1.195,-1.1903,-1.03,12.49,-3.5,3.0,109.0
96,E96C,-5.0938,-4.5189,-5.2494,12.49,-3.5,3.0,109.0
96,E96D,2.1641,3.6338,2.4263,12.49,-3.5,3.0,109.0
96,E96F,-2.8281,-2.1148,-2.2163,12.49,-3.5,3.0,109.0
96,E96G,-2.5072,-1.1665,-2.191,12.49,-3.5,3.0,109.0
96,E96H,-1.4681,-0.6863,-1.0347,12.49,-3.5,3.0,109.0
96,E96I,-3.2901,-2.6948,-2.7175,12.49,-3.5,3.0,109.0
96,E96K,-3.3442,-3.0433,-3.4369,12.49,-3.5,3.0,109.0
96,E96L,-2.6629,-1.8459,-1.788,12.49,-3.5,3.0,109.0
96,E96M,-3.302,-3.0977,-2.0276,12.49,-3.5,3.0,109.0
96,E96N,-0.6073,0.0094,-0.8423,12.49,-3.5,3.0,109.0
96,E96P,-6.1192,-5.5457,-5.3409,12.49,-3.5,3.0,109.0
96,E96Q,-0.7452,-1.6108,-0.5254,12.49,-3.5,3.0,109.0
96,E96R,-3.8267,-3.5032,-4.2044,12.49,-3.5,3.0,109.0
96,E96S,-1.2867,-1.1533,-1.3488,12.49,-3.5,3.0,109.0
96,E96T,-1.805,-1.536,-1.7388,12.49,-3.5,3.0,109.0
96,E96V,-2.5303,-2.1336,-2.122,12.49,-3.5,3.0,109.0
96,E96W,-4.1722,-3.5531,-3.6148,12.49,-3.5,3.0,109.0
96,E96Y,-2.8047,-1.9155,-1.9979,12.49,-3.5,3.0,109.0
97,L97A,-6.579,-5.1236,-4.9798,8.055,3.8,-1.8,124.0
97,L97C,-7.5319,-7.5648,-6.7495,8.055,3.8,-1.8,124.0
97,L97D,-9.895,-9.4336,-10.8839,8.055,3.8,-1.8,124.0
97,L97E,-9.6077,-8.0405,-9.3262,8.055,3.8,-1.8,124.0
97,L97F,-4.5018,-2.2423,-4.0118,8.055,3.8,-1.8,124.0
97,L97G,-9.2912,-8.1631,-7.9751,8.055,3.8,-1.8,124.0
97,L97H,-8.906,-6.3995,-7.7375,8.055,3.8,-1.8,124.0
97,L97I,-2.3723,-3.5573,-2.4964,8.055,3.8,-1.8,124.0
97,L97K,-10.1187,-7.8034,-10.003,8.055,3.8,-1.8,124.0
97,L97M,-3.8379,-3.6192,-3.7654,8.055,3.8,-1.8,124.0
97,L97N,-8.498,-7.6573,-8.234,8.055,3.8,-1.8,124.0
97,L97P,-7.5824,-8.5361,-7.9195,8.055,3.8,-1.8,124.0
97,L97Q,-8.3295,-6.5755,-7.2567,8.055,3.8,-1.8,124.0
97,L97R,-9.6655,-7.2522,-8.6714,8.055,3.8,-1.8,124.0
97,L97S,-8.0816,-7.0156,-6.6069,8.055,3.8,-1.8,124.0
97,L97T,-6.8828,-6.2504,-4.7364,8.055,3.8,-1.8,124.0
97,L97V,-3.9472,-3.7011,-2.9903,8.055,3.8,-1.8,124.0
97,L97W,-7.5861,-4.9981,-7.2627,8.055,3.8,-1.8,124.0
97,L97Y,-7.8514,-3.7232,-7.0373,8.055,3.8,-1.8,124.0
98,N98A,-0.8783,1.1179,-0.6631,12.551,-3.5,0.2,96.0
98,N98C,-4.7835,-4.9003,-4.6299,12.551,-3.5,0.2,96.0
98,N98D,-1.5365,-0.8992,-0.6871,12.551,-3.5,0.2,96.0
98,N98E,-2.7291,-1.0194,-2.7621,12.551,-3.5,0.2,96.0
98,N98F,-3.688,-3.0814,-4.7293,12.551,-3.5,0.2,96.0
98,N98G,-1.3094,0.2849,-1.4837,12.551,-3.5,0.2,96.0
98,N98H,-2.2786,-1.7114,-3.2696,12.551,-3.5,0.2,96.0
98,N98I,-3.5376,-2.7198,-4.3291,12.551,-3.5,0.2,96.0
98,N98K,-1.4737,-0.6762,-2.7737,12.551,-3.5,0.2,96.0
98,N98L,-3.1267,-2.2212,-3.9443,12.551,-3.5,0.2,96.0
98,N98M,-4.5217,-3.3161,-4.7088,12.551,-3.5,0.2,96.0
98,N98P,-5.5896,-3.2336,-5.3045,12.551,-3.5,0.2,96.0
98,N98Q,-2.1871,-1.3995,-2.9951,12.551,-3.5,0.2,96.0
98,N98R,-1.4722,-1.5496,-3.2105,12.551,-3.5,0.2,96.0
98,N98S,-1.2916,0.0342,-0.2715,12.551,-3.5,0.2,96.0
98,N98T,-1.6553,-1.2193,-2.3588,12.551,-3.5,0.2,96.0
98,N98V,-2.791,-1.6707,-3.4599,12.551,-3.5,0.2,96.0
98,N98W,-4.7771,-4.326,-5.5139,12.551,-3.5,0.2,96.0
98,N98Y,-3.3633,-2.5974,-4.299,12.551,-3.5,0.2,96.0
99,K99A,-1.3485,-0.4458,-1.9675,13.244,-3.9,3.0,135.0
99,K99C,-4.7205,-4.8417,-5.7342,13.244,-3.9,3.0,135.0
99,K99D,-2.9013,-2.5025,-3.3753,13.244,-3.9,3.0,135.0
99,K99E,-1.9832,-1.0599,-2.3765,13.244,-3.9,3.0,135.0
99,K99F,-2.9422,-1.9846,-3.4262,13.244,-3.9,3.0,135.0
99,K99G,-3.1321,-2.4793,-3.3113,13.244,-3.9,3.0,135.0
99,K99H,-2.098,-1.6908,-2.5772,13.244,-3.9,3.0,135.0
99,K99I,-1.6782,-0.4076,-1.1865,13.244,-3.9,3.0,135.0
99,K99L,-0.5648,-0.2342,-1.0413,13.244,-3.9,3.0,135.0
99,K99M,-2.8131,-2.5495,-3.0187,13.244,-3.9,3.0,135.0
99,K99N,-2.0844,-1.8839,-2.2932,13.244,-3.9,3.0,135.0
99,K99P,-4.6514,-3.8121,-5.1371,13.244,-3.9,3.0,135.0
99,K99Q,-1.0554,-0.9709,-1.0164,13.244,-3.9,3.0,135.0
99,K99R,0.0498,-0.5489,-0.5083,13.244,-3.9,3.0,135.0
99,K99S,-1.9032,-1.2486,-2.432,13.244,-3.9,3.0,135.0
99,K99T,-1.3898,-0.4823,-0.7149,13.244,-3.9,3.0,135.0
99,K99V,-1.8413,-0.2875,-0.6771,13.244,-3.9,3.0,135.0
99,K99W,-3.9964,-4.2678,-5.2446,13.244,-3.9,3.0,135.0
99,K99Y,-3.1247,-2.236,-3.7802,13.244,-3.9,3.0,135.0
100,H100A,-7.3932,-6.6627,-6.7456,15.048,-3.2,-0.5,118.0
100,H100C,-8.7794,-8.9089,-8.2143,15.048,-3.2,-0.5,118.0
100,H100D,-8.4946,-6.7744,-7.289,15.048,-3.2,-0.5,118.0
100,H100E,-8.4542,-6.8564,-7.539,15.048,-3.2,-0.5,118.0
100,H100F,-6.4038,-4.6571,-6.3251,15.048,-3.2,-0.5,118.0
100,H100G,-8.2304,-7.6511,-7.7981,15.048,-3.2,-0.5,118.0
100,H100I,-6.624,-6.3916,-7.9129,15.048,-3.2,-0.5,118.0
100,H100K,-6.3743,-5.657,-7.08,15.048,-3.2,-0.5,118.0
100,H100L,-5.4679,-5.4068,-6.5504,15.048,-3.2,-0.5,118.0
100,H100M,-7.3981,-7.4372,-8.9951,15.048,-3.2,-0.5,118.0
100,H100N,-6.1272,-4.9038,-5.9833,15.048,-3.2,-0.5,118.0
100,H100P,-8.3976,-7.7667,-5.7203,15.048,-3.2,-0.5,118.0
100,H100Q,-5.9541,-5.9366,-6.7384,15.048,-3.2,-0.5,118.0
100,H100R,-4.184,-5.0877,-5.5521,15.048,-3.2,-0.5,118.0
100,H100S,-8.3618,-7.0714,-6.6073,15.048,-3.2,-0.5,118.0
100,H100T,-7.8962,-6.3945,-7.1329,15.048,-3.2,-0.5,118.0
100,H100V,-6.6582,-6.151,-7.451,15.048,-3.2,-0.5,118.0
100,H100W,-7.9023,-7.029,-8.3156,15.048,-3.2,-0.5,118.0
100,H100Y,-5.7725,-3.9295,-6.0228,15.048,-3.2,-0.5,118.0
101,N101A,-3.6616,-4.9262,-3.4999,13.446,-3.5,0.2,96.0
101,N101C,-5.4275,-7.2035,-5.5016,13.446,-3.5,0.2,96.0
101,N101D,-2.7399,-3.2664,-2.457,13.446,-3.5,0.2,96.0
101,N101E,-5.2217,-5.41,-4.4637,13.446,-3.5,0.2,96.0
101,N101F,-5.0615,-5.8004,-4.4669,13.446,-3.5,0.2,96.0
101,N101G,-1.2029,-2.3687,-1.2988,13.446,-3.5,0.2,96.0
101,N101H,-3.6629,-4.2207,-4.2202,13.446,-3.5,0.2,96.0
101,N101I,-6.2639,-6.6126,-5.1579,13.446,-3.5,0.2,96.0
101,N101K,-4.1825,-4.813,-4.8789,13.446,-3.5,0.2,96.0
101,N101L,-5.2774,-6.2961,-4.1377,13.446,-3.5,0.2,96.0
101,N101M,-6.3816,-7.22,-5.4819,13.446,-3.5,0.2,96.0
101,N101P,-6.6897,-7.3675,-6.2523,13.446,-3.5,0.2,96.0
101,N101Q,-4.3604,-5.1464,-4.4493,13.446,-3.5,0.2,96.0
101,N101R,-4.4952,-5.4963,-4.5547,13.446,-3.5,0.2,96.0
101,N101S,-3.3876,-3.8692,-3.2155,13.446,-3.5,0.2,96.0
101,N101T,-4.6546,-5.4685,-4.3978,13.446,-3.5,0.2,96.0
101,N101V,-5.5302,-6.2149,-4.8838,13.446,-3.5,0.2,96.0
101,N101W,-7.0129,-5.838,-6.4935,13.446,-3.5,0.2,96.0
101,N101Y,-5.0356,-5.1002,-4.9839,13.446,-3.5,0.2,96.0
102,G102A,2.7472,2.7971,0.5591,9.747,-0.4,0.0,48.0
102,G102C,0.2672,0.1802,-2.6359,9.747,-0.4,0.0,48.0
102,G102D,-1.441,0.5219,-2.4736,9.747,-0.4,0.0,48.0
102,G102E,-1.0148,2.2195,-1.9518,9.747,-0.4,0.0,48.0
102,G102F,2.8792,2.857,0.2037,9.747,-0.4,0.0,48.0
102,G102H,0.3238,1.9993,-1.8148,9.747,-0.4,0.0,48.0
102,G102I,3.9545,5.2601,1.1134,9.747,-0.4,0.0,48.0
102,G102K,1.7761,3.3801,-0.6369,9.747,-0.4,0.0,48.0
102,G102L,4.1288,4.4538,0.9522,9.747,-0.4,0.0,48.0
102,G102M,1.8537,3.015,-0.8265,9.747,-0.4,0.0,48.0
102,G102N,0.2729,1.3516,-0.8946,9.747,-0.4,0.0,48.0
102,G102P,-1.5222,-0.7309,-2.6571,9.747,-0.4,0.0,48.0
102,G102Q,0.2435,3.0086,-1.3076,9.747,-0.4,0.0,48.0
102,G102R,1.7693,2.6487,-1.0665,9.747,-0.4,0.0,48.0
102,G102S,0.7771,1.769,-0.6706,9.747,-0.4,0.0,48.0
102,G102T,1.0859,2.8566,0.1786,9.747,-0.4,0.0,48.0
102,G102V,3.8964,4.8838,1.84,9.747,-0.4,0.0,48.0
102,G102W,-0.1672,0.1225,-2.6596,9.747,-0.4,0.0,48.0
102,G102Y,1.254,2.3921,-0.6981,9.747,-0.4,0.0,48.0
103,I103A,-5.4617,-5.7364,-4.7557,6.673,4.5,-1.8,124.0
103,I103C,-6.4384,-8.0151,-6.582,6.673,4.5,-1.8,124.0
103,I103D,-8.9679,-8.996,-8.903,6.673,4.5,-1.8,124.0
103,I103E,-8.7555,-7.8574,-8.642,6.673,4.5,-1.8,124.0
103,I103F,-2.6862,-3.4173,-2.6539,6.673,4.5,-1.8,124.0
103,I103G,-6.8626,-8.1256,-6.9671,6.673,4.5,-1.8,124.0
103,I103H,-7.3965,-6.8805,-6.8279,6.673,4.5,-1.8,124.0
103,I103K,-8.9572,-7.0846,-8.704,6.673,4.5,-1.8,124.0
103,I103L,-0.9752,-2.2939,-0.9734,6.673,4.5,-1.8,124.0
103,I103M,-3.7259,-4.2868,-3.3048,6.673,4.5,-1.8,124.0
103,I103N,-7.1538,-7.0059,-6.3941,6.673,4.5,-1.8,124.0
103,I103P,-6.6857,-6.3518,-5.0999,6.673,4.5,-1.8,124.0
103,I103Q,-7.6349,-6.8865,-7.0386,6.673,4.5,-1.8,124.0
103,I103R,-8.7577,-7.0071,-7.5917,6.673,4.5,-1.8,124.0
103,I103S,-8.1745,-8.4624,-5.4003,6.673,4.5,-1.8,124.0
103,I103T,-7.2486,-6.1884,-4.3084,6.673,4.5,-1.8,124.0
103,I103V,-2.039,-2.0708,-1.7073,6.673,4.5,-1.8,124.0
103,I103W,-5.8726,-6.8248,-5.9454,6.673,4.5,-1.8,124.0
103,I103Y,-4.7692,-5.2279,-5.0998,6.673,4.5,-1.8,124.0
104,E104A,-6.2549,-7.2809,-6.7281,9.754,-3.5,3.0,109.0
104,E104C,-9.7117,-11.3595,-9.77,9.754,-3.5,3.0,109.0
104,E104D,-6.1968,-5.4722,-5.28,9.754,-3.5,3.0,109.0
104,E104F,-8.4145,-10.1994,-10.9664,9.754,-3.5,3.0,109.0
104,E104G,-6.6826,-8.0842,-7.1478,9.754,-3.5,3.0,109.0
104,E104H,-8.3753,-8.9798,-9.1706,9.754,-3.5,3.0,109.0
104,E104I,-9.0382,-8.5469,-11.2599,9.754,-3.5,3.0,109.0
104,E104K,-7.6169,-8.316,-8.4567,9.754,-3.5,3.0,109.0
104,E104L,-8.6393,-9.1087,-8.8214,9.754,-3.5,3.0,109.0
104,E104M,-9.0213,-9.9482,-9.1057,9.754,-3.5,3.0,109.0
104,E104N,-7.6673,-8.853,-8.0226,9.754,-3.5,3.0,109.0
104,E104P,-9.3262,-9.9652,-8.8202,9.754,-3.5,3.0,109.0
104,E104Q,-5.4487,-6.0641,-5.9638,9.754,-3.5,3.0,109.0
104,E104R,-9.1164,-10.1813,-10.1738,9.754,-3.5,3.0,109.0
104,E104S,-7.2319,-8.3641,-7.8165,9.754,-3.5,3.0,109.0
104,E104T,-8.236,-8.1914,-8.4925,9.754,-3.5,3.0,109.0
104,E104V,-7.5029,-7.6484,-8.2132,9.754,-3.5,3.0,109.0
104,E104W,-8.8534,-11.6931,-10.9184,9.754,-3.5,3.0,109.0
104,E104Y,-8.4193,-10.0654,-10.1835,9.754,-3.5,3.0,109.0
105,H105A,-9.9219,-8.1417,-6.2786,9.818,-3.2,-0.5,118.0
105,H105C,-9.9574,-9.866,-7.8439,9.818,-3.2,-0.5,118.0
105,H105D,-10.6859,-8.0367,-7.7844,9.818,-3.2,-0.5,118.0
105,H105E,-10.9508,-8.0648,-8.0432,9.818,-3.2,-0.5,118.0
105,H105F,-8.8817,-7.5309,-5.4041,9.818,-3.2,-0.5,118.0
105,H105G,-9.86,-8.691,-6.4268,9.818,-3.2,-0.5,118.0
105,H105I,-10.1329,-8.6704,-6.7417,9.818,-3.2,-0.5,118.0
105,H105K,-10.4896,-7.717,-6.4481,9.818,-3.2,-0.5,118.0
105,H105L,-9.4897,-7.4149,-5.909,9.818,-3.2,-0.5,118.0
105,H105M,-10.6689,-9.0393,-7.4064,9.818,-3.2,-0.5,118.0
105,H105N,-8.3748,-6.2691,-5.4058,9.818,-3.2,-0.5,118.0
105,H105P,-9.9052,-8.4062,-8.178,9.818,-3.2,-0.5,118.0
105,H105Q,-7.7765,-6.3913,-5.275,9.818,-3.2,-0.5,118.0
105,H105R,-9.2168,-6.252,-5.7406,9.818,-3.2,-0.5,118.0
105,H105S,-9.638,-7.9527,-6.2398,9.818,-3.2,-0.5,118.0
105,H105T,-9.9492,-8.3591,-6.4497,9.818,-3.2,-0.5,118.0
105,H105V,-9.417,-8.4614,-6.5756,9.818,-3.2,-0.5,118.0
105,H105W,-10.2941,-10.3577,-8.691,9.818,-3.2,-0.5,118.0
105,H105Y,-8.5052,-6.5409,-5.9998,9.818,-3.2,-0.5,118.0
106,D106A,-8.4154,-8.268,-9.3634,14.686,-3.5,3.0,91.0
106,D106C,-9.9048,-9.988,-10.6605,14.686,-3.5,3.0,91.0
106,D106E,-7.4428,-5.8521,-6.2299,14.686,-3.5,3.0,91.0
106,D106F,-10.4151,-10.9862,-12.3017,14.686,-3.5,3.0,91.0
106,D106G,-7.5709,-7.402,-8.5731,14.686,-3.5,3.0,91.0
106,D106H,-8.9199,-8.2497,-10.087,14.686,-3.5,3.0,91.0
106,D106I,-10.3617,-10.9891,-11.9876,14.686,-3.5,3.0,91.0
106,D106K,-10.3635,-10.6031,-14.1679,14.686,-3.5,3.0,91.0
106,D106L,-10.59,-11.0062,-11.8465,14.686,-3.5,3.0,91.0
106,D106M,-11.7031,-11.5552,-12.2563,14.686,-3.5,3.0,91.0
106,D106N,-5.4435,-5.4747,-7.4445,14.686,-3.5,3.0,91.0
106,D106P,-9.7292,-11.2937,-11.5529,14.686,-3.5,3.0,91.0
106,D106Q,-10.2185,-9.5631,-10.7354,14.686,-3.5,3.0,91.0
106,D106R,-10.7874,-11.0843,-14.4478,14.686,-3.5,3.0,91.0
106,D106S,-7.769,-7.8668,-9.0604,14.686,-3.5,3.0,91.0
106,D106T,-8.3257,-8.9962,-10.1372,14.686,-3.5,3.0,91.0
106,D106V,-9.1834,-9.6122,-10.3141,14.686,-3.5,3.0,91.0
106,D106W,-11.3318,-12.8511,-12.8745,14.686,-3.5,3.0,91.0
106,D106Y,-8.8379,-9.3308,-11.1991,14.686,-3.5,3.0,91.0
107,A107C,-4.2588,-6.3892,-4.322,14.816,1.8,-0.5,67.0
107,A107D,-6.4828,-6.2677,-6.8531,14.816,1.8,-0.5,67.0
107,A107E,-6.8135,-6.1278,-7.2555,14.816,1.8,-0.5,67.0
107,A107F,-6.7033,-6.6567,-7.6055,14.816,1.8,-0.5,67.0
107,A107G,-1.0533,-2.3353,-0.5423,14.816,1.8,-0.5,67.0
107,A107H,-7.8104,-7.2735,-9.2377,14.816,1.8,-0.5,67.0
107,A107I,-4.4149,-6.6571,-5.3755,14.816,1.8,-0.5,67.0
107,A107K,-8.152,-7.1834,-10.2669,14.816,1.8,-0.5,67.0
107,A107L,-5.7564,-6.202,-6.1772,14.816,1.8,-0.5,67.0
107,A107M,-6.2369,-6.8377,-6.309,14.816,1.8,-0.5,67.0
107,A107N,-5.9287,-6.1947,-5.7971,14.816,1.8,-0.5,67.0
107,A107P,-4.8366,-5.6807,-5.6462,14.816,1.8,-0.5,67.0
107,A107Q,-6.7222,-6.1981,-7.9325,14.816,1.8,-0.5,67.0
107,A107R,-8.0875,-7.1826,-9.1926,14.816,1.8,-0.5,67.0
107,A107S,-3.1585,-3.6855,-3.0637,14.816,1.8,-0.5,67.0
107,A107T,-3.69,-5.0917,-4.4343,14.816,1.8,-0.5,67.0
107,A107V,-2.3303,-4.6375,-3.788,14.816,1.8,-0.5,67.0
107,A107W,-8.1125,-8.889,-9.8452,14.816,1.8,-0.5,67.0
107,A107Y,-7.5901,-7.4844,-9.6292,14.816,1.8,-0.5,67.0
108,S108A,-5.1623,-4.2185,-5.8686,13.857,-0.8,0.3,73.0
108,S108C,-7.4655,-6.7116,-7.4043,13.857,-0.8,0.3,73.0
108,S108D,-10.9346,-8.0201,-8.7836,13.857,-0.8,0.3,73.0
108,S108E,-11.8359,-8.6011,-10.3909,13.857,-0.8,0.3,73.0
108,S108F,-9.3442,-7.6467,-9.4133,13.857,-0.8,0.3,73.0
108,S108G,-7.0064,-5.2023,-5.3314,13.857,-0.8,0.3,73.0
108,S108H,-11.0785,-8.6666,-10.2217,13.857,-0.8,0.3,73.0
108,S108I,-10.1029,-9.1484,-10.2472,13.857,-0.8,0.3,73.0
108,S108K,-12.2028,-9.047,-12.8758,13.857,-0.8,0.3,73.0
108,S108L,-8.7041,-8.2313,-8.917,13.857,-0.8,0.3,73.0
108,S108M,-10.5663,-9.3546,-10.198,13.857,-0.8,0.3,73.0
108,S108N,-9.4082,-7.0109,-7.2246,13.857,-0.8,0.3,73.0
108,S108P,-8.6781,-8.0693,-10.7411,13.857,-0.8,0.3,73.0
108,S108Q,-11.5367,-8.3054,-10.3803,13.857,-0.8,0.3,73.0
108,S108R,-11.1678,-8.4332,-11.0821,13.857,-0.8,0.3,73.0
108,S108T,-5.5465,-5.009,-5.7874,13.857,-0.8,0.3,73.0
108,S108V,-8.216,-7.9254,-9.6153,13.857,-0.8,0.3,73.0
108,S108W,-11.0422,-9.4405,-11.305,13.857,-0.8,0.3,73.0
108,S108Y,-10.2795,-8.4381,-11.1862,13.857,-0.8,0.3,73.0
109,L109A,-6.7204,-4.7513,-7.5575,11.86,3.8,-1.8,124.0
109,L109C,-7.3684,-7.5367,-8.3912,11.86,3.8,-1.8,124.0
109,L109D,-9.3541,-8.894,-12.2325,11.86,3.8,-1.8,124.0
109,L109E,-8.3035,-7.3717,-11.2656,11.86,3.8,-1.8,124.0
109,L109F,-4.2415,-3.9692,-4.4595,11.86,3.8,-1.8,124.0
109,L109G,-8.7004,-7.48,-10.4642,11.86,3.8,-1.8,124.0
109,L109H,-7.2697,-6.9401,-9.5757,11.86,3.8,-1.8,124.0
109,L109I,-2.5073,-3.2372,-4.3211,11.86,3.8,-1.8,124.0
109,L109K,-8.5781,-7.2457,-13.0262,11.86,3.8,-1.8,124.0
109,L109M,-4.561,-3.5934,-3.9171,11.86,3.8,-1.8,124.0
109,L109N,-7.851,-7.0602,-9.5335,11.86,3.8,-1.8,124.0
109,L109P,-5.7008,-6.5366,-7.3522,11.86,3.8,-1.8,124.0
109,L109Q,-6.8368,-5.8666,-9.3651,11.86,3.8,-1.8,124.0
109,L109R,-8.3633,-6.8977,-12.0397,11.86,3.8,-1.8,124.0
109,L109S,-7.222,-6.3237,-8.9514,11.86,3.8,-1.8,124.0
109,L109T,-6.6507,-5.6381,-7.6716,11.86,3.8,-1.8,124.0
109,L109V,-4.2544,-3.7362,-5.2453,11.86,3.8,-1.8,124.0
109,L109W,-7.3781,-7.3942,-8.4377,11.86,3.8,-1.8,124.0
109,L109Y,-7.066,-5.9889,-7.7798,11.86,3.8,-1.8,124.0
110,S110A,-4.0394,-4.3636,-5.0033,14.892,-0.8,0.3,73.0
110,S110C,-4.8252,-6.6069,-6.4518,14.892,-0.8,0.3,73.0
110,S110D,-6.533,-6.0128,-9.9566,14.892,-0.8,0.3,73.0
110,S110E,-8.0301,-6.7373,-11.5654,14.892,-0.8,0.3,73.0
110,S110F,-7.3625,-5.9167,-10.3613,14.892,-0.8,0.3,73.0
110,S110G,-5.6928,-5.0106,-7.1471,14.892,-0.8,0.3,73.0
110,S110H,-8.0863,-5.7992,-11.0028,14.892,-0.8,0.3,73.0
110,S110I,-6.0369,-6.7025,-10.9991,14.892,-0.8,0.3,73.0
110,S110K,-9.5434,-6.9906,-14.3183,14.892,-0.8,0.3,73.0
110,S110L,-6.4441,-6.3027,-11.3923,14.892,-0.8,0.3,73.0
110,S110M,-7.3631,-7.2078,-10.2822,14.892,-0.8,0.3,73.0
110,S110N,-5.3521,-4.5601,-7.6568,14.892,-0.8,0.3,73.0
110,S110P,-6.2491,-6.9721,-9.259,14.892,-0.8,0.3,73.0
110,S110Q,-7.7941,-6.2935,-11.1288,14.892,-0.8,0.3,73.0
110,S110R,-9.0524,-6.7619,-11.4291,14.892,-0.8,0.3,73.0
110,S110T,-1.9333,-1.8928,-3.3131,14.892,-0.8,0.3,73.0
110,S110V,-3.651,-6.2058,-9.9433,14.892,-0.8,0.3,73.0
110,S110W,-8.8758,-7.8034,-12.0256,14.892,-0.8,0.3,73.0
110,S110Y,-8.3422,-6.0225,-11.825,14.892,-0.8,0.3,73.0
111,R111A,-7.5772,-9.8984,-8.3511,14.233,-4.5,3.0,148.0
111,R111C,-8.1418,-9.437,-8.0832,14.233,-4.5,3.0,148.0
111,R111D,-9.2875,-11.7485,-11.7587,14.233,-4.5,3.0,148.0
111,R111E,-9.0589,-11.1273,-10.563,14.233,-4.5,3.0,148.0
111,R111F,-8.3692,-11.0171,-9.1245,14.233,-4.5,3.0,148.0
111,R111G,-7.2839,-9.3651,-8.4179,14.233,-4.5,3.0,148.0
111,R111H,-5.1315,-6.2081,-5.2161,14.233,-4.5,3.0,148.0
111,R111I,-8.5395,-10.0631,-9.127,14.233,-4.5,3.0,148.0
111,R111K,-5.6103,-7.3554,-6.9207,14.233,-4.5,3.0,148.0
111,R111L,-7.3408,-8.8719,-7.597,14.233,-4.5,3.0,148.0
111,R111M,-8.7245,-10.4073,-9.0099,14.233,-4.5,3.0,148.0
111,R111N,-7.476,-9.6526,-8.4539,14.233,-4.5,3.0,148.0
111,R111P,-8.5488,-9.8749,-10.332,14.233,-4.5,3.0,148.0
111,R111Q,-6.706,-8.4684,-7.4459,14.233,-4.5,3.0,148.0
111,R111S,-7.2466,-8.9015,-7.8165,14.233,-4.5,3.0,148.0
111,R111T,-7.867,-9.3561,-8.0102,14.233,-4.5,3.0,148.0
111,R111V,-8.327,-10.0942,-9.0214,14.233,-4.5,3.0,148.0
111,R111W,-8.2633,-10.0258,-8.4473,14.233,-4.5,3.0,148.0
111,R111Y,-8.2756,-10.387,-9.0351,14.233,-4.5,3.0,148.0
112,Q112A,0.4412,-1.2468,1.1628,17.919,-3.5,0.2,114.0
112,Q112C,-3.828,-5.0232,-4.2704,17.919,-3.5,0.2,114.0
112,Q112D,0.3767,-0.5226,-0.5129,17.919,-3.5,0.2,114.0
112,Q112E,0.431,-1.4016,0.1535,17.919,-3.5,0.2,114.0
112,Q112F,-2.3185,-3.0539,-3.8726,17.919,-3.5,0.2,114.0
112,Q112G,-0.217,-1.4381,-0.1448,17.919,-3.5,0.2,114.0
112,Q112H,-1.3683,1.7264,-2.6915,17.919,-3.5,0.2,114.0
112,Q112I,-2.9902,-3.8271,-3.3524,17.919,-3.5,0.2,114.0
112,Q112K,0.1669,-1.2299,-1.9388,17.919,-3.5,0.2,114.0
112,Q112L,-1.8121,-2.2488,-1.7838,17.919,-3.5,0.2,114.0
112,Q112M,-3.0731,-3.4612,-2.4722,17.919,-3.5,0.2,114.0
112,Q112N,0.4383,0.6324,0.4697,17.919,-3.5,0.2,114.0
112,Q112P,-1.5319,-3.3032,-2.5535,17.919,-3.5,0.2,114.0
112,Q112R,-1.0188,-1.2764,-2.1702,17.919,-3.5,0.2,114.0
112,Q112S,0.1987,-0.6486,0.8048,17.919,-3.5,0.2,114.0
112,Q112T,-0.954,-1.6616,-0.6031,17.919,-3.5,0.2,114.0
112,Q112V,-2.1752,-2.9671,-2.4779,17.919,-3.5,0.2,114.0
112,Q112W,-4.3156,-4.9746,-5.2459,17.919,-3.5,0.2,114.0
112,Q112Y,-2.1846,-2.6151,-3.8143,17.919,-3.5,0.2,114.0
113,D113A,-9.579,-8.7516,-8.77,18.364,-3.5,3.0,91.0
113,D113C,-11.6193,-11.8174,-10.6341,18.364,-3.5,3.0,91.0
113,D113E,-7.1565,-6.6158,-6.5907,18.364,-3.5,3.0,91.0
113,D113F,-11.8461,-11.9917,-11.5916,18.364,-3.5,3.0,91.0
113,D113G,-8.4768,-7.7311,-7.8836,18.364,-3.5,3.0,91.0
113,D113H,-9.3341,-9.0087,-9.0977,18.364,-3.5,3.0,91.0
113,D113I,-11.8354,-12.3336,-10.998,18.364,-3.5,3.0,91.0
113,D113K,-10.789,-11.783,-12.336,18.364,-3.5,3.0,91.0
113,D113L,-12.0299,-12.0763,-10.385,18.364,-3.5,3.0,91.0
113,D113M,-13.2563,-13.2489,-11.6649,18.364,-3.5,3.0,91.0
113,D113N,-6.565,-6.1382,-6.6954,18.364,-3.5,3.0,91.0
113,D113P,-11.1598,-10.5032,-9.6579,18.364,-3.5,3.0,91.0
113,D113Q,-10.8539,-10.262,-10.1333,18.364,-3.5,3.0,91.0
113,D113R,-11.7513,-12.3208,-12.074,18.364,-3.5,3.0,91.0
113,D113S,-9.3826,-8.5719,-8.7663,18.364,-3.5,3.0,91.0
113,D113T,-10.5546,-9.9562,-9.2055,18.364,-3.5,3.0,91.0
113,D113V,-10.5042,-10.5685,-9.7762,18.364,-3.5,3.0,91.0
113,D113W,-13.2171,-14.0706,-12.0778,18.364,-3.5,3.0,91.0
113,D113Y,-9.8301,-9.9047,-9.786,18.364,-3.5,3.0,91.0
114,F114A,1.9809,2.4479,1.1379,19.132,2.8,-2.5,135.0
114,F114C,-3.1514,-3.4795,-4.2618,19.132,2.8,-2.5,135.0
114,F114D,-1.0962,-0.7399,-2.1201,19.132,2.8,-2.5,135.0
114,F114E,-0.7558,-1.1596,-1.0707,19.132,2.8,-2.5,135.0
114,F114G,-0.7532,-0.4202,-1.3359,19.132,2.8,-2.5,135.0
114,F114H,-1.5513,-0.8531,-1.6281,19.132,2.8,-2.5,135.0
114,F114I,0.4871,-1.6148,-0.8632,19.132,2.8,-2.5,135.0
114,F114K,-0.4528,-1.4154,-1.9339,19.132,2.8,-2.5,135.0
114,F114L,1.0593,-0.9265,-0.9698,19.132,2.8,-2.5,135.0
114,F114M,-0.8653,-2.3436,-2.3401,19.132,2.8,-2.5,135.0
114,F114N,-0.9109,-0.401,-2.0586,19.132,2.8,-2.5,135.0
114,F114P,-1.5747,-3.1352,-2.635,19.132,2.8,-2.5,135.0
114,F114Q,-0.7482,-1.1704,-1.8692,19.132,2.8,-2.5,135.0
114,F114R,-0.7278,-1.7062,-2.2639,19.132,2.8,-2.5,135.0
114,F114S,-0.0666,0.7544,-0.5889,19.132,2.8,-2.5,135.0
114,F114T,-0.3717,-0.1457,-1.0456,19.132,2.8,-2.5,135.0
114,F114V,0.9105,-0.2334,-0.4932,19.132,2.8,-2.5,135.0
114,F114W,-2.7111,-2.3642,-2.6793,19.132,2.8,-2.5,135.0
114,F114Y,-0.6217,-0.2841,-0.707,19.132,2.8,-2.5,135.0
115,Y115A,-1.6463,-4.1234,-1.1284,21.861,-1.3,-2.3,141.0
115,Y115C,-5.125,-6.5773,-5.7162,21.861,-1.3,-2.3,141.0
115,Y115D,-1.8317,-4.8524,-4.3355,21.861,-1.3,-2.3,141.0
115,Y115E,-1.6233,-5.0036,-4.0687,21.861,-1.3,-2.3,141.0
115,Y115F,-0.5923,-1.183,-0.2413,21.861,-1.3,-2.3,141.0
115,Y115G,-3.0031,-6.0309,-3.4516,21.861,-1.3,-2.3,141.0
115,Y115H,-2.0238,-1.9567,-2.289,21.861,-1.3,-2.3,141.0
115,Y115I,-1.8959,-5.2503,-4.0103,21.861,-1.3,-2.3,141.0
115,Y115K,-2.1526,-4.8821,-4.5061,21.861,-1.3,-2.3,141.0
115,Y115L,-1.6024,-3.9321,-2.7083,21.861,-1.3,-2.3,141.0
115,Y115M,-3.5749,-5.9224,-4.0325,21.861,-1.3,-2.3,141.0
115,Y115N,-1.913,-3.7148,-3.5767,21.861,-1.3,-2.3,141.0
115,Y115P,-3.7746,-6.742,-5.3399,21.861,-1.3,-2.3,141.0
115,Y115Q,-2.1413,-4.7065,-3.9316,21.861,-1.3,-2.3,141.0
115,Y115R,-2.5497,-4.8912,-4.5746,21.861,-1.3,-2.3,141.0
115,Y115S,-1.974,-3.938,-2.9078,21.861,-1.3,-2.3,141.0
115,Y115T,-1.9319,-4.5642,-4.052,21.861,-1.3,-2.3,141.0
115,Y115V,-1.5483,-4.8031,-3.2,21.861,-1.3,-2.3,141.0
115,Y115W,-2.9362,-3.9712,-3.1951,21.861,-1.3,-2.3,141.0
116,F116A,-3.9626,-4.3474,-4.2457,23.425,2.8,-2.5,135.0
116,F116C,-5.7453,-7.6824,-7.6098,23.425,2.8,-2.5,135.0
116,F116D,-5.1608,-4.6764,-5.1232,23.425,2.8,-2.5,135.0
116,F116E,-4.8494,-4.7542,-4.7408,23.425,2.8,-2.5,135.0
116,F116G,-4.7239,-5.8406,-5.1124,23.425,2.8,-2.5,135.0
116,F116H,-3.7987,-4.1016,-4.1917,23.425,2.8,-2.5,135.0
116,F116I,-3.6503,-4.6435,-4.6683,23.425,2.8,-2.5,135.0
116,F116K,-4.6174,-4.8582,-5.8098,23.425,2.8,-2.5,135.0
116,F116L,-1.3017,-2.9833,-1.8575,23.425,2.8,-2.5,135.0
116,F116M,-3.2334,-5.173,-4.1263,23.425,2.8,-2.5,135.0
116,F116N,-3.9505,-4.2091,-4.366,23.425,2.8,-2.5,135.0
116,F116P,-5.7601,-6.0117,-7.2712,23.425,2.8,-2.5,135.0
116,F116Q,-4.2696,-4.8308,-4.5389,23.425,2.8,-2.5,135.0
116,F116R,-4.4621,-5.3263,-5.7915,23.425,2.8,-2.5,135.0
116,F116S,-4.055,-3.9777,-4.4773,23.425,2.8,-2.5,135.0
116,F116T,-4.0165,-4.0158,-4.37,23.425,2.8,-2.5,135.0
116,F116V,-3.799,-4.447,-4.6351,23.425,2.8,-2.5,135.0
116,F116W,-4.4502,-4.9979,-4.025,23.425,2.8,-2.5,135.0
116,F116Y,-2.6008,-2.5867,-2.8417,23.425,2.8,-2.5,135.0
117,G117A,-4.512,-4.3054,-4.2118,20.813,-0.4,0.0,48.0
117,G117C,-7.9578,-8.3293,-7.7383,20.813,-0.4,0.0,48.0
117,G117D,-4.0208,-3.2242,-3.0901,20.813,-0.4,0.0,48.0
117,G117E,-4.8949,-4.1502,-4.1414,20.813,-0.4,0.0,48.0
117,G117F,-8.4306,-7.9398,-6.929,20.813,-0.4,0.0,48.0
117,G117H,-6.8524,-5.4096,-5.577,20.813,-0.4,0.0,48.0
117,G117I,-9.377,-9.0422,-7.0802,20.813,-0.4,0.0,48.0
117,G117K,-5.8988,-4.7627,-4.8576,20.813,-0.4,0.0,48.0
117,G117L,-7.9836,-7.1627,-6.3225,20.813,-0.4,0.0,48.0
117,G117M,-9.1083,-8.4372,-7.1388,20.813,-0.4,0.0,48.0
117,G117N,-4.309,-3.3608,-3.1015,20.813,-0.4,0.0,48.0
117,G117P,-5.4812,-5.8003,-6.2162,20.813,-0.4,0.0,48.0
117,G117Q,-5.8681,-5.0296,-5.1181,20.813,-0.4,0.0,48.0
117,G117R,-6.0165,-5.1545,-5.5862,20.813,-0.4,0.0,48.0
117,G117S,-4.2335,-4.1229,-3.6897,20.813,-0.4,0.0,48.0
117,G117T,-6.1594,-6.1568,-4.597,20.813,-0.4,0.0,48.0
117,G117V,-7.7377,-7.6772,-6.09,20.813,-0.4,0.0,48.0
117,G117W,-9.0785,-8.7266,-7.7425,20.813,-0.4,0.0,48.0
117,G117Y,-8.3271,-7.5912,-6.8666,20.813,-0.4,0.0,48.0
118,N118A,-4.4661,-3.3012,-3.1681,19.364,-3.5,0.2,96.0
118,N118C,-7.8853,-8.2988,-6.1758,19.364,-3.5,0.2,96.0
118,N118D,0.2235,0.9974,0.737,19.364,-3.5,0.2,96.0
118,N118E,-3.426,-2.109,-2.0477,19.364,-3.5,0.2,96.0
118,N118F,-6.5738,-6.9299,-4.7034,19.364,-3.5,0.2,96.0
118,N118G,-4.2659,-2.7888,-2.2874,19.364,-3.5,0.2,96.0
118,N118H,-3.8139,-3.4011,-2.9474,19.364,-3.5,0.2,96.0
118,N118I,-6.6669,-6.3928,-4.16,19.364,-3.5,0.2,96.0
118,N118K,-4.6145,-2.7688,-3.42,19.364,-3.5,0.2,96.0
118,N118L,-6.9604,-6.3999,-4.3767,19.364,-3.5,0.2,96.0
118,N118M,-7.7621,-7.3625,-5.6239,19.364,-3.5,0.2,96.0
118,N118P,-5.6628,-3.1658,-2.7155,19.364,-3.5,0.2,96.0
118,N118Q,-4.2745,-3.118,-3.3332,19.364,-3.5,0.2,96.0
118,N118R,-5.4266,-4.3542,-4.3908,19.364,-3.5,0.2,96.0
118,N118S,-3.0202,-1.7192,-1.1905,19.364,-3.5,0.2,96.0
118,N118T,-3.9347,-2.3462,-2.3313,19.364,-3.5,0.2,96.0
118,N118V,-5.6776,-5.4105,-3.7208,19.364,-3.5,0.2,96.0
118,N118W,-8.788,-9.0744,-5.9994,19.364,-3.5,0.2,96.0
118,N118Y,-5.0785,-5.8802,-4.0338,19.364,-3.5,0.2,96.0
119,V119A,1.0128,1.8372,2.0076,15.087,4.2,-1.5,105.0
119,V119C,-3.4277,-1.7608,-1.8619,15.087,4.2,-1.5,105.0
119,V119D,1.0161,5.5485,3.1444,15.087,4.2,-1.5,105.0
119,V119E,0.0668,2.0267,0.6229,15.087,4.2,-1.5,105.0
119,V119F,-1.108,0.546,-1.3084,15.087,4.2,-1.5,105.0
119,V119G,0.3021,2.3345,1.3218,15.087,4.2,-1.5,105.0
119,V119H,0.0867,2.7259,0.136,15.087,4.2,-1.5,105.0
119,V119I,-0.6728,-0.3799,-0.7858,15.087,4.2,-1.5,105.0
119,V119K,0.5962,1.9917,-0.7208,15.087,4.2,-1.5,105.0
119,V119L,-0.581,0.0649,-0.7264,15.087,4.2,-1.5,105.0
119,V119M,-1.7398,-1.0637,-1.5743,15.087,4.2,-1.5,105.0
119,V119N,3.8876,7.0488,4.8126,15.087,4.2,-1.5,105.0
119,V119P,-0.1343,0.1886,0.7222,15.087,4.2,-1.5,105.0
119,V119Q,0.7253,1.6656,0.3462,15.087,4.2,-1.5,105.0
119,V119R,-0.1704,1.0882,-1.1733,15.087,4.2,-1.5,105.0
119,V119S,0.9288,3.3706,2.1772,15.087,4.2,-1.5,105.0
119,V119T,0.3618,2.1638,0.9014,15.087,4.2,-1.5,105.0
119,V119W,-3.0178,-1.9318,-2.7256,15.087,4.2,-1.5,105.0
119,V119Y,-0.7681,1.2873,-0.9253,15.087,4.2,-1.5,105.0
120,Q120A,-0.976,0.7606,0.1481,15.654,-3.5,0.2,114.0
120,Q120C,-4.0338,-4.3208,-3.0236,15.654,-3.5,0.2,114.0
120,Q120D,-1.0099,-0.3915,0.3345,15.654,-3.5,0.2,114.0
120,Q120E,-1.5636,-0.263,0.0552,15.654,-3.5,0.2,114.0
120,Q120F,0.162,-1.2881,0.3715,15.654,-3.5,0.2,114.0
120,Q120G,-1.9403,-1.1102,-0.6641,15.654,-3.5,0.2,114.0
120,Q120H,1.9637,2.7771,1.608,15.654,-3.5,0.2,114.0
120,Q120I,-1.9129,-1.4767,-0.7538,15.654,-3.5,0.2,114.0
120,Q120K,-0.8343,-0.758,-0.5966,15.654,-3.5,0.2,114.0
120,Q120L,0.151,-1.1096,0.7202,15.654,-3.5,0.2,114.0
120,Q120M,-1.3445,-2.5395,-0.8527,15.654,-3.5,0.2,114.0
120,Q120N,1.0516,0.2432,1.0822,15.654,-3.5,0.2,114.0
120,Q120P,-1.3716,-0.1674,-2.7054,15.654,-3.5,0.2,114.0
120,Q120R,-0.4019,-1.0798,-0.9587,15.654,-3.5,0.2,114.0
120,Q120S,-0.1501,0.3858,0.4567,15.654,-3.5,0.2,114.0
120,Q120T,0.0908,1.2586,0.6977,15.654,-3.5,0.2,114.0
120,Q120V,-1.5019,-0.4905,-0.2563,15.654,-3.5,0.2,114.0
120,Q120W,-2.4851,-3.6706,-0.8104,15.654,-3.5,0.2,114.0
120,Q120Y,0.832,-0.6985,0.8892,15.654,-3.5,0.2,114.0
121,A121C,-4.0294,-4.1308,-4.366,17.575,1.8,-0.5,67.0
121,A121D,-0.8931,-0.6241,0.1546,17.575,1.8,-0.5,67.0
121,A121E,-0.8183,-0.6005,0.0485,17.575,1.8,-0.5,67.0
121,A121F,-1.5002,-0.5148,-2.5215,17.575,1.8,-0.5,67.0
121,A121G,-1.2461,-1.3284,-1.3501,17.575,1.8,-0.5,67.0
121,A121H,-0.5523,0.9326,-0.0313,17.575,1.8,-0.5,67.0
121,A121I,-1.0099,-1.0406,-1.2687,17.575,1.8,-0.5,67.0
121,A121K,-0.9086,-0.3339,-1.0768,17.575,1.8,-0.5,67.0
121,A121L,-0.6606,-1.0874,-1.8676,17.575,1.8,-0.5,67.0
121,A121M,-2.1141,-2.9706,-2.8991,17.575,1.8,-0.5,67.0
121,A121N,0.2327,0.4186,-0.2647,17.575,1.8,-0.5,67.0
121,A121P,-3.6612,-1.3045,-3.0779,17.575,1.8,-0.5,67.0
121,A121Q,-0.391,-0.4001,-0.8305,17.575,1.8,-0.5,67.0
121,A121R,-0.986,-0.7526,-1.9877,17.575,1.8,-0.5,67.0
121,A121S,1.0,1.1539,1.1966,17.575,1.8,-0.5,67.0
121,A121T,0.4366,1.2499,1.1339,17.575,1.8,-0.5,67.0
121,A121V,-0.2438,-0.2972,0.1589,17.575,1.8,-0.5,67.0
121,A121W,-3.4777,-3.1372,-3.8091,17.575,1.8,-0.5,67.0
121,A121Y,-1.0463,-0.0368,-1.8529,17.575,1.8,-0.5,67.0
122,F122A,-9.0654,-6.877,-7.6065,17.446,2.8,-2.5,135.0
122,F122C,-8.9447,-7.9909,-8.6854,17.446,2.8,-2.5,135.0
122,F122D,-12.4052,-10.5978,-11.1499,17.446,2.8,-2.5,135.0
122,F122E,-11.6944,-10.3575,-10.5711,17.446,2.8,-2.5,135.0
122,F122G,-10.5778,-9.054,-9.7739,17.446,2.8,-2.5,135.0
122,F122H,-9.6428,-6.6585,-7.4273,17.446,2.8,-2.5,135.0
122,F122I,-6.5932,-4.9892,-6.3144,17.446,2.8,-2.5,135.0
122,F122K,-11.1369,-9.7974,-9.8402,17.446,2.8,-2.5,135.0
122,F122L,-4.5256,-3.9198,-5.0836,17.446,2.8,-2.5,135.0
122,F122M,-6.8242,-6.053,-6.6918,17.446,2.8,-2.5,135.0
122,F122N,-11.142,-8.6524,-9.5681,17.446,2.8,-2.5,135.0
122,F122P,-9.1882,-6.8587,-7.7762,17.446,2.8,-2.5,135.0
122,F122Q,-10.6171,-9.1011,-9.5171,17.446,2.8,-2.5,135.0
122,F122R,-10.4112,-9.1684,-8.8785,17.446,2.8,-2.5,135.0
122,F122S,-9.2759,-7.5347,-7.0892,17.446,2.8,-2.5,135.0
122,F122T,-9.6259,-7.4601,-7.495,17.446,2.8,-2.5,135.0
122,F122V,-7.0895,-5.166,-6.4214,17.446,2.8,-2.5,135.0
122,F122W,-5.7226,-4.8431,-4.7041,17.446,2.8,-2.5,135.0
122,F122Y,-5.0953,-2.472,-4.3507,17.446,2.8,-2.5,135.0
123,N123A,-9.1476,-9.2926,-9.0866,19.692,-3.5,0.2,96.0
123,N123C,-10.203,-11.7601,-9.7039,19.692,-3.5,0.2,96.0
123,N123D,-2.4838,-2.8066,-3.0958,19.692,-3.5,0.2,96.0
123,N123E,-7.2067,-6.7813,-6.7627,19.692,-3.5,0.2,96.0
123,N123F,-10.052,-11.3137,-10.8934,19.692,-3.5,0.2,96.0
123,N123G,-9.3767,-9.1185,-9.1922,19.692,-3.5,0.2,96.0
123,N123H,-6.6458,-7.4494,-6.7324,19.692,-3.5,0.2,96.0
123,N123I,-8.31,-9.7863,-10.2017,19.692,-3.5,0.2,96.0
123,N123K,-7.8236,-6.9857,-7.8013,19.692,-3.5,0.2,96.0
123,N123L,-9.4959,-10.7498,-11.223,19.692,-3.5,0.2,96.0
123,N123M,-10.6862,-11.7699,-11.9601,19.692,-3.5,0.2,96.0
123,N123P,-9.2356,-8.3543,-12.4975,19.692,-3.5,0.2,96.0
123,N123Q,-6.9663,-7.6647,-7.477,19.692,-3.5,0.2,96.0
123,N123R,-8.4505,-8.3854,-9.2953,19.692,-3.5,0.2,96.0
123,N123S,-4.6691,-5.3704,-4.5803,19.692,-3.5,0.2,96.0
123,N123T,-7.8498,-7.9973,-9.041,19.692,-3.5,0.2,96.0
123,N123V,-7.7479,-9.1595,-9.5828,19.692,-3.5,0.2,96.0
123,N123W,-12.0963,-12.768,-12.2841,19.692,-3.5,0.2,96.0
123,N123Y,-8.2172,-9.2821,-9.5941,19.692,-3.5,0.2,96.0
124,E124A,-1.1818,-1.4464,-2.3586,22.14,-3.5,3.0,109.0
124,E124C,-8.5677,-9.3623,-9.0097,22.14,-3.5,3.0,109.0
124,E124D,-2.8508,-3.1735,-2.9388,22.14,-3.5,3.0,109.0
124,E124F,-6.6583,-6.5,-6.0777,22.14,-3.5,3.0,109.0
124,E124G,-3.6711,-4.0754,-4.93,22.14,-3.5,3.0,109.0
124,E124H,-5.322,-4.8094,-4.1247,22.14,-3.5,3.0,109.0
124,E124I,-5.1292,-5.3814,-5.3801,22.14,-3.5,3.0,109.0
124,E124K,-4.17,-3.916,-4.3077,22.14,-3.5,3.0,109.0
124,E124L,-4.3116,-4.8059,-4.0364,22.14,-3.5,3.0,109.0
124,E124M,-4.1987,-5.3294,-4.253,22.14,-3.5,3.0,109.0
124,E124N,-4.3507,-4.3494,-3.9654,22.14,-3.5,3.0,109.0
124,E124P,-3.1185,-5.3194,-3.169,22.14,-3.5,3.0,109.0
124,E124Q,-1.9219,-1.6778,-0.9445,22.14,-3.5,3.0,109.0
124,E124R,-4.2963,-4.8075,-4.7383,22.14,-3.5,3.0,109.0
124,E124S,-2.0484,-2.4541,-2.9007,22.14,-3.5,3.0,109.0
124,E124T,-3.1539,-3.5398,-2.7986,22.14,-3.5,3.0,109.0
124,E124V,-4.0533,-4.5076,-4.2382,22.14,-3.5,3.0,109.0
124,E124W,-6.5408,-7.4223,-6.178,22.14,-3.5,3.0,109.0
124,E124Y,-5.6676,-5.7783,-5.3746,22.14,-3.5,3.0,109.0
125,T125A,-2.8906,-3.1159,-4.3572,23.149,-0.7,-0.4,93.0
125,T125C,-9.0248,-9.4618,-9.976,23.149,-0.7,-0.4,93.0
125,T125D,-3.3896,-3.2565,-4.1956,23.149,-0.7,-0.4,93.0
125,T125E,-3.3601,-3.8038,-4.1555,23.149,-0.7,-0.4,93.0
125,T125F,-7.1057,-6.7742,-7.2177,23.149,-0.7,-0.4,93.0
125,T125G,-5.0441,-3.9454,-5.3058,23.149,-0.7,-0.4,93.0
125,T125H,-6.1933,-5.702,-7.0696,23.149,-0.7,-0.4,93.0
125,T125I,-6.4246,-6.182,-6.1636,23.149,-0.7,-0.4,93.0
125,T125K,-4.4795,-4.7651,-5.8722,23.149,-0.7,-0.4,93.0
125,T125L,-6.4265,-6.3741,-6.495,23.149,-0.7,-0.4,93.0
125,T125M,-7.208,-7.4086,-7.4124,23.149,-0.7,-0.4,93.0
125,T125N,-4.4444,-3.9281,-4.7914,23.149,-0.7,-0.4,93.0
125,T125P,-4.9627,-5.5915,-5.392,23.149,-0.7,-0.4,93.0
125,T125Q,-4.609,-4.9561,-5.6457,23.149,-0.7,-0.4,93.0
125,T125R,-5.6125,-5.6659,-7.2087,23.149,-0.7,-0.4,93.0
125,T125S,-2.6387,-1.2057,-2.6567,23.149,-0.7,-0.4,93.0
125,T125V,-5.2577,-5.308,-5.0656,23.149,-0.7,-0.4,93.0
125,T125W,-9.0722,-8.7879,-9.5581,23.149,-0.7,-0.4,93.0
125,T125Y,-7.2052,-6.9353,-7.8092,23.149,-0.7,-0.4,93.0
126,I126A,-3.0273,-4.0355,-3.7341,19.646,4.5,-1.8,124.0
126,I126C,-6.6378,-7.6293,-7.032,19.646,4.5,-1.8,124.0
126,I126D,-6.8819,-8.4093,-7.953,19.646,4.5,-1.8,124.0
126,I126E,-6.2486,-7.7022,-6.478,19.646,4.5,-1.8,124.0
126,I126F,-3.06,-4.2452,-5.4786,19.646,4.5,-1.8,124.0
126,I126G,-6.5513,-7.8999,-7.4319,19.646,4.5,-1.8,124.0
126,I126H,-5.0753,-7.0115,-7.1689,19.646,4.5,-1.8,124.0
126,I126K,-6.6536,-6.2892,-7.2065,19.646,4.5,-1.8,124.0
126,I126L,-0.6506,-0.7549,-1.8346,19.646,4.5,-1.8,124.0
126,I126M,-3.2753,-3.7086,-4.4768,19.646,4.5,-1.8,124.0
126,I126N,-5.0233,-6.7766,-5.5644,19.646,4.5,-1.8,124.0
126,I126P,-7.073,-8.5235,-8.008,19.646,4.5,-1.8,124.0
126,I126Q,-5.5077,-6.4736,-6.1633,19.646,4.5,-1.8,124.0
126,I126R,-5.0996,-6.451,-7.3426,19.646,4.5,-1.8,124.0
126,I126S,-5.1892,-6.1208,-5.659,19.646,4.5,-1.8,124.0
126,I126T,-3.4372,-3.7485,-3.0845,19.646,4.5,-1.8,124.0
126,I126V,0.0703,-1.3505,-0.5892,19.646,4.5,-1.8,124.0
126,I126W,-4.9633,-7.081,-7.7989,19.646,4.5,-1.8,124.0
126,I126Y,-2.6248,-5.5454,-5.6462,19.646,4.5,-1.8,124.0
127,F127A,-8.5785,-5.5216,-8.4624,16.011,2.8,-2.5,135.0
127,F127C,-8.9946,-8.4746,-8.5646,16.011,2.8,-2.5,135.0
127,F127D,-11.8892,-8.983,-10.0737,16.011,2.8,-2.5,135.0
127,F127E,-11.6736,-8.8717,-11.1704,16.011,2.8,-2.5,135.0
127,F127G,-11.2355,-8.6637,-10.2584,16.011,2.8,-2.5,135.0
127,F127H,-8.2773,-5.6598,-7.6951,16.011,2.8,-2.5,135.0
127,F127I,-7.4614,-5.8554,-8.6667,16.011,2.8,-2.5,135.0
127,F127K,-11.3778,-9.9005,-12.9354,16.011,2.8,-2.5,135.0
127,F127L,-4.844,-3.3102,-5.8093,16.011,2.8,-2.5,135.0
127,F127M,-6.9887,-5.4679,-7.8446,16.011,2.8,-2.5,135.0
127,F127N,-10.7849,-7.5722,-9.8754,16.011,2.8,-2.5,135.0
127,F127P,-11.9258,-9.291,-12.5965,16.011,2.8,-2.5,135.0
127,F127Q,-10.6781,-8.0614,-10.8906,16.011,2.8,-2.5,135.0
127,F127R,-9.3495,-8.0244,-9.9661,16.011,2.8,-2.5,135.0
127,F127S,-8.5875,-6.7494,-7.7416,16.011,2.8,-2.5,135.0
127,F127T,-10.061,-7.6802,-9.2292,16.011,2.8,-2.5,135.0
127,F127V,-7.5796,-5.3516,-8.0854,16.011,2.8,-2.5,135.0
127,F127W,-0.8868,-2.1533,-1.1912,16.011,2.8,-2.5,135.0
127,F127Y,-2.5819,-1.4437,-1.8633,16.011,2.8,-2.5,135.0
128,N128A,-1.4247,-1.3798,-1.557,21.505,-3.5,0.2,96.0
128,N128C,-8.3027,-8.6188,-8.1024,21.505,-3.5,0.2,96.0
128,N128D,-2.4839,-1.4283,-1.2599,21.505,-3.5,0.2,96.0
128,N128E,-1.5623,-1.2426,-1.5706,21.505,-3.5,0.2,96.0
128,N128F,-6.182,-5.7989,-5.9938,21.505,-3.5,0.2,96.0
128,N128G,-4.1929,-4.3394,-3.4586,21.505,-3.5,0.2,96.0
128,N128H,-3.4369,-3.5578,-3.9117,21.505,-3.5,0.2,96.0
128,N128I,-5.4886,-5.487,-5.7178,21.505,-3.5,0.2,96.0
128,N128K,-2.1258,-3.1495,-3.2133,21.505,-3.5,0.2,96.0
128,N128L,-2.8113,-3.3582,-4.319,21.505,-3.5,0.2,96.0
128,N128M,-4.9187,-5.1981,-5.3121,21.505,-3.5,0.2,96.0
128,N128P,-7.5048,-7.2369,-9.4948,21.505,-3.5,0.2,96.0
128,N128Q,-0.8942,-1.7944,-2.079,21.505,-3.5,0.2,96.0
128,N128R,-2.5826,-3.8873,-4.2347,21.505,-3.5,0.2,96.0
128,N128S,-2.4615,-2.3265,-2.3446,21.505,-3.5,0.2,96.0
128,N128T,-2.5608,-2.5414,-2.7856,21.505,-3.5,0.2,96.0
128,N128V,-5.0137,-4.9452,-4.9513,21.505,-3.5,0.2,96.0
128,N128W,-6.4578,-6.3019,-5.6976,21.505,-3.5,0.2,96.0
128,N128Y,-4.9486,-5.112,-4.93,21.505,-3.5,0.2,96.0
129,Q129A,-0.5832,-1.3098,-2.1591,21.034,-3.5,0.2,114.0
129,Q129C,-6.5212,-7.6047,-8.8707,21.034,-3.5,0.2,114.0
129,Q129D,-3.1827,-2.658,-2.5073,21.034,-3.5,0.2,114.0
129,Q129E,-0.6534,-0.0509,0.3819,21.034,-3.5,0.2,114.0
129,Q129F,-3.9819,-3.9499,-5.3948,21.034,-3.5,0.2,114.0
129,Q129G,-3.7493,-4.4634,-4.12,21.034,-3.5,0.2,114.0
129,Q129H,-3.6195,-3.796,-4.0821,21.034,-3.5,0.2,114.0
129,Q129I,-2.0979,-1.2625,-3.7819,21.034,-3.5,0.2,114.0
129,Q129K,-1.7578,-2.1721,-3.6902,21.034,-3.5,0.2,114.0
129,Q129L,-1.5069,0.0005,-3.1281,21.034,-3.5,0.2,114.0
129,Q129M,-2.6173,-1.9095,-3.8292,21.034,-3.5,0.2,114.0
129,Q129N,-2.449,-3.2261,-3.0855,21.034,-3.5,0.2,114.0
129,Q129P,-7.625,-7.9055,-7.8734,21.034,-3.5,0.2,114.0
129,Q129R,-2.3622,-3.0633,-4.8059,21.034,-3.5,0.2,114.0
129,Q129S,-2.153,-2.4817,-2.8568,21.034,-3.5,0.2,114.0
129,Q129T,-1.0683,-0.888,-1.362,21.034,-3.5,0.2,114.0
129,Q129V,-2.0439,-1.7272,-3.2273,21.034,-3.5,0.2,114.0
129,Q129W,-5.7299,-5.6323,-6.4912,21.034,-3.5,0.2,114.0
129,Q129Y,-3.9618,-4.1468,-5.1478,21.034,-3.5,0.2,114.0
130,T130A,-3.8965,-3.6272,-4.1413,16.21,-0.7,-0.4,93.0
130,T130C,-6.2455,-6.8855,-6.5314,16.21,-0.7,-0.4,93.0
130,T130D,-9.5417,-7.5144,-7.9006,16.21,-0.7,-0.4,93.0
130,T130E,-8.7518,-6.4688,-7.776,16.21,-0.7,-0.4,93.0
130,T130F,-5.3088,-6.5141,-5.548,16.21,-0.7,-0.4,93.0
130,T130G,-8.8266,-5.9793,-7.7185,16.21,-0.7,-0.4,93.0
130,T130H,-8.7791,-7.6679,-7.995,16.21,-0.7,-0.4,93.0
130,T130I,-4.7997,-5.539,-4.7672,16.21,-0.7,-0.4,93.0
130,T130K,-10.5626,-9.7577,-9.6665,16.21,-0.7,-0.4,93.0
130,T130L,-4.466,-6.3395,-4.9653,16.21,-0.7,-0.4,93.0
130,T130M,-4.6071,-5.564,-5.1901,16.21,-0.7,-0.4,93.0
130,T130N,-9.905,-6.07,-6.0248,16.21,-0.7,-0.4,93.0
130,T130P,-9.4616,-9.2926,-8.5327,16.21,-0.7,-0.4,93.0
130,T130Q,-8.4075,-6.6358,-7.4704,16.21,-0.7,-0.4,93.0
130,T130R,-10.5494,-9.7094,-9.9837,16.21,-0.7,-0.4,93.0
130,T130S,-4.7301,-2.6795,-3.2892,16.21,-0.7,-0.4,93.0
130,T130V,-3.4385,-4.91,-2.8145,16.21,-0.7,-0.4,93.0
130,T130W,-8.3567,-7.2625,-8.8138,16.21,-0.7,-0.4,93.0
130,T130Y,-7.3346,-6.8967,-7.2698,16.21,-0.7,-0.4,93.0
131,R131A,-2.2389,-1.987,-3.8642,19.833,-4.5,3.0,148.0
131,R131C,-4.9461,-6.4036,-6.0679,19.833,-4.5,3.0,148.0
131,R131D,-6.0808,-7.2159,-8.9939,19.833,-4.5,3.0,148.0
131,R131E,-4.5623,-4.6226,-6.9427,19.833,-4.5,3.0,148.0
131,R131F,-3.9169,-4.3248,-5.8268,19.833,-4.5,3.0,148.0
131,R131G,-6.153,-6.094,-7.1412,19.833,-4.5,3.0,148.0
131,R131H,-3.3359,-4.2578,-5.3714,19.833,-4.5,3.0,148.0
131,R131I,-1.8935,-2.5119,-3.2652,19.833,-4.5,3.0,148.0
131,R131K,-0.0024,-0.5614,-0.2004,19.833,-4.5,3.0,148.0
131,R131L,-0.1495,-0.5245,-2.2596,19.833,-4.5,3.0,148.0
131,R131M,-2.6843,-2.693,-3.6191,19.833,-4.5,3.0,148.0
131,R131N,-3.9817,-4.4446,-5.8157,19.833,-4.5,3.0,148.0
131,R131P,-7.1321,-7.8852,-9.166,19.833,-4.5,3.0,148.0
131,R131Q,-2.6345,-2.5058,-4.0092,19.833,-4.5,3.0,148.0
131,R131S,-2.8021,-2.9308,-4.3237,19.833,-4.5,3.0,148.0
131,R131T,-2.9081,-2.8965,-4.1332,19.833,-4.5,3.0,148.0
131,R131V,-1.8398,-2.4084,-3.1752,19.833,-4.5,3.0,148.0
131,R131W,-5.1084,-5.4381,-5.9956,19.833,-4.5,3.0,148.0
131,R131Y,-4.0007,-4.6962,-5.8512,19.833,-4.5,3.0,148.0
132,S132A,0.3941,-1.6194,-0.0409,22.22,-0.8,0.3,73.0
132,S132C,-7.2862,-7.8257,-6.071,22.22,-0.8,0.3,73.0
132,S132D,-2.8211,-3.4557,-2.593,22.22,-0.8,0.3,73.0
132,S132E,-2.0912,-3.0672,-1.5194,22.22,-0.8,0.3,73.0
132,S132F,-5.1134,-5.8313,-4.4012,22.22,-0.8,0.3,73.0
132,S132G,-2.5556,-2.1995,-1.7777,22.22,-0.8,0.3,73.0
132,S132H,-4.8412,-4.4928,-4.3316,22.22,-0.8,0.3,73.0
132,S132I,-4.7805,-5.6909,-3.3057,22.22,-0.8,0.3,73.0
132,S132K,-3.268,-3.2127,-1.7281,22.22,-0.8,0.3,73.0
132,S132L,-3.5722,-4.4588,-2.2058,22.22,-0.8,0.3,73.0
132,S132M,-4.6729,-5.5874,-3.1483,22.22,-0.8,0.3,73.0
132,S132N,-2.9363,-3.2547,-2.5266,22.22,-0.8,0.3,73.0
132,S132P,-4.0217,-4.4863,-4.3026,22.22,-0.8,0.3,73.0
132,S132Q,-2.1508,-2.5732,-0.5701,22.22,-0.8,0.3,73.0
132,S132R,-4.057,-4.3617,-2.8775,22.22,-0.8,0.3,73.0
132,S132T,-2.2647,-2.3665,-1.5,22.22,-0.8,0.3,73.0
132,S132V,-3.5348,-4.9742,-2.6873,22.22,-0.8,0.3,73.0
132,S132W,-6.894,-7.8865,-6.1778,22.22,-0.8,0.3,73.0
132,S132Y,-4.9947,-5.9848,-4.8218,22.22,-0.8,0.3,73.0
133,Y133A,-4.7966,-4.5333,-5.1371,20.435,-1.3,-2.3,141.0
133,Y133C,-6.1312,-6.9455,-6.736,20.435,-1.3,-2.3,141.0
133,Y133D,-7.9368,-5.8637,-8.0141,20.435,-1.3,-2.3,141.0
133,Y133E,-7.934,-6.1398,-7.1585,20.435,-1.3,-2.3,141.0
133,Y133F,-1.0275,-0.6962,-0.9441,20.435,-1.3,-2.3,141.0
133,Y133G,-7.7339,-6.3069,-6.6669,20.435,-1.3,-2.3,141.0
133,Y133H,-2.7154,-3.3314,-3.4449,20.435,-1.3,-2.3,141.0
133,Y133I,-3.5648,-5.1268,-5.6647,20.435,-1.3,-2.3,141.0
133,Y133K,-7.578,-6.228,-6.6065,20.435,-1.3,-2.3,141.0
133,Y133L,-2.9174,-3.0392,-4.1421,20.435,-1.3,-2.3,141.0
133,Y133M,-5.5681,-5.2876,-5.4929,20.435,-1.3,-2.3,141.0
133,Y133N,-5.4316,-4.6334,-5.0749,20.435,-1.3,-2.3,141.0
133,Y133P,-9.9376,-8.6399,-8.3391,20.435,-1.3,-2.3,141.0
133,Y133Q,-5.796,-5.0785,-5.4752,20.435,-1.3,-2.3,141.0
133,Y133R,-6.9441,-5.4184,-6.2823,20.435,-1.3,-2.3,141.0
133,Y133S,-4.8559,-4.3289,-5.204,20.435,-1.3,-2.3,141.0
133,Y133T,-4.7304,-5.0231,-5.7275,20.435,-1.3,-2.3,141.0
133,Y133V,-4.4813,-5.5027,-5.6316,20.435,-1.3,-2.3,141.0
133,Y133W,-4.7213,-4.0851,-2.1403,20.435,-1.3,-2.3,141.0
134,W134A,-8.7022,-4.7403,-7.2133,14.899,-0.9,-3.4,163.0
134,W134C,-7.6336,-6.7468,-7.4664,14.899,-0.9,-3.4,163.0
134,W134D,-11.2519,-7.2495,-10.5102,14.899,-0.9,-3.4,163.0
134,W134E,-11.4202,-7.4916,-10.5014,14.899,-0.9,-3.4,163.0
134,W134F,-1.0643,0.3008,-0.4392,14.899,-0.9,-3.4,163.0
134,W134G,-9.9295,-5.9191,-8.2217,14.899,-0.9,-3.4,163.0
134,W134H,-7.9355,-5.3447,-7.8718,14.899,-0.9,-3.4,163.0
134,W134I,-6.9554,-4.569,-4.5374,14.899,-0.9,-3.4,163.0
134,W134K,-11.3194,-7.8041,-10.8483,14.899,-0.9,-3.4,163.0
134,W134L,-5.1332,-3.2755,-4.0578,14.899,-0.9,-3.4,163.0
134,W134M,-7.0547,-4.9067,-5.1655,14.899,-0.9,-3.4,163.0
134,W134N,-9.5106,-5.9751,-8.5065,14.899,-0.9,-3.4,163.0
134,W134P,-11.1703,-7.8623,-9.9144,14.899,-0.9,-3.4,163.0
134,W134Q,-9.9475,-6.3436,-9.1545,14.899,-0.9,-3.4,163.0
134,W134R,-9.5345,-6.3619,-9.2332,14.899,-0.9,-3.4,163.0
134,W134S,-7.9381,-4.6198,-6.6409,14.899,-0.9,-3.4,163.0
134,W134T,-8.6702,-5.2881,-7.3998,14.899,-0.9,-3.4,163.0
134,W134V,-7.7094,-4.9235,-5.8061,14.899,-0.9,-3.4,163.0
134,W134Y,-3.4696,-1.9907,-3.203,14.899,-0.9,-3.4,163.0
135,T135A,-1.0423,-0.928,-1.0708,22.422,-0.7,-0.4,93.0
135,T135C,-5.8149,-5.909,-6.2492,22.422,-0.7,-0.4,93.0
135,T135D,-2.4214,-2.0461,-1.2837,22.422,-0.7,-0.4,93.0
135,T135E,-2.397,-2.0812,-2.1851,22.422,-0.7,-0.4,93.0
135,T135F,-4.8291,-3.6291,-3.2141,22.422,-0.7,-0.4,93.0
135,T135G,-2.3893,-0.8905,-0.9131,22.422,-0.7,-0.4,93.0
135,T135H,-3.6071,-1.7815,-3.0826,22.422,-0.7,-0.4,93.0
135,T135I,-2.7646,-3.0037,-2.1904,22.422,-0.7,-0.4,93.0
135,T135K,-1.1901,-0.0625,-1.2937,22.422,-0.7,-0.4,93.0
135,T135L,-2.6171,-2.6907,-2.2568,22.422,-0.7,-0.4,93.0
135,T135M,-4.6279,-4.2817,-3.8568,22.422,-0.7,-0.4,93.0
135,T135N,-1.575,-0.9063,-0.9242,22.422,-0.7,-0.4,93.0
135,T135P,-2.2745,-1.9731,-1.354,22.422,-0.7,-0.4,93.0
135,T135Q,-1.8678,-1.2645,-1.8915,22.422,-0.7,-0.4,93.0
135,T135R,-3.0458,-1.9797,-2.8934,22.422,-0.7,-0.4,93.0
135,T135S,0.1835,-0.234,-0.7328,22.422,-0.7,-0.4,93.0
135,T135V,-2.1033,-2.3493,-1.5132,22.422,-0.7,-0.4,93.0
135,T135W,-6.8754,-5.7387,-5.1705,22.422,-0.7,-0.4,93.0
135,T135Y,-5.1393,-3.8016,-3.6837,22.422,-0.7,-0.4,93.0
136,D136A,-1.3287,-1.208,-1.5491,21.941,-3.5,3.0,91.0
136,D136C,-5.6713,-6.0597,-7.1816,21.941,-3.5,3.0,91.0
136,D136E,-0.759,-1.2629,-1.2786,21.941,-3.5,3.0,91.0
136,D136F,-4.8199,-3.7605,-5.9313,21.941,-3.5,3.0,91.0
136,D136G,-1.3426,-1.4677,-1.1497,21.941,-3.5,3.0,91.0
136,D136H,-3.3113,-2.2422,-3.9339,21.941,-3.5,3.0,91.0
136,D136I,-4.7061,-3.9934,-5.6478,21.941,-3.5,3.0,91.0
136,D136K,-2.4754,-1.5386,-3.5417,21.941,-3.5,3.0,91.0
136,D136L,-3.9595,-3.2095,-3.8897,21.941,-3.5,3.0,91.0
136,D136M,-4.9563,-4.5839,-5.8841,21.941,-3.5,3.0,91.0
136,D136N,-0.4339,-0.153,-1.1967,21.941,-3.5,3.0,91.0
136,D136P,-3.7192,-2.4575,-2.1877,21.941,-3.5,3.0,91.0
136,D136Q,-2.1635,-1.7506,-3.0974,21.941,-3.5,3.0,91.0
136,D136R,-3.8938,-2.93,-4.4764,21.941,-3.5,3.0,91.0
136,D136S,-0.1703,0.2201,-1.621,21.941,-3.5,3.0,91.0
136,D136T,-0.6108,-0.4815,-2.1864,21.941,-3.5,3.0,91.0
136,D136V,-3.3905,-3.29,-4.2407,21.941,-3.5,3.0,91.0
136,D136W,-6.6825,-5.3047,-7.2745,21.941,-3.5,3.0,91.0
136,D136Y,-4.3467,-3.4945,-5.5383,21.941,-3.5,3.0,91.0
137,P137A,1.7332,1.4847,0.347,21.948,-1.6,0.0,90.0
137,P137C,-2.5791,-3.8895,-6.3815,21.948,-1.6,0.0,90.0
137,P137D,0.2818,1.2472,0.9268,21.948,-1.6,0.0,90.0
137,P137E,-0.4965,0.0419,0.0859,21.948,-1.6,0.0,90.0
137,P137F,-2.3647,-1.7526,-4.2431,21.948,-1.6,0.0,90.0
137,P137G,2.5785,1.4454,0.8106,21.948,-1.6,0.0,90.0
137,P137H,0.3464,-0.5592,-3.2158,21.948,-1.6,0.0,90.0
137,P137I,-1.8822,-2.2623,-3.4685,21.948,-1.6,0.0,90.0
137,P137K,0.81,0.0255,-1.3479,21.948,-1.6,0.0,90.0
137,P137L,-1.1614,-1.1333,-2.4933,21.948,-1.6,0.0,90.0
137,P137M,-2.3947,-3.0305,-4.0385,21.948,-1.6,0.0,90.0
137,P137N,0.5958,1.9364,0.1379,21.948,-1.6,0.0,90.0
137,P137Q,0.7149,-0.2933,-1.4328,21.948,-1.6,0.0,90.0
137,P137R,0.1551,-1.1786,-2.5781,21.948,-1.6,0.0,90.0
137,P137S,1.8247,1.4753,-0.0912,21.948,-1.6,0.0,90.0
137,P137T,0.8378,0.2218,-1.2916,21.948,-1.6,0.0,90.0
137,P137V,-0.6453,-1.0119,-2.6818,21.948,-1.6,0.0,90.0
137,P137W,-4.4298,-4.1898,-4.8084,21.948,-1.6,0.0,90.0
137,P137Y,-2.1616,-1.8066,-3.4839,21.948,-1.6,0.0,90.0
138,V138A,0.748,1.7882,1.4234,21.478,4.2,-1.5,105.0
138,V138C,-3.9036,-4.2792,-5.099,21.478,4.2,-1.5,105.0
138,V138D,0.5634,2.0054,2.8838,21.478,4.2,-1.5,105.0
138,V138E,0.3453,1.779,2.2169,21.478,4.2,-1.5,105.0
138,V138F,-1.5277,-1.0174,-1.2901,21.478,4.2,-1.5,105.0
138,V138G,0.0092,0.5218,0.1551,21.478,4.2,-1.5,105.0
138,V138H,-1.7242,-0.1022,-0.8503,21.478,4.2,-1.5,105.0
138,V138I,-1.0477,-0.8331,-1.4401,21.478,4.2,-1.5,105.0
138,V138K,-0.6493,1.0244,-0.2139,21.478,4.2,-1.5,105.0
138,V138L,-0.4053,0.2893,-0.203,21.478,4.2,-1.5,105.0
138,V138M,-2.1953,-1.2834,-1.5713,21.478,4.2,-1.5,105.0
138,V138N,0.1949,1.7163,2.7242,21.478,4.2,-1.5,105.0
138,V138P,-0.4926,-0.3104,-0.248,21.478,4.2,-1.5,105.0
138,V138Q,-0.4282,0.9453,0.8523,21.478,4.2,-1.5,105.0
138,V138R,-1.5986,-0.5884,-1.9351,21.478,4.2,-1.5,105.0
138,V138S,0.6235,1.8297,1.8007,21.478,4.2,-1.5,105.0
138,V138T,1.1678,1.8851,2.2813,21.478,4.2,-1.5,105.0
138,V138W,-3.6378,-2.2516,-3.882,21.478,4.2,-1.5,105.0
138,V138Y,-1.4728,-0.5058,-1.1872,21.478,4.2,-1.5,105.0
139,T139A,-1.2649,-1.3818,-2.1347,19.901,-0.7,-0.4,93.0
139,T139C,-5.6054,-6.4787,-4.3624,19.901,-0.7,-0.4,93.0
139,T139D,-2.5226,-2.1095,-3.1458,19.901,-0.7,-0.4,93.0
139,T139E,-1.856,-1.3262,-1.5615,19.901,-0.7,-0.4,93.0
139,T139F,-1.5634,-2.0304,-1.9724,19.901,-0.7,-0.4,93.0
139,T139G,-2.2323,-2.8174,-2.2841,19.901,-0.7,-0.4,93.0
139,T139H,-2.4805,-2.4634,-1.8718,19.901,-0.7,-0.4,93.0
139,T139I,-0.8344,-1.4039,-0.3039,19.901,-0.7,-0.4,93.0
139,T139K,-2.0631,-2.2419,-2.3147,19.901,-0.7,-0.4,93.0
139,T139L,-0.681,-1.7856,-0.5092,19.901,-0.7,-0.4,93.0
139,T139M,-2.336,-3.4079,-1.9505,19.901,-0.7,-0.4,93.0
139,T139N,-1.5129,-1.7493,-2.0327,19.901,-0.7,-0.4,93.0
139,T139P,-1.2899,-2.5962,-3.9043,19.901,-0.7,-0.4,93.0
139,T139Q,-2.015,-2.0977,-1.889,19.901,-0.7,-0.4,93.0
139,T139R,-2.3647,-3.1691,-2.34,19.901,-0.7,-0.4,93.0
139,T139S,-0.9089,-1.0382,-0.9258,19.901,-0.7,-0.4,93.0
139,T139V,-0.4872,-0.6759,-0.8029,19.901,-0.7,-0.4,93.0
139,T139W,-4.2549,-4.427,-3.8211,19.901,-0.7,-0.4,93.0
139,T139Y,-1.6805,-2.0026,-1.8039,19.901,-0.7,-0.4,93.0
140,I140A,-4.4842,-3.3612,-2.8345,16.114,4.5,-1.8,124.0
140,I140C,-6.3155,-6.4271,-5.4398,16.114,4.5,-1.8,124.0
140,I140D,-7.4615,-7.79,-4.4851,16.114,4.5,-1.8,124.0
140,I140E,-7.3475,-7.0119,-5.0947,16.114,4.5,-1.8,124.0
140,I140F,-3.0212,-1.4334,-1.9793,16.114,4.5,-1.8,124.0
140,I140G,-6.7551,-6.2962,-3.8102,16.114,4.5,-1.8,124.0
140,I140H,-6.7777,-6.4661,-5.0975,16.114,4.5,-1.8,124.0
140,I140K,-7.2879,-7.4141,-4.6275,16.114,4.5,-1.8,124.0
140,I140L,-0.3464,-0.4541,-1.05,16.114,4.5,-1.8,124.0
140,I140M,-3.1113,-2.6043,-2.3367,16.114,4.5,-1.8,124.0
140,I140N,-6.3355,-6.3131,-4.1059,16.114,4.5,-1.8,124.0
140,I140P,-6.2465,-5.4721,-3.5475,16.114,4.5,-1.8,124.0
140,I140Q,-6.5729,-6.2515,-5.083,16.114,4.5,-1.8,124.0
140,I140R,-7.2396,-7.3231,-5.2402,16.114,4.5,-1.8,124.0
140,I140S,-6.1521,-5.4855,-3.4341,16.114,4.5,-1.8,124.0
140,I140T,-4.6581,-3.7368,-0.6047,16.114,4.5,-1.8,124.0
140,I140V,-0.8492,-0.3668,-0.4878,16.114,4.5,-1.8,124.0
140,I140W,-6.5068,-5.0869,-4.832,16.114,4.5,-1.8,124.0
140,I140Y,-5.1536,-3.6332,-3.0361,16.114,4.5,-1.8,124.0
141,D141A,-3.76,-4.0629,-4.2293,16.494,-3.5,3.0,91.0
141,D141C,-6.0105,-7.0687,-7.1897,16.494,-3.5,3.0,91.0
141,D141E,-3.6447,-3.8027,-2.9687,16.494,-3.5,3.0,91.0
141,D141F,-5.5221,-5.9504,-6.8191,16.494,-3.5,3.0,91.0
141,D141G,-1.5356,-1.5369,-2.8241,16.494,-3.5,3.0,91.0
141,D141H,-4.3452,-3.9725,-4.7161,16.494,-3.5,3.0,91.0
141,D141I,-5.5516,-6.8565,-6.3212,16.494,-3.5,3.0,91.0
141,D141K,-4.0504,-4.2536,-4.2529,16.494,-3.5,3.0,91.0
141,D141L,-4.7085,-5.6921,-6.082,16.494,-3.5,3.0,91.0
141,D141M,-5.963,-6.8271,-6.4872,16.494,-3.5,3.0,91.0
141,D141N,-0.2153,-0.5804,-1.4328,16.494,-3.5,3.0,91.0
141,D141P,-2.6406,-2.9097,-3.1285,16.494,-3.5,3.0,91.0
141,D141Q,-4.2602,-4.5609,-4.4362,16.494,-3.5,3.0,91.0
141,D141R,-4.5496,-4.66,-4.9669,16.494,-3.5,3.0,91.0
141,D141S,0.1019,-0.0981,-1.2785,16.494,-3.5,3.0,91.0
141,D141T,1.41,0.3024,-0.543,16.494,-3.5,3.0,91.0
141,D141V,-5.2444,-6.8229,-5.4509,16.494,-3.5,3.0,91.0
141,D141W,-7.2616,-7.3726,-7.9945,16.494,-3.5,3.0,91.0
141,D141Y,-5.0844,-5.0183,-5.8028,16.494,-3.5,3.0,91.0
142,I142A,-1.8905,-1.8718,-1.5855,14.15,4.5,-1.8,124.0
142,I142C,-5.3435,-6.6955,-6.2651,14.15,4.5,-1.8,124.0
142,I142D,-4.8012,-5.3781,-4.7386,14.15,4.5,-1.8,124.0
142,I142E,-4.3919,-3.1977,-3.1509,14.15,4.5,-1.8,124.0
142,I142F,-1.4163,-1.8357,-1.9836,14.15,4.5,-1.8,124.0
142,I142G,-3.2231,-4.0193,-4.6742,14.15,4.5,-1.8,124.0
142,I142H,-4.1222,-4.6237,-5.5428,14.15,4.5,-1.8,124.0
142,I142K,-4.2366,-4.6585,-5.7244,14.15,4.5,-1.8,124.0
142,I142L,-0.4063,0.0274,0.0171,14.15,4.5,-1.8,124.0
142,I142M,-2.346,-2.0071,-2.0388,14.15,4.5,-1.8,124.0
142,I142N,-2.5355,-4.6724,-5.4262,14.15,4.5,-1.8,124.0
142,I142P,-3.9163,-3.8615,-3.6072,14.15,4.5,-1.8,124.0
142,I142Q,-4.0832,-3.5202,-4.515,14.15,4.5,-1.8,124.0
142,I142R,-3.7511,-4.4484,-5.6847,14.15,4.5,-1.8,124.0
142,I142S,-2.8593,-3.3122,-3.7805,14.15,4.5,-1.8,124.0
142,I142T,-2.3225,-2.5735,-2.6468,14.15,4.5,-1.8,124.0
142,I142V,-0.3411,-0.4763,-0.0471,14.15,4.5,-1.8,124.0
142,I142W,-4.1837,-4.1996,-4.0737,14.15,4.5,-1.8,124.0
142,I142Y,-2.3033,-2.8102,-3.5511,14.15,4.5,-1.8,124.0
143,H143A,2.5995,0.9518,2.2793,17.885,-3.2,-0.5,118.0
143,H143C,-3.0417,-4.7496,-5.1374,17.885,-3.2,-0.5,118.0
143,H143D,1.5429,0.1062,2.0171,17.885,-3.2,-0.5,118.0
143,H143E,2.3457,0.6666,2.9545,17.885,-3.2,-0.5,118.0
143,H143F,-0.3614,-0.8283,-0.3701,17.885,-3.2,-0.5,118.0
143,H143G,0.5023,-0.4783,0.7049,17.885,-3.2,-0.5,118.0
143,H143I,0.863,-0.101,0.3967,17.885,-3.2,-0.5,118.0
143,H143K,1.445,0.6351,1.573,17.885,-3.2,-0.5,118.0
143,H143L,0.8611,-0.3768,0.9293,17.885,-3.2,-0.5,118.0
143,H143M,-0.7323,-1.843,-0.4768,17.885,-3.2,-0.5,118.0
143,H143N,1.4926,1.3385,1.9836,17.885,-3.2,-0.5,118.0
143,H143P,0.8667,-1.4534,0.8763,17.885,-3.2,-0.5,118.0
143,H143Q,2.3041,1.1402,2.3148,17.885,-3.2,-0.5,118.0
143,H143R,0.1875,-0.1279,0.6714,17.885,-3.2,-0.5,118.0
143,H143S,1.6677,0.4359,1.2559,17.885,-3.2,-0.5,118.0
143,H143T,2.6501,1.4105,2.0634,17.885,-3.2,-0.5,118.0
143,H143V,2.3031,0.9197,1.5573,17.885,-3.2,-0.5,118.0
143,H143W,-2.1745,-2.6207,-1.4705,17.885,-3.2,-0.5,118.0
143,H143Y,-0.3092,-0.8016,-0.0216,17.885,-3.2,-0.5,118.0
144,Q144A,1.9358,1.1842,0.0,17.526,-3.5,0.2,114.0
144,Q144C,-3.3143,-4.8202,-5.0883,17.526,-3.5,0.2,114.0
144,Q144D,0.0459,-0.2988,-1.7516,17.526,-3.5,0.2,114.0
144,Q144E,-2.1181,-1.4407,-1.7673,17.526,-3.5,0.2,114.0
144,Q144F,-2.3096,-2.1539,-3.6766,17.526,-3.5,0.2,114.0
144,Q144G,1.026,-0.8022,-1.6924,17.526,-3.5,0.2,114.0
144,Q144H,-0.3126,-0.7226,-1.6374,17.526,-3.5,0.2,114.0
144,Q144I,-0.3032,-0.8622,-1.9522,17.526,-3.5,0.2,114.0
144,Q144K,-0.6849,0.7566,-1.0053,17.526,-3.5,0.2,114.0
144,Q144L,-0.6605,0.1713,-0.9971,17.526,-3.5,0.2,114.0
144,Q144M,-0.6822,1.7555,-0.6013,17.526,-3.5,0.2,114.0
144,Q144N,-0.0473,-0.3071,-1.204,17.526,-3.5,0.2,114.0
144,Q144P,-3.4418,-3.9682,-5.1609,17.526,-3.5,0.2,114.0
144,Q144R,-1.6604,0.0318,-2.0136,17.526,-3.5,0.2,114.0
144,Q144S,1.5966,0.9546,-0.0151,17.526,-3.5,0.2,114.0
144,Q144T,2.5949,1.5706,0.2718,17.526,-3.5,0.2,114.0
144,Q144V,0.7334,-0.6581,-1.4399,17.526,-3.5,0.2,114.0
144,Q144W,-3.8551,-3.3357,-5.0449,17.526,-3.5,0.2,114.0
144,Q144Y,-2.259,-2.2793,-4.4236,17.526,-3.5,0.2,114.0
145,A145C,-4.5529,-3.7176,-5.2916,13.968,1.8,-0.5,67.0
145,A145D,-8.0923,-5.0142,-7.9191,13.968,1.8,-0.5,67.0
145,A145E,-6.8598,-3.1632,-6.4681,13.968,1.8,-0.5,67.0
145,A145F,-1.9026,0.1131,-4.1234,13.968,1.8,-0.5,67.0
145,A145G,-2.7705,-3.0922,-3.1281,13.968,1.8,-0.5,67.0
145,A145H,-6.3861,-3.5564,-8.0636,13.968,1.8,-0.5,67.0
145,A145I,-2.6864,1.0893,-2.9857,13.968,1.8,-0.5,67.0
145,A145K,-8.5282,-5.047,-9.4137,13.968,1.8,-0.5,67.0
145,A145L,-2.3551,1.3657,-2.1825,13.968,1.8,-0.5,67.0
145,A145M,-2.9609,-0.0507,-3.377,13.968,1.8,-0.5,67.0
145,A145N,-6.5675,-3.6324,-7.2211,13.968,1.8,-0.5,67.0
145,A145P,-7.4284,-4.5821,-7.4882,13.968,1.8,-0.5,67.0
145,A145Q,-6.0201,-2.4016,-6.5715,13.968,1.8,-0.5,67.0
145,A145R,-7.8259,-4.2598,-8.5873,13.968,1.8,-0.5,67.0
145,A145S,-3.394,-2.1869,-3.9187,13.968,1.8,-0.5,67.0
145,A145T,-3.5538,-1.5335,-3.5271,13.968,1.8,-0.5,67.0
145,A145V,-2.1153,0.754,-2.0374,13.968,1.8,-0.5,67.0
145,A145W,-5.1944,-2.3618,-6.5444,13.968,1.8,-0.5,67.0
145,A145Y,-3.6117,-1.3531,-5.7919,13.968,1.8,-0.5,67.0
146,A146C,-5.2687,-7.0076,-6.7259,15.783,1.8,-0.5,67.0
146,A146D,-7.6059,-4.7188,-7.2171,15.783,1.8,-0.5,67.0
146,A146E,-5.6985,-2.9587,-6.2204,15.783,1.8,-0.5,67.0
146,A146F,-4.6414,-3.9331,-5.883,15.783,1.8,-0.5,67.0
146,A146G,-2.336,-2.9236,-3.3255,15.783,1.8,-0.5,67.0
146,A146H,-7.0027,-4.8715,-8.557,15.783,1.8,-0.5,67.0
146,A146I,-2.81,-2.1113,-4.1979,15.783,1.8,-0.5,67.0
146,A146K,-5.3938,-3.898,-8.9807,15.783,1.8,-0.5,67.0
146,A146L,-4.3567,-2.9551,-5.0895,15.783,1.8,-0.5,67.0
146,A146M,-4.7429,-4.0576,-6.0493,15.783,1.8,-0.5,67.0
146,A146N,-5.7429,-3.5618,-7.1793,15.783,1.8,-0.5,67.0
146,A146P,-8.0318,-6.7738,-8.8141,15.783,1.8,-0.5,67.0
146,A146Q,-5.3704,-2.9258,-6.81,15.783,1.8,-0.5,67.0
146,A146R,-4.7533,-3.8259,-8.1294,15.783,1.8,-0.5,67.0
146,A146S,-1.9916,-1.9994,-2.79,15.783,1.8,-0.5,67.0
146,A146T,-2.5247,-1.7738,-4.0906,15.783,1.8,-0.5,67.0
146,A146V,-1.6249,-1.6821,-2.916,15.783,1.8,-0.5,67.0
146,A146W,-6.532,-5.2835,-7.4616,15.783,1.8,-0.5,67.0
146,A146Y,-5.036,-4.1839,-6.8339,15.783,1.8,-0.5,67.0
147,N147A,1.6901,2.3723,-0.0952,18.127,-3.5,0.2,96.0
147,N147C,-4.9736,-4.7169,-6.2203,18.127,-3.5,0.2,96.0
147,N147D,-0.6444,-0.2721,-0.8757,18.127,-3.5,0.2,96.0
147,N147E,-0.1516,0.6269,-1.216,18.127,-3.5,0.2,96.0
147,N147F,-1.3717,-1.6119,-2.3592,18.127,-3.5,0.2,96.0
147,N147G,-1.7491,-1.4578,-3.5144,18.127,-3.5,0.2,96.0
147,N147H,-1.5522,-1.6637,-2.1716,18.127,-3.5,0.2,96.0
147,N147I,0.2255,0.909,-1.1651,18.127,-3.5,0.2,96.0
147,N147K,1.1962,0.9054,-0.3575,18.127,-3.5,0.2,96.0
147,N147L,0.5369,1.9156,0.1349,18.127,-3.5,0.2,96.0
147,N147M,-1.3816,-0.6041,-1.5264,18.127,-3.5,0.2,96.0
147,N147P,-3.0248,-3.9973,-6.6275,18.127,-3.5,0.2,96.0
147,N147Q,0.2235,0.5547,-0.5652,18.127,-3.5,0.2,96.0
147,N147R,0.5512,0.135,-1.2659,18.127,-3.5,0.2,96.0
147,N147S,-0.1851,0.2032,-1.4311,18.127,-3.5,0.2,96.0
147,N147T,0.152,0.6759,-1.2481,18.127,-3.5,0.2,96.0
147,N147V,0.12,1.0563,-0.9161,18.127,-3.5,0.2,96.0
147,N147W,-3.1549,-3.3236,-3.5955,18.127,-3.5,0.2,96.0
147,N147Y,-1.8223,-1.8272,-2.2816,18.127,-3.5,0.2,96.0
148,A148C,-5.323,-5.3555,-6.7803,16.617,1.8,-0.5,67.0
148,A148D,-7.7884,-5.9778,-8.6534,16.617,1.8,-0.5,67.0
148,A148E,-8.1606,-5.8932,-8.0747,16.617,1.8,-0.5,67.0
148,A148F,-5.3716,-3.0023,-7.0731,16.617,1.8,-0.5,67.0
148,A148G,-3.1726,-3.2641,-4.1248,16.617,1.8,-0.5,67.0
148,A148H,-6.713,-5.528,-9.2997,16.617,1.8,-0.5,67.0
148,A148I,-5.2085,-4.2273,-6.284,16.617,1.8,-0.5,67.0
148,A148K,-8.8833,-7.7242,-10.2415,16.617,1.8,-0.5,67.0
148,A148L,-5.7887,-4.3157,-6.4704,16.617,1.8,-0.5,67.0
148,A148M,-5.414,-4.8344,-6.8358,16.617,1.8,-0.5,67.0
148,A148N,-6.8519,-5.1796,-7.881,16.617,1.8,-0.5,67.0
148,A148P,-8.0794,-7.9555,-9.1033,16.617,1.8,-0.5,67.0
148,A148Q,-7.5849,-5.8143,-8.3028,16.617,1.8,-0.5,67.0
148,A148R,-8.2679,-7.0609,-9.642,16.617,1.8,-0.5,67.0
148,A148S,-3.4499,-1.9608,-2.6794,16.617,1.8,-0.5,67.0
148,A148T,-4.8793,-3.8122,-4.9663,16.617,1.8,-0.5,67.0
148,A148V,-3.7989,-3.7626,-4.589,16.617,1.8,-0.5,67.0
148,A148W,-7.6209,-5.2703,-9.2007,16.617,1.8,-0.5,67.0
148,A148Y,-5.2945,-3.574,-8.2102,16.617,1.8,-0.5,67.0
149,R149A,-5.1412,-4.3957,-5.0838,12.516,-4.5,3.0,148.0
149,R149C,-6.9379,-7.7918,-6.8413,12.516,-4.5,3.0,148.0
149,R149D,-8.2968,-8.3734,-8.705,12.516,-4.5,3.0,148.0
149,R149E,-7.3414,-6.4818,-6.8027,12.516,-4.5,3.0,148.0
149,R149F,-4.2219,-4.3339,-5.1981,12.516,-4.5,3.0,148.0
149,R149G,-6.7124,-6.9355,-6.846,12.516,-4.5,3.0,148.0
149,R149H,-3.5527,-4.1886,-5.101,12.516,-4.5,3.0,148.0
149,R149I,-4.8323,-3.7382,-4.0353,12.516,-4.5,3.0,148.0
149,R149K,-2.4033,-2.5751,-3.0039,12.516,-4.5,3.0,148.0
149,R149L,-3.898,-3.1334,-2.7948,12.516,-4.5,3.0,148.0
149,R149M,-5.0835,-4.4166,-4.502,12.516,-4.5,3.0,148.0
149,R149N,-6.1161,-5.6913,-6.5292,12.516,-4.5,3.0,148.0
149,R149P,-9.6193,-9.0341,-9.2374,12.516,-4.5,3.0,148.0
149,R149Q,-5.0412,-4.5721,-4.406,12.516,-4.5,3.0,148.0
149,R149S,-5.7034,-4.5563,-5.9648,12.516,-4.5,3.0,148.0
149,R149T,-5.2986,-3.181,-5.8562,12.516,-4.5,3.0,148.0
149,R149V,-4.8958,-3.6788,-4.315,12.516,-4.5,3.0,148.0
149,R149W,-5.5635,-5.134,-5.4985,12.516,-4.5,3.0,148.0
149,R149Y,-4.5904,-3.7283,-5.0929,12.516,-4.5,3.0,148.0
150,N150A,2.0086,-0.0618,2.1842,17.353,-3.5,0.2,96.0
150,N150C,-3.7243,-6.1106,-3.2867,17.353,-3.5,0.2,96.0
150,N150D,-2.2889,-1.9456,-1.6029,17.353,-3.5,0.2,96.0
150,N150E,-1.2681,-1.7409,-1.2128,17.353,-3.5,0.2,96.0
150,N150F,0.5574,-1.6466,1.7031,17.353,-3.5,0.2,96.0
150,N150G,-1.334,-3.2508,-1.5637,17.353,-3.5,0.2,96.0
150,N150H,-0.7445,-1.9447,0.1893,17.353,-3.5,0.2,96.0
150,N150I,2.4544,-0.1199,1.8044,17.353,-3.5,0.2,96.0
150,N150K,1.6129,-0.3533,1.5475,17.353,-3.5,0.2,96.0
150,N150L,3.0777,0.7285,3.3881,17.353,-3.5,0.2,96.0
150,N150M,0.663,-1.585,1.1621,17.353,-3.5,0.2,96.0
150,N150P,-3.1479,-5.5967,-4.5872,17.353,-3.5,0.2,96.0
150,N150Q,0.4504,-0.5207,0.1464,17.353,-3.5,0.2,96.0
150,N150R,0.9053,-0.6152,0.9178,17.353,-3.5,0.2,96.0
150,N150S,0.1364,-1.5252,0.135,17.353,-3.5,0.2,96.0
150,N150T,0.3039,-1.1669,-0.0077,17.353,-3.5,0.2,96.0
150,N150V,2.3214,-0.5742,2.2751,17.353,-3.5,0.2,96.0
150,N150W,-1.6817,-2.8496,0.6861,17.353,-3.5,0.2,96.0
150,N150Y,-0.2264,-2.0255,1.6959,17.353,-3.5,0.2,96.0
151,A151C,-5.8467,-5.7538,-8.5824,19.797,1.8,-0.5,67.0
151,A151D,-3.4585,-1.032,-4.7712,19.797,1.8,-0.5,67.0
151,A151E,-3.4082,-1.546,-3.9325,19.797,1.8,-0.5,67.0
151,A151F,-3.2447,-1.7009,-4.0542,19.797,1.8,-0.5,67.0
151,A151G,-2.9274,-3.2134,-3.9626,19.797,1.8,-0.5,67.0
151,A151H,-1.7176,-0.9248,-3.9652,19.797,1.8,-0.5,67.0
151,A151I,-2.9874,-2.0873,-4.38,19.797,1.8,-0.5,67.0
151,A151K,-0.8038,-1.4774,-2.9957,19.797,1.8,-0.5,67.0
151,A151L,-1.8277,-1.1209,-3.3235,19.797,1.8,-0.5,67.0
151,A151M,-3.3311,-2.9179,-4.524,19.797,1.8,-0.5,67.0
151,A151N,-1.3429,-1.4832,-4.0651,19.797,1.8,-0.5,67.0
151,A151P,-6.0862,-6.447,-9.1103,19.797,1.8,-0.5,67.0
151,A151Q,-1.6549,-1.3941,-3.4084,19.797,1.8,-0.5,67.0
151,A151R,-1.2528,-2.1341,-3.9346,19.797,1.8,-0.5,67.0
151,A151S,-1.0728,-0.6436,-3.3836,19.797,1.8,-0.5,67.0
151,A151T,-1.6622,-1.4518,-3.9526,19.797,1.8,-0.5,67.0
151,A151V,-2.4009,-1.6736,-3.4599,19.797,1.8,-0.5,67.0
151,A151W,-4.5307,-3.4051,-5.4945,19.797,1.8,-0.5,67.0
151,A151Y,-3.2616,-1.3737,-4.0074,19.797,1.8,-0.5,67.0
152,R152A,-6.5789,-6.0089,-7.0614,17.534,-4.5,3.0,148.0
152,R152C,-7.3257,-8.7139,-8.2342,17.534,-4.5,3.0,148.0
152,R152D,-9.8028,-8.3742,-10.6069,17.534,-4.5,3.0,148.0
152,R152E,-8.6116,-7.7438,-9.3802,17.534,-4.5,3.0,148.0
152,R152F,-7.0224,-6.6865,-7.7233,17.534,-4.5,3.0,148.0
152,R152G,-7.338,-7.465,-8.0145,17.534,-4.5,3.0,148.0
152,R152H,-5.4452,-6.0762,-7.0562,17.534,-4.5,3.0,148.0
152,R152I,-7.1947,-6.7632,-7.2653,17.534,-4.5,3.0,148.0
152,R152K,-5.5405,-5.2961,-7.7497,17.534,-4.5,3.0,148.0
152,R152L,-5.8446,-5.7754,-5.5979,17.534,-4.5,3.0,148.0
152,R152M,-7.0155,-6.9965,-6.8354,17.534,-4.5,3.0,148.0
152,R152N,-7.5921,-6.757,-7.889,17.534,-4.5,3.0,148.0
152,R152P,-9.9334,-10.7693,-10.8654,17.534,-4.5,3.0,148.0
152,R152Q,-5.9349,-6.0621,-6.7692,17.534,-4.5,3.0,148.0
152,R152S,-7.1061,-5.9434,-7.3865,17.534,-4.5,3.0,148.0
152,R152T,-7.4836,-5.2993,-8.0091,17.534,-4.5,3.0,148.0
152,R152V,-7.1771,-6.7431,-7.5981,17.534,-4.5,3.0,148.0
152,R152W,-6.9899,-6.891,-7.5733,17.534,-4.5,3.0,148.0
152,R152Y,-7.1841,-6.5265,-8.7528,17.534,-4.5,3.0,148.0
153,I153A,-2.7286,-3.9565,-3.1498,15.485,4.5,-1.8,124.0
153,I153C,-6.1913,-7.1324,-6.3972,15.485,4.5,-1.8,124.0
153,I153D,-5.6856,-6.449,-4.5896,15.485,4.5,-1.8,124.0
153,I153E,-4.0844,-4.8185,-3.8137,15.485,4.5,-1.8,124.0
153,I153F,-1.6711,-2.5779,-0.9777,15.485,4.5,-1.8,124.0
153,I153G,-5.1334,-7.0512,-5.2872,15.485,4.5,-1.8,124.0
153,I153H,-4.1498,-5.0751,-3.6467,15.485,4.5,-1.8,124.0
153,I153K,-3.6091,-5.0861,-3.8669,15.485,4.5,-1.8,124.0
153,I153L,-0.9079,-1.422,0.183,15.485,4.5,-1.8,124.0
153,I153M,-2.6279,-3.599,-1.7891,15.485,4.5,-1.8,124.0
153,I153N,-4.6002,-5.6072,-3.4455,15.485,4.5,-1.8,124.0
153,I153P,-8.2187,-9.1699,-7.8715,15.485,4.5,-1.8,124.0
153,I153Q,-3.9064,-4.7752,-3.1321,15.485,4.5,-1.8,124.0
153,I153R,-2.8002,-4.0903,-2.7375,15.485,4.5,-1.8,124.0
153,I153S,-3.7624,-5.521,-3.8836,15.485,4.5,-1.8,124.0
153,I153T,-3.2008,-4.5662,-3.0336,15.485,4.5,-1.8,124.0
153,I153V,-0.8916,-1.4164,-0.8092,15.485,4.5,-1.8,124.0
153,I153W,-3.5629,-4.6749,-2.691,15.485,4.5,-1.8,124.0
153,I153Y,-1.8834,-2.5699,-1.6888,15.485,4.5,-1.8,124.0
154,E154A,0.5962,1.3942,0.9609,21.011,-3.5,3.0,109.0
154,E154C,-7.2759,-6.5701,-6.7914,21.011,-3.5,3.0,109.0
154,E154D,-1.4722,-1.7456,-1.6625,21.011,-3.5,3.0,109.0
154,E154F,-5.2511,-4.2441,-3.0707,21.011,-3.5,3.0,109.0
154,E154G,-3.7379,-3.4085,-3.1485,21.011,-3.5,3.0,109.0
154,E154H,-4.7149,-3.8762,-3.428,21.011,-3.5,3.0,109.0
154,E154I,-2.5388,-2.3248,-0.8551,21.011,-3.5,3.0,109.0
154,E154K,-1.2949,-1.6853,-1.4455,21.011,-3.5,3.0,109.0
154,E154L,-1.7211,-1.6149,-0.0354,21.011,-3.5,3.0,109.0
154,E154M,-3.7832,-3.5545,-1.5946,21.011,-3.5,3.0,109.0
154,E154N,-0.9959,-0.2306,-0.6201,21.011,-3.5,3.0,109.0
154,E154P,-5.6314,-5.5601,-5.7261,21.011,-3.5,3.0,109.0
154,E154Q,-0.5142,-1.0216,-0.3144,21.011,-3.5,3.0,109.0
154,E154R,-2.5646,-2.51,-2.4116,21.011,-3.5,3.0,109.0
154,E154S,-1.6011,-0.9523,-1.3094,21.011,-3.5,3.0,109.0
154,E154T,-1.3948,-0.8791,-0.8134,21.011,-3.5,3.0,109.0
154,E154V,-1.8811,-1.8435,-0.3226,21.011,-3.5,3.0,109.0
154,E154W,-6.9503,-6.3007,-4.7169,21.011,-3.5,3.0,109.0
154,E154Y,-5.6912,-4.5568,-3.639,21.011,-3.5,3.0,109.0
155,T155A,1.5576,1.6948,-0.9492,21.918,-0.7,-0.4,93.0
155,T155C,-4.3307,-4.5764,-7.6202,21.918,-0.7,-0.4,93.0
155,T155D,2.0794,-0.5915,-1.3881,21.918,-0.7,-0.4,93.0
155,T155E,1.4742,0.4405,-1.4599,21.918,-0.7,-0.4,93.0
155,T155F,0.0305,0.3046,-3.911,21.918,-0.7,-0.4,93.0
155,T155G,-1.3447,-2.1731,-4.1105,21.918,-0.7,-0.4,93.0
155,T155H,0.7121,0.3867,-3.1511,21.918,-0.7,-0.4,93.0
155,T155I,-1.12,-0.1238,-2.3932,21.918,-0.7,-0.4,93.0
155,T155K,-0.6388,-0.1806,-3.4246,21.918,-0.7,-0.4,93.0
155,T155L,-0.2073,0.7278,-2.0288,21.918,-0.7,-0.4,93.0
155,T155M,-1.3223,-1.2004,-2.8845,21.918,-0.7,-0.4,93.0
155,T155N,0.087,-0.6624,-2.2523,21.918,-0.7,-0.4,93.0
155,T155P,-4.6506,-5.0688,-7.8508,21.918,-0.7,-0.4,93.0
155,T155Q,1.2461,0.1346,-1.1707,21.918,-0.7,-0.4,93.0
155,T155R,-0.5914,-0.6022,-3.5339,21.918,-0.7,-0.4,93.0
155,T155S,0.555,-0.2523,-1.2344,21.918,-0.7,-0.4,93.0
155,T155V,-0.7348,0.3861,-2.404,21.918,-0.7,-0.4,93.0
155,T155W,-1.182,-1.3293,-5.9681,21.918,-0.7,-0.4,93.0
155,T155Y,0.5499,0.9865,-4.5459,21.918,-0.7,-0.4,93.0
156,S156A,-2.1937,-1.0316,-1.3688,19.706,-0.8,0.3,73.0
156,S156C,-3.0859,-4.4095,-5.9212,19.706,-0.8,0.3,73.0
156,S156D,-5.3874,-4.757,-6.3951,19.706,-0.8,0.3,73.0
156,S156E,-4.35,-4.0277,-6.5271,19.706,-0.8,0.3,73.0
156,S156F,-5.5815,-2.8196,-6.4665,19.706,-0.8,0.3,73.0
156,S156G,-4.7215,-3.5137,-4.856,19.706,-0.8,0.3,73.0
156,S156H,-7.0321,-4.921,-7.6657,19.706,-0.8,0.3,73.0
156,S156I,-5.0266,-2.8995,-6.7227,19.706,-0.8,0.3,73.0
156,S156K,-8.591,-5.5217,-9.8033,19.706,-0.8,0.3,73.0
156,S156L,-4.9957,-3.1173,-6.1879,19.706,-0.8,0.3,73.0
156,S156M,-4.2565,-4.0024,-6.0821,19.706,-0.8,0.3,73.0
156,S156N,-4.5698,-3.6223,-5.8003,19.706,-0.8,0.3,73.0
156,S156P,-9.195,-7.7579,-9.3606,19.706,-0.8,0.3,73.0
156,S156Q,-4.4148,-4.0129,-6.2948,19.706,-0.8,0.3,73.0
156,S156R,-7.7373,-5.0232,-8.5588,19.706,-0.8,0.3,73.0
156,S156T,-2.5041,-1.0333,-4.5333,19.706,-0.8,0.3,73.0
156,S156V,-4.2275,-1.7696,-5.8759,19.706,-0.8,0.3,73.0
156,S156W,-7.3367,-4.7645,-8.0987,19.706,-0.8,0.3,73.0
156,S156Y,-6.4104,-3.2638,-7.6123,19.706,-0.8,0.3,73.0
157,K157A,-2.5639,-2.4122,-3.1362,22.241,-3.9,3.0,135.0
157,K157C,-6.7217,-7.8089,-7.0188,22.241,-3.9,3.0,135.0
157,K157D,-5.8385,-4.737,-5.6239,22.241,-3.9,3.0,135.0
157,K157E,-3.62,-3.0781,-3.8481,22.241,-3.9,3.0,135.0
157,K157F,-3.4134,-3.0676,-3.1042,22.241,-3.9,3.0,135.0
157,K157G,-5.8424,-5.3416,-6.1925,22.241,-3.9,3.0,135.0
157,K157H,-3.4629,-2.7491,-3.5759,22.241,-3.9,3.0,135.0
157,K157I,-1.3332,-1.546,-1.6128,22.241,-3.9,3.0,135.0
157,K157L,-0.6944,-0.899,-1.3078,22.241,-3.9,3.0,135.0
157,K157M,-2.9506,-3.2071,-2.4011,22.241,-3.9,3.0,135.0
157,K157N,-3.4029,-0.959,-3.2513,22.241,-3.9,3.0,135.0
157,K157P,-7.1339,-7.2204,-9.3115,22.241,-3.9,3.0,135.0
157,K157Q,-2.414,-2.0568,-2.5963,22.241,-3.9,3.0,135.0
157,K157R,-0.8977,-0.8174,-0.7674,22.241,-3.9,3.0,135.0
157,K157S,-3.9116,-3.4311,-4.5143,22.241,-3.9,3.0,135.0
157,K157T,-3.2095,-2.6884,-3.6235,22.241,-3.9,3.0,135.0
157,K157V,-2.3122,-2.6369,-2.5592,22.241,-3.9,3.0,135.0
157,K157W,-5.5806,-4.9396,-4.5068,22.241,-3.9,3.0,135.0
157,K157Y,-4.0868,-3.5794,-3.8636,22.241,-3.9,3.0,135.0
158,A158C,-5.9514,-7.7825,-8.505,25.688,1.8,-0.5,67.0
158,A158D,-4.2057,-3.4657,-5.4017,25.688,1.8,-0.5,67.0
158,A158E,-1.6032,-1.2969,-3.0592,25.688,1.8,-0.5,67.0
158,A158F,-4.3332,-4.3452,-5.3701,25.688,1.8,-0.5,67.0
158,A158G,-4.0021,-3.9833,-4.7687,25.688,1.8,-0.5,67.0
158,A158H,-4.5988,-3.6579,-4.8565,25.688,1.8,-0.5,67.0
158,A158I,-2.2667,-1.603,-3.4978,25.688,1.8,-0.5,67.0
158,A158K,-0.9352,-0.5889,-1.8069,25.688,1.8,-0.5,67.0
158,A158L,-1.6456,-0.8251,-2.4173,25.688,1.8,-0.5,67.0
158,A158M,-3.4967,-3.1472,-4.4121,25.688,1.8,-0.5,67.0
158,A158N,-2.4114,-2.2338,-2.8967,25.688,1.8,-0.5,67.0
158,A158P,-5.5056,-5.3367,-7.0633,25.688,1.8,-0.5,67.0
158,A158Q,-0.7852,-0.8184,-2.2699,25.688,1.8,-0.5,67.0
158,A158R,-1.7209,-1.2893,-2.2486,25.688,1.8,-0.5,67.0
158,A158S,-1.168,-1.1413,-2.246,25.688,1.8,-0.5,67.0
158,A158T,-1.2088,-0.5231,-2.2265,25.688,1.8,-0.5,67.0
158,A158V,-2.1362,-1.5731,-2.7474,25.688,1.8,-0.5,67.0
158,A158W,-6.5825,-7.1048,-7.6277,25.688,1.8,-0.5,67.0
158,A158Y,-4.8636,-5.1742,-6.0875,25.688,1.8,-0.5,67.0
159,T159A,-1.182,0.1973,-2.994,24.51,-0.7,-0.4,93.0
159,T159C,-5.6974,-6.3639,-7.9946,24.51,-0.7,-0.4,93.0
159,T159D,-2.5011,-1.6183,-5.527,24.51,-0.7,-0.4,93.0
159,T159E,-1.9242,-0.1649,-3.9489,24.51,-0.7,-0.4,93.0
159,T159F,-2.8588,-2.2312,-3.8829,24.51,-0.7,-0.4,93.0
159,T159G,-3.7766,-3.1437,-5.2313,24.51,-0.7,-0.4,93.0
159,T159H,-3.1655,-1.8686,-4.5188,24.51,-0.7,-0.4,93.0
159,T159I,-1.582,-0.1332,-3.1508,24.51,-0.7,-0.4,93.0
159,T159K,-2.5024,-0.6008,-4.047,24.51,-0.7,-0.4,93.0
159,T159L,-1.3471,0.6029,-3.2365,24.51,-0.7,-0.4,93.0
159,T159M,-3.1269,-1.6726,-4.5606,24.51,-0.7,-0.4,93.0
159,T159N,-0.4538,-0.1735,-2.668,24.51,-0.7,-0.4,93.0
159,T159P,-7.8944,-6.8739,-9.3648,24.51,-0.7,-0.4,93.0
159,T159Q,-1.6778,-0.6663,-4.0561,24.51,-0.7,-0.4,93.0
159,T159R,-2.3229,-1.2954,-4.8112,24.51,-0.7,-0.4,93.0
159,T159S,-1.1011,-0.8163,-2.2649,24.51,-0.7,-0.4,93.0
159,T159V,-1.1653,-0.1722,-2.5101,24.51,-0.7,-0.4,93.0
159,T159W,-5.1983,-5.1323,-7.3214,24.51,-0.7,-0.4,93.0
159,T159Y,-3.1864,-3.0112,-4.6711,24.51,-0.7,-0.4,93.0
160,N160A,-7.1823,-4.3608,-7.925,21.669,-3.5,0.2,96.0
160,N160C,-8.9897,-7.6935,-9.06,21.669,-3.5,0.2,96.0
160,N160D,-5.3599,-3.481,-6.7515,21.669,-3.5,0.2,96.0
160,N160E,-7.8477,-5.583,-8.2512,21.669,-3.5,0.2,96.0
160,N160F,-7.6539,-4.5323,-8.4533,21.669,-3.5,0.2,96.0
160,N160G,-8.1256,-5.7935,-9.9908,21.669,-3.5,0.2,96.0
160,N160H,-6.499,-2.9773,-6.9195,21.669,-3.5,0.2,96.0
160,N160I,-7.4762,-5.7304,-7.013,21.669,-3.5,0.2,96.0
160,N160K,-8.0482,-4.8523,-8.6071,21.669,-3.5,0.2,96.0
160,N160L,-7.9434,-5.4151,-7.6128,21.669,-3.5,0.2,96.0
160,N160M,-8.9515,-6.5381,-8.8474,21.669,-3.5,0.2,96.0
160,N160P,-11.2183,-6.5299,-12.8807,21.669,-3.5,0.2,96.0
160,N160Q,-7.3901,-4.9093,-7.6576,21.669,-3.5,0.2,96.0
160,N160R,-8.2696,-5.193,-9.0506,21.669,-3.5,0.2,96.0
160,N160S,-5.3668,-3.1429,-6.238,21.669,-3.5,0.2,96.0
160,N160T,-6.5732,-4.0619,-7.6191,21.669,-3.5,0.2,96.0
160,N160V,-7.2745,-5.4947,-7.8385,21.669,-3.5,0.2,96.0
160,N160W,-9.8684,-7.2949,-11.4549,21.669,-3.5,0.2,96.0
160,N160Y,-7.1192,-4.1969,-8.3822,21.669,-3.5,0.2,96.0
161,P161A,-2.9406,-2.2314,-3.6569,25.636,-1.6,0.0,90.0
161,P161C,-7.8547,-6.4801,-8.8006,25.636,-1.6,0.0,90.0
161,P161D,-4.8131,-4.9163,-5.3496,25.636,-1.6,0.0,90.0
161,P161E,-4.7467,-4.5511,-4.4646,25.636,-1.6,0.0,90.0
161,P161F,-6.7489,-1.8949,-6.4612,25.636,-1.6,0.0,90.0
161,P161G,-4.9824,-3.2771,-5.6792,25.636,-1.6,0.0,90.0
161,P161H,-6.4704,-3.3007,-6.1111,25.636,-1.6,0.0,90.0
161,P161I,-6.3206,-2.4691,-6.0315,25.636,-1.6,0.0,90.0
161,P161K,-5.2213,-2.9608,-5.0363,25.636,-1.6,0.0,90.0
161,P161L,-4.6768,-2.108,-4.5733,25.636,-1.6,0.0,90.0
161,P161M,-7.3711,-3.8793,-7.1859,25.636,-1.6,0.0,90.0
161,P161N,-5.3443,-3.0393,-6.1465,25.636,-1.6,0.0,90.0
161,P161Q,-5.4264,-3.0929,-5.1695,25.636,-1.6,0.0,90.0
161,P161R,-6.1399,-2.6205,-5.8666,25.636,-1.6,0.0,90.0
161,P161S,-2.6061,-2.5084,-3.4745,25.636,-1.6,0.0,90.0
161,P161T,-4.3168,-2.332,-4.0594,25.636,-1.6,0.0,90.0
161,P161V,-5.4647,-2.4578,-5.119,25.636,-1.6,0.0,90.0
161,P161W,-8.4729,-4.2228,-8.1489,25.636,-1.6,0.0,90.0
161,P161Y,-7.1831,-2.462,-6.9058,25.636,-1.6,0.0,90.0
162,T162A,-0.1446,-0.1889,-1.4008,21.526,-0.7,-0.4,93.0
162,T162C,-4.8654,-5.6208,-7.7225,21.526,-0.7,-0.4,93.0
162,T162D,0.2375,0.0938,-1.083,21.526,-0.7,-0.4,93.0
162,T162E,-0.2464,-0.7124,-0.5033,21.526,-0.7,-0.4,93.0
162,T162F,-0.0025,-1.5543,-3.392,21.526,-0.7,-0.4,93.0
162,T162G,-0.8155,-0.4565,-1.9475,21.526,-0.7,-0.4,93.0
162,T162H,-0.7599,-1.0494,-3.0315,21.526,-0.7,-0.4,93.0
162,T162I,-1.8871,-1.8908,-3.1541,21.526,-0.7,-0.4,93.0
162,T162K,-1.1543,-1.3329,-2.2057,21.526,-0.7,-0.4,93.0
162,T162L,-0.3787,-1.0824,-1.8072,21.526,-0.7,-0.4,93.0
162,T162M,-2.4529,-2.9911,-3.3517,21.526,-0.7,-0.4,93.0
162,T162N,1.0922,0.8122,-0.4113,21.526,-0.7,-0.4,93.0
162,T162P,-4.7889,-3.1542,-6.0994,21.526,-0.7,-0.4,93.0
162,T162Q,-0.6023,-1.1482,-1.5053,21.526,-0.7,-0.4,93.0
162,T162R,-1.3905,-1.9363,-3.6422,21.526,-0.7,-0.4,93.0
162,T162S,0.2317,0.1318,-1.3937,21.526,-0.7,-0.4,93.0
162,T162V,-1.3174,-1.2571,-2.6015,21.526,-0.7,-0.4,93.0
162,T162W,-2.6778,-3.7337,-6.0674,21.526,-0.7,-0.4,93.0
162,T162Y,-0.0598,-1.6893,-3.9186,21.526,-0.7,-0.4,93.0
163,Y163A,-4.8723,-1.752,-3.18,18.505,-1.3,-2.3,141.0
163,Y163C,-6.1736,-6.0569,-4.3762,18.505,-1.3,-2.3,141.0
163,Y163D,-7.2341,-4.5013,-6.5091,18.505,-1.3,-2.3,141.0
163,Y163E,-7.2848,-3.8967,-6.6251,18.505,-1.3,-2.3,141.0
163,Y163F,0.9868,0.6905,1.7737,18.505,-1.3,-2.3,141.0
163,Y163G,-6.9268,-3.2232,-5.3694,18.505,-1.3,-2.3,141.0
163,Y163H,-3.9081,-3.0993,-3.1769,18.505,-1.3,-2.3,141.0
163,Y163I,-2.845,-1.1675,-2.3662,18.505,-1.3,-2.3,141.0
163,Y163K,-7.5372,-3.8117,-6.3537,18.505,-1.3,-2.3,141.0
163,Y163L,-1.4989,-0.0574,-1.1557,18.505,-1.3,-2.3,141.0
163,Y163M,-3.6067,-2.3659,-3.3811,18.505,-1.3,-2.3,141.0
163,Y163N,-5.671,-3.6419,-4.0999,18.505,-1.3,-2.3,141.0
163,Y163P,-7.673,-3.1623,-6.6168,18.505,-1.3,-2.3,141.0
163,Y163Q,-5.8701,-3.3732,-5.1594,18.505,-1.3,-2.3,141.0
163,Y163R,-6.0849,-2.8494,-5.2477,18.505,-1.3,-2.3,141.0
163,Y163S,-5.2802,-3.2192,-3.6889,18.505,-1.3,-2.3,141.0
163,Y163T,-5.1989,-2.8817,-4.4368,18.505,-1.3,-2.3,141.0
163,Y163V,-3.5106,-1.6173,-2.5361,18.505,-1.3,-2.3,141.0
163,Y163W,-2.4839,-2.3488,-1.9906,18.505,-1.3,-2.3,141.0
164,N164A,-1.1649,-3.528,-1.1501,16.649,-3.5,0.2,96.0
164,N164C,-6.4793,-8.3116,-6.1869,16.649,-3.5,0.2,96.0
164,N164D,-1.2508,-1.7592,-1.0959,16.649,-3.5,0.2,96.0
164,N164E,-0.5483,-4.1779,-1.1154,16.649,-3.5,0.2,96.0
164,N164F,-3.1777,-4.7773,-1.4354,16.649,-3.5,0.2,96.0
164,N164G,-2.381,-3.98,-1.8803,16.649,-3.5,0.2,96.0
164,N164H,-2.7429,-5.2419,-2.0848,16.649,-3.5,0.2,96.0
164,N164I,-1.5723,-4.6927,-1.0126,16.649,-3.5,0.2,96.0
164,N164K,-1.0519,-4.0349,-1.0423,16.649,-3.5,0.2,96.0
164,N164L,-2.5341,-4.3222,-1.5453,16.649,-3.5,0.2,96.0
164,N164M,-3.612,-6.0539,-2.5573,16.649,-3.5,0.2,96.0
164,N164P,-1.8466,-3.3681,-3.7201,16.649,-3.5,0.2,96.0
164,N164Q,-0.6974,-4.4209,-1.1247,16.649,-3.5,0.2,96.0
164,N164R,-2.302,-4.7359,-1.998,16.649,-3.5,0.2,96.0
164,N164S,-0.492,-1.5645,0.015,16.649,-3.5,0.2,96.0
164,N164T,-0.025,-1.5751,0.6256,16.649,-3.5,0.2,96.0
164,N164V,-0.277,-4.0362,-0.1033,16.649,-3.5,0.2,96.0
164,N164W,-5.8532,-7.1576,-4.1935,16.649,-3.5,0.2,96.0
164,N164Y,-3.5978,-5.2064,-2.5006,16.649,-3.5,0.2,96.0
165,E165A,1.2007,0.8015,0.9879,14.445,-3.5,3.0,109.0
165,E165C,-4.141,-4.9989,-3.1041,14.445,-3.5,3.0,109.0
165,E165D,-0.4689,-0.4591,-0.1273,14.445,-3.5,3.0,109.0
165,E165F,2.3376,0.8617,2.2747,14.445,-3.5,3.0,109.0
165,E165G,-0.6456,-0.9237,-0.8928,14.445,-3.5,3.0,109.0
165,E165H,-0.7092,-2.023,-1.3276,14.445,-3.5,3.0,109.0
165,E165I,2.548,0.4212,1.4477,14.445,-3.5,3.0,109.0
165,E165K,-1.6706,-1.3646,-2.9378,14.445,-3.5,3.0,109.0
165,E165L,2.9542,0.7414,2.4449,14.445,-3.5,3.0,109.0
165,E165M,1.637,-0.5416,0.6014,14.445,-3.5,3.0,109.0
165,E165N,0.1572,-0.7944,-0.2331,14.445,-3.5,3.0,109.0
165,E165P,-1.068,-0.6999,0.355,14.445,-3.5,3.0,109.0
165,E165Q,0.6688,-0.1655,-0.6646,14.445,-3.5,3.0,109.0
165,E165R,-1.0426,-1.0965,-2.5498,14.445,-3.5,3.0,109.0
165,E165S,0.6728,0.2282,0.0963,14.445,-3.5,3.0,109.0
165,E165T,1.3769,0.2045,0.205,14.445,-3.5,3.0,109.0
165,E165V,1.908,0.3402,1.2932,14.445,-3.5,3.0,109.0
165,E165W,-0.5288,-2.162,-0.2128,14.445,-3.5,3.0,109.0
165,E165Y,0.8828,-0.3839,1.255,14.445,-3.5,3.0,109.0
166,T166A,-1.4408,-1.7717,-1.7894,13.681,-0.7,-0.4,93.0
166,T166C,-8.5422,-8.7507,-6.5652,13.681,-0.7,-0.4,93.0
166,T166D,-1.2719,-2.1803,-2.0408,13.681,-0.7,-0.4,93.0
166,T166E,-1.3896,-2.3575,-2.4997,13.681,-0.7,-0.4,93.0
166,T166F,-3.8054,-3.8491,-3.9484,13.681,-0.7,-0.4,93.0
166,T166G,-2.7445,-3.5165,-1.1491,13.681,-0.7,-0.4,93.0
166,T166H,-5.2048,-4.9892,-4.862,13.681,-0.7,-0.4,93.0
166,T166I,-3.4653,-3.4718,-3.2481,13.681,-0.7,-0.4,93.0
166,T166K,-3.3251,-3.5464,-3.5411,13.681,-0.7,-0.4,93.0
166,T166L,-3.0468,-3.1586,-2.7282,13.681,-0.7,-0.4,93.0
166,T166M,-4.5414,-4.7076,-4.5675,13.681,-0.7,-0.4,93.0
166,T166N,-2.2329,-2.7515,-1.797,13.681,-0.7,-0.4,93.0
166,T166P,-3.009,-4.0832,-1.9021,13.681,-0.7,-0.4,93.0
166,T166Q,-2.5716,-3.1483,-3.4717,13.681,-0.7,-0.4,93.0
166,T166R,-4.1393,-4.1229,-4.3931,13.681,-0.7,-0.4,93.0
166,T166S,-1.3092,-1.8193,-0.0141,13.681,-0.7,-0.4,93.0
166,T166V,-2.8278,-3.04,-2.923,13.681,-0.7,-0.4,93.0
166,T166W,-5.9835,-6.3334,-5.2723,13.681,-0.7,-0.4,93.0
166,T166Y,-4.4634,-4.8734,-4.9357,13.681,-0.7,-0.4,93.0
167,A167C,-6.3237,-5.5118,-6.4867,11.763,1.8,-0.5,67.0
167,A167D,-0.6512,-0.8356,-0.5576,11.763,1.8,-0.5,67.0
167,A167E,-0.764,-0.6423,-0.7012,11.763,1.8,-0.5,67.0
167,A167F,-0.4476,-0.1927,-0.2339,11.763,1.8,-0.5,67.0
167,A167G,-0.9284,-1.912,-0.7828,11.763,1.8,-0.5,67.0
167,A167H,-3.1622,-2.4437,-3.6853,11.763,1.8,-0.5,67.0
167,A167I,-0.6415,-0.498,-1.0684,11.763,1.8,-0.5,67.0
167,A167K,-2.8069,-2.32,-2.273,11.763,1.8,-0.5,67.0
167,A167L,-0.3479,0.4772,-0.2964,11.763,1.8,-0.5,67.0
167,A167M,-1.929,-1.4596,-1.7162,11.763,1.8,-0.5,67.0
167,A167N,-1.0884,-1.3386,-1.1712,11.763,1.8,-0.5,67.0
167,A167P,-1.2492,-3.767,-0.6926,11.763,1.8,-0.5,67.0
167,A167Q,-1.2291,-1.122,-1.2014,11.763,1.8,-0.5,67.0
167,A167R,-2.3141,-2.3726,-2.583,11.763,1.8,-0.5,67.0
167,A167S,-0.4558,-0.6725,-0.738,11.763,1.8,-0.5,67.0
167,A167T,-0.5232,-0.3306,-0.5481,11.763,1.8,-0.5,67.0
167,A167V,-0.4381,-0.3251,-0.8504,11.763,1.8,-0.5,67.0
167,A167W,-2.8035,-2.8514,-2.7628,11.763,1.8,-0.5,67.0
167,A167Y,-1.2843,-1.4447,-2.1117,11.763,1.8,-0.5,67.0
168,V168A,0.0033,0.3331,1.3509,8.83,4.2,-1.5,105.0
168,V168C,-5.1513,-5.0448,-5.3256,8.83,4.2,-1.5,105.0
168,V168D,-2.0706,-0.8874,-0.1837,8.83,4.2,-1.5,105.0
168,V168E,-1.5848,-0.7668,0.3631,8.83,4.2,-1.5,105.0
168,V168F,0.9138,0.6214,-0.7703,8.83,4.2,-1.5,105.0
168,V168G,-0.7385,-0.9866,1.3711,8.83,4.2,-1.5,105.0
168,V168H,-2.7053,-2.1305,-3.2953,8.83,4.2,-1.5,105.0
168,V168I,0.2572,0.0679,-0.5912,8.83,4.2,-1.5,105.0
168,V168K,-2.0441,-1.4837,-0.3899,8.83,4.2,-1.5,105.0
168,V168L,0.7355,0.7955,0.0528,8.83,4.2,-1.5,105.0
168,V168M,-0.8001,-1.3767,-1.2308,8.83,4.2,-1.5,105.0
168,V168N,-1.2257,-0.9485,-0.3033,8.83,4.2,-1.5,105.0
168,V168P,-1.7923,-1.7806,-0.8728,8.83,4.2,-1.5,105.0
168,V168Q,-1.0706,-0.9305,0.2579,8.83,4.2,-1.5,105.0
168,V168R,-1.2859,-1.3625,-1.3446,8.83,4.2,-1.5,105.0
168,V168S,-0.5609,-0.4641,0.4165,8.83,4.2,-1.5,105.0
168,V168T,-0.6864,-0.5265,0.365,8.83,4.2,-1.5,105.0
168,V168W,-2.2495,-2.0823,-3.8803,8.83,4.2,-1.5,105.0
168,V168Y,-1.2299,-0.569,-2.8352,8.83,4.2,-1.5,105.0
169,N169A,0.798,0.6999,0.7389,11.042,-3.5,0.2,96.0
169,N169C,-5.0741,-5.0322,-4.5339,11.042,-3.5,0.2,96.0
169,N169D,-0.07,-0.4048,-0.769,11.042,-3.5,0.2,96.0
169,N169E,0.7926,-0.2846,0.3721,11.042,-3.5,0.2,96.0
169,N169F,-1.2938,-0.4272,-0.4735,11.042,-3.5,0.2,96.0
169,N169G,0.3583,-0.2687,0.727,11.042,-3.5,0.2,96.0
169,N169H,-0.9513,-1.7239,-0.5934,11.042,-3.5,0.2,96.0
169,N169I,-0.556,-0.4292,-0.3652,11.042,-3.5,0.2,96.0
169,N169K,-0.3736,-0.7992,-0.7218,11.042,-3.5,0.2,96.0
169,N169L,0.0453,0.3346,0.1243,11.042,-3.5,0.2,96.0
169,N169M,-1.4215,-1.4484,-0.4986,11.042,-3.5,0.2,96.0
169,N169P,-0.9167,-2.0784,-1.883,11.042,-3.5,0.2,96.0
169,N169Q,2.0626,-0.1374,1.3712,11.042,-3.5,0.2,96.0
169,N169R,-0.0721,-0.6621,-0.3657,11.042,-3.5,0.2,96.0
169,N169S,0.4172,0.2374,-0.0305,11.042,-3.5,0.2,96.0
169,N169T,0.0766,-0.0205,0.1572,11.042,-3.5,0.2,96.0
169,N169V,-0.2485,-0.3635,0.0035,11.042,-3.5,0.2,96.0
169,N169W,-3.067,-2.8711,-2.3037,11.042,-3.5,0.2,96.0
169,N169Y,-1.3757,-1.1155,-2.0337,11.042,-3.5,0.2,96.0
170,R170A,0.3833,1.3081,0.6529,9.899,-4.5,3.0,148.0
170,R170C,-5.9104,-4.1923,-5.6757,9.899,-4.5,3.0,148.0
170,R170D,-0.4604,0.1946,-0.6433,9.899,-4.5,3.0,148.0
170,R170E,0.6606,0.4855,-0.507,9.899,-4.5,3.0,148.0
170,R170F,-0.8881,0.6493,-0.9836,9.899,-4.5,3.0,148.0
170,R170G,-0.9396,0.1576,-0.4298,9.899,-4.5,3.0,148.0
170,R170H,-1.949,-1.0035,-1.5316,9.899,-4.5,3.0,148.0
170,R170I,0.1657,0.7959,-0.4518,9.899,-4.5,3.0,148.0
170,R170K,-0.1644,-0.0057,0.1666,9.899,-4.5,3.0,148.0
170,R170L,0.2626,1.2577,-0.3912,9.899,-4.5,3.0,148.0
170,R170M,-1.3949,-0.2256,-1.6582,9.899,-4.5,3.0,148.0
170,R170N,-0.0501,0.7043,0.1115,9.899,-4.5,3.0,148.0
170,R170P,-1.9883,-0.386,-1.8104,9.899,-4.5,3.0,148.0
170,R170Q,0.713,0.7456,0.0457,9.899,-4.5,3.0,148.0
170,R170S,-0.3395,0.9201,0.1485,9.899,-4.5,3.0,148.0
170,R170T,0.0991,1.3168,0.5138,9.899,-4.5,3.0,148.0
170,R170V,0.2446,0.8848,-0.1389,9.899,-4.5,3.0,148.0
170,R170W,-3.2748,-1.9757,-2.5771,9.899,-4.5,3.0,148.0
170,R170Y,-0.9636,-0.0687,-1.3687,9.899,-4.5,3.0,148.0
171,A171C,-4.0924,-4.5752,-4.5384,6.76,1.8,-0.5,67.0
171,A171D,-1.4312,-1.7094,-2.6329,6.76,1.8,-0.5,67.0
171,A171E,-1.4855,-1.584,-2.7366,6.76,1.8,-0.5,67.0
171,A171F,3.6861,0.7717,1.7802,6.76,1.8,-0.5,67.0
171,A171G,-1.1842,-1.4889,-0.6573,6.76,1.8,-0.5,67.0
171,A171H,-0.9505,-1.8331,-3.3702,6.76,1.8,-0.5,67.0
171,A171I,0.8262,1.2028,-0.2583,6.76,1.8,-0.5,67.0
171,A171K,-2.5486,-2.3021,-2.9477,6.76,1.8,-0.5,67.0
171,A171L,1.4032,1.2558,0.2175,6.76,1.8,-0.5,67.0
171,A171M,-0.2419,-0.5105,-0.948,6.76,1.8,-0.5,67.0
171,A171N,-0.7536,-1.0498,-0.9531,6.76,1.8,-0.5,67.0
171,A171P,-3.2147,-2.5399,-2.9556,6.76,1.8,-0.5,67.0
171,A171Q,-0.4929,-1.0529,-1.1683,6.76,1.8,-0.5,67.0
171,A171R,-1.5322,-1.6447,-2.6231,6.76,1.8,-0.5,67.0
171,A171S,-0.8803,-1.6888,-0.7664,6.76,1.8,-0.5,67.0
171,A171T,-0.9713,-0.6837,-0.4761,6.76,1.8,-0.5,67.0
171,A171V,0.4145,0.7633,-0.4805,6.76,1.8,-0.5,67.0
171,A171W,-0.6994,-2.0433,-3.1964,6.76,1.8,-0.5,67.0
171,A171Y,0.6652,-0.4303,-1.2729,6.76,1.8,-0.5,67.0
172,S172A,0.2523,1.1028,-0.0891,8.876,-0.8,0.3,73.0
172,S172C,-4.4811,-3.9027,-4.5519,8.876,-0.8,0.3,73.0
172,S172D,-2.7241,-2.0691,-3.8855,8.876,-0.8,0.3,73.0
172,S172E,-2.8905,-1.2601,-3.6528,8.876,-0.8,0.3,73.0
172,S172F,-0.6283,-0.0205,-1.7774,8.876,-0.8,0.3,73.0
172,S172G,-0.864,-0.4629,-0.2416,8.876,-0.8,0.3,73.0
172,S172H,-2.7087,-2.2823,-4.1845,8.876,-0.8,0.3,73.0
172,S172I,0.0185,0.1064,-1.5884,8.876,-0.8,0.3,73.0
172,S172K,-2.9969,-1.9112,-2.5506,8.876,-0.8,0.3,73.0
172,S172L,0.51,0.3273,-0.8172,8.876,-0.8,0.3,73.0
172,S172M,-1.5221,-1.1709,-2.0972,8.876,-0.8,0.3,73.0
172,S172N,-1.1121,-1.0143,-1.8486,8.876,-0.8,0.3,73.0
172,S172P,-2.9287,-2.2381,-3.3865,8.876,-0.8,0.3,73.0
172,S172Q,-1.7087,-1.245,-2.485,8.876,-0.8,0.3,73.0
172,S172R,-2.1114,-1.8511,-2.3595,8.876,-0.8,0.3,73.0
172,S172T,-0.3239,-0.1292,-1.1458,8.876,-0.8,0.3,73.0
172,S172V,-0.1261,0.2618,-1.4082,8.876,-0.8,0.3,73.0
172,S172W,-4.1204,-2.6043,-4.9289,8.876,-0.8,0.3,73.0
172,S172Y,-2.0511,-0.9313,-3.5533,8.876,-0.8,0.3,73.0
173,A173C,-5.1365,-4.0249,-4.1586,8.189,1.8,-0.5,67.0
173,A173D,-2.8118,-1.658,-2.3637,8.189,1.8,-0.5,67.0
173,A173E,-2.0525,-1.2662,-1.9531,8.189,1.8,-0.5,67.0
173,A173F,-1.6069,-1.2005,0.8747,8.189,1.8,-0.5,67.0
173,A173G,-1.2046,-0.7649,-1.584,8.189,1.8,-0.5,67.0
173,A173H,-3.8078,-1.7095,-1.5995,8.189,1.8,-0.5,67.0
173,A173I,-0.8911,-1.1043,0.1722,8.189,1.8,-0.5,67.0
173,A173K,-3.7399,-1.5445,-2.2521,8.189,1.8,-0.5,67.0
173,A173L,-0.134,-0.7077,1.2647,8.189,1.8,-0.5,67.0
173,A173M,-2.3905,-1.8326,-0.4931,8.189,1.8,-0.5,67.0
173,A173N,-2.3552,-0.8442,-1.6092,8.189,1.8,-0.5,67.0
173,A173P,-3.4503,-2.7128,-1.0032,8.189,1.8,-0.5,67.0
173,A173Q,-1.8456,-0.801,-1.0695,8.189,1.8,-0.5,67.0
173,A173R,-3.0704,-0.5953,-1.3958,8.189,1.8,-0.5,67.0
173,A173S,-1.4163,-0.384,-0.6085,8.189,1.8,-0.5,67.0
173,A173T,-1.6521,-0.5865,-0.813,8.189,1.8,-0.5,67.0
173,A173V,-0.7341,-0.8844,-0.1362,8.189,1.8,-0.5,67.0
173,A173W,-4.3457,-2.9013,-0.6601,8.189,1.8,-0.5,67.0
173,A173Y,-1.6527,-1.4712,0.8697,8.189,1.8,-0.5,67.0
174,L174A,0.6266,2.6991,1.8642,3.404,3.8,-1.8,124.0
174,L174C,-4.1453,-1.832,-3.6292,3.404,3.8,-1.8,124.0
174,L174D,-2.7068,-2.0804,-0.5439,3.404,3.8,-1.8,124.0
174,L174E,-1.8029,-1.5405,-1.5219,3.404,3.8,-1.8,124.0
174,L174F,-0.5496,-0.4426,-0.2363,3.404,3.8,-1.8,124.0
174,L174G,0.6765,2.547,3.4436,3.404,3.8,-1.8,124.0
174,L174H,-3.2841,-2.3999,-2.4862,3.404,3.8,-1.8,124.0
174,L174I,-0.1516,-0.218,0.1674,3.404,3.8,-1.8,124.0
174,L174K,-3.2627,-2.6914,-2.3041,3.404,3.8,-1.8,124.0
174,L174M,-1.63,-0.878,-1.0882,3.404,3.8,-1.8,124.0
174,L174N,-3.276,-1.4981,-0.1128,3.404,3.8,-1.8,124.0
174,L174P,-2.8949,-1.3979,-1.2725,3.404,3.8,-1.8,124.0
174,L174Q,-1.6402,-1.496,-1.0712,3.404,3.8,-1.8,124.0
174,L174R,-2.0345,-1.7874,-1.4928,3.404,3.8,-1.8,124.0
174,L174S,-0.3575,0.9774,1.1457,3.404,3.8,-1.8,124.0
174,L174T,-0.7869,-0.0747,0.3952,3.404,3.8,-1.8,124.0
174,L174V,0.1302,0.1548,0.1643,3.404,3.8,-1.8,124.0
174,L174W,-3.1231,-2.2817,-2.5858,3.404,3.8,-1.8,124.0
174,L174Y,-1.0797,-1.1457,-0.9221,3.404,3.8,-1.8,124.0
175,E175A,-2.8985,-3.9388,-3.1122,5.478,-3.5,3.0,109.0
175,E175C,-7.4591,-8.064,-8.5904,5.478,-3.5,3.0,109.0
175,E175D,-2.8232,-3.4145,-2.3786,5.478,-3.5,3.0,109.0
175,E175F,-4.4141,-6.3735,-6.0255,5.478,-3.5,3.0,109.0
175,E175G,-2.7257,-3.6229,-3.4436,5.478,-3.5,3.0,109.0
175,E175H,-5.3921,-6.3141,-5.8885,5.478,-3.5,3.0,109.0
175,E175I,-5.1517,-5.9703,-5.7979,5.478,-3.5,3.0,109.0
175,E175K,-5.6798,-6.2338,-4.9795,5.478,-3.5,3.0,109.0
175,E175L,-4.8757,-5.6568,-5.3758,5.478,-3.5,3.0,109.0
175,E175M,-5.7671,-6.4929,-5.1126,5.478,-3.5,3.0,109.0
175,E175N,-3.4095,-4.9358,-4.0505,5.478,-3.5,3.0,109.0
175,E175P,-6.0188,-6.0334,-5.5686,5.478,-3.5,3.0,109.0
175,E175Q,-3.441,-4.0989,-1.6048,5.478,-3.5,3.0,109.0
175,E175R,-5.0865,-6.4448,-5.3156,5.478,-3.5,3.0,109.0
175,E175S,-2.6584,-4.3822,-3.4208,5.478,-3.5,3.0,109.0
175,E175T,-3.5719,-4.8572,-3.6726,5.478,-3.5,3.0,109.0
175,E175V,-4.4564,-5.4078,-5.13,5.478,-3.5,3.0,109.0
175,E175W,-6.5744,-7.5796,-6.6019,5.478,-3.5,3.0,109.0
175,E175Y,-5.1572,-6.3939,-5.6133,5.478,-3.5,3.0,109.0
176,T176A,-0.4163,0.8266,-1.8676,7.861,-0.7,-0.4,93.0
176,T176C,-3.3072,-2.6278,-5.1273,7.861,-0.7,-0.4,93.0
176,T176D,-3.3673,-2.1384,-4.754,7.861,-0.7,-0.4,93.0
176,T176E,-2.0227,-1.409,-4.6805,7.861,-0.7,-0.4,93.0
176,T176F,-2.269,-1.9541,-5.2797,7.861,-0.7,-0.4,93.0
176,T176G,-1.4586,0.2264,-3.5541,7.861,-0.7,-0.4,93.0
176,T176H,-3.5902,-1.8448,-5.5473,7.861,-0.7,-0.4,93.0
176,T176I,-2.4265,-1.417,-3.9747,7.861,-0.7,-0.4,93.0
176,T176K,-5.092,-3.3031,-6.5241,7.861,-0.7,-0.4,93.0
176,T176L,-2.6304,-1.492,-4.4247,7.861,-0.7,-0.4,93.0
176,T176M,-2.8654,-1.6908,-4.2381,7.861,-0.7,-0.4,93.0
176,T176N,-1.1781,-0.826,-2.8102,7.861,-0.7,-0.4,93.0
176,T176P,-2.9442,-2.0295,-4.346,7.861,-0.7,-0.4,93.0
176,T176Q,-2.7078,-1.387,-4.7404,7.861,-0.7,-0.4,93.0
176,T176R,-4.1719,-2.9353,-6.5129,7.861,-0.7,-0.4,93.0
176,T176S,-0.3369,0.2939,-0.7908,7.861,-0.7,-0.4,93.0
176,T176V,-1.5936,-0.7724,-3.0171,7.861,-0.7,-0.4,93.0
176,T176W,-4.8408,-3.5131,-6.8158,7.861,-0.7,-0.4,93.0
176,T176Y,-2.5414,-2.0649,-5.4164,7.861,-0.7,-0.4,93.0
177,A177C,-4.5641,-3.9924,-5.8541,6.953,1.8,-0.5,67.0
177,A177D,-6.1607,-4.8827,-5.8404,6.953,1.8,-0.5,67.0
177,A177E,-5.8248,-4.2731,-5.618,6.953,1.8,-0.5,67.0
177,A177F,-5.6389,-3.7059,-6.1812,6.953,1.8,-0.5,67.0
177,A177G,-1.2909,-1.0728,-2.0271,6.953,1.8,-0.5,67.0
177,A177H,-8.0676,-5.5367,-8.3983,6.953,1.8,-0.5,67.0
177,A177I,-4.337,-2.9543,-4.8301,6.953,1.8,-0.5,67.0
177,A177K,-8.31,-6.2952,-8.9186,6.953,1.8,-0.5,67.0
177,A177L,-4.618,-2.8572,-5.0842,6.953,1.8,-0.5,67.0
177,A177M,-5.0356,-3.3493,-5.5935,6.953,1.8,-0.5,67.0
177,A177N,-5.1503,-3.5867,-5.5717,6.953,1.8,-0.5,67.0
177,A177P,-3.4842,-3.0598,-6.0645,6.953,1.8,-0.5,67.0
177,A177Q,-5.9649,-4.2251,-6.4004,6.953,1.8,-0.5,67.0
177,A177R,-7.4792,-6.0455,-8.5946,6.953,1.8,-0.5,67.0
177,A177S,-1.6125,-1.054,-1.3349,6.953,1.8,-0.5,67.0
177,A177T,-2.7587,-1.5794,-2.4574,6.953,1.8,-0.5,67.0
177,A177V,-3.1034,-2.1504,-3.5035,6.953,1.8,-0.5,67.0
177,A177W,-7.882,-5.6097,-8.4939,6.953,1.8,-0.5,67.0
177,A177Y,-6.1938,-4.2927,-6.5766,6.953,1.8,-0.5,67.0
178,A178C,-3.458,-4.0827,-4.5223,4.179,1.8,-0.5,67.0
178,A178D,-3.709,-6.0484,-4.6277,4.179,1.8,-0.5,67.0
178,A178E,-2.915,-5.354,-3.9307,4.179,1.8,-0.5,67.0
178,A178F,-0.0532,-3.1952,-0.5826,4.179,1.8,-0.5,67.0
178,A178G,-1.4703,-2.0024,-1.3624,4.179,1.8,-0.5,67.0
178,A178H,-3.5182,-5.5473,-5.1447,4.179,1.8,-0.5,67.0
178,A178I,0.7011,-1.7499,-0.7033,4.179,1.8,-0.5,67.0
178,A178K,-3.7828,-6.299,-3.8854,4.179,1.8,-0.5,67.0
178,A178L,2.5912,-1.6248,0.3642,4.179,1.8,-0.5,67.0
178,A178M,0.3949,-2.6004,-1.1449,4.179,1.8,-0.5,67.0
178,A178N,-1.8957,-3.9612,-3.4474,4.179,1.8,-0.5,67.0
178,A178P,-2.1195,-1.0703,-3.873,4.179,1.8,-0.5,67.0
178,A178Q,-1.7045,-4.2831,-3.1981,4.179,1.8,-0.5,67.0
178,A178R,-1.5488,-6.1318,-3.6487,4.179,1.8,-0.5,67.0
178,A178S,-0.8924,-1.3953,-1.5556,4.179,1.8,-0.5,67.0
178,A178T,-0.4801,-1.2235,-0.8773,4.179,1.8,-0.5,67.0
178,A178V,0.2669,-0.9689,-0.5243,4.179,1.8,-0.5,67.0
178,A178W,-3.4486,-5.758,-4.2771,4.179,1.8,-0.5,67.0
178,A178Y,-2.0982,-4.4468,-3.2054,4.179,1.8,-0.5,67.0
179,Y179A,-4.8597,-0.2001,-1.521,7.308,-1.3,-2.3,141.0
179,Y179C,-5.8034,-2.7938,-3.9736,7.308,-1.3,-2.3,141.0
179,Y179D,-7.8888,-4.9967,-5.5538,7.308,-1.3,-2.3,141.0
179,Y179E,-7.807,-3.7063,-5.1594,7.308,-1.3,-2.3,141.0
179,Y179F,-0.2873,0.5867,-0.469,7.308,-1.3,-2.3,141.0
179,Y179G,-6.9026,-2.5372,-3.1817,7.308,-1.3,-2.3,141.0
179,Y179H,-5.3602,-3.0149,-4.3457,7.308,-1.3,-2.3,141.0
179,Y179I,-3.6404,1.8752,-0.9597,7.308,-1.3,-2.3,141.0
179,Y179K,-9.3,-5.0852,-6.2299,7.308,-1.3,-2.3,141.0
179,Y179L,-2.5458,1.2824,-0.865,7.308,-1.3,-2.3,141.0
179,Y179M,-4.0847,0.0236,-2.2301,7.308,-1.3,-2.3,141.0
179,Y179N,-6.3459,-2.5265,-3.9053,7.308,-1.3,-2.3,141.0
179,Y179P,-6.9384,-2.5229,-1.5561,7.308,-1.3,-2.3,141.0
179,Y179Q,-6.7941,-2.7227,-4.2341,7.308,-1.3,-2.3,141.0
179,Y179R,-8.1439,-4.8614,-6.1317,7.308,-1.3,-2.3,141.0
179,Y179S,-5.5083,-1.5638,-2.7169,7.308,-1.3,-2.3,141.0
179,Y179T,-5.166,-0.2083,-2.118,7.308,-1.3,-2.3,141.0
179,Y179V,-3.8248,1.8097,-1.3262,7.308,-1.3,-2.3,141.0
179,Y179W,-2.3024,-2.4395,-3.3276,7.308,-1.3,-2.3,141.0
180,I180A,-3.26,-1.7197,-3.9073,9.682,4.5,-1.8,124.0
180,I180C,-6.1287,-4.6998,-5.8481,9.682,4.5,-1.8,124.0
180,I180D,-6.702,-7.3523,-7.956,9.682,4.5,-1.8,124.0
180,I180E,-5.1248,-5.9776,-5.855,9.682,4.5,-1.8,124.0
180,I180F,-1.8633,-2.1896,-2.0119,9.682,4.5,-1.8,124.0
180,I180G,-5.4604,-4.2777,-6.6446,9.682,4.5,-1.8,124.0
180,I180H,-5.5045,-6.0189,-5.7161,9.682,4.5,-1.8,124.0
180,I180K,-6.0664,-7.0137,-7.4494,9.682,4.5,-1.8,124.0
180,I180L,1.1008,-0.3862,0.7835,9.682,4.5,-1.8,124.0
180,I180M,-1.9736,-1.7772,-1.0097,9.682,4.5,-1.8,124.0
180,I180N,-5.7374,-5.8747,-5.8132,9.682,4.5,-1.8,124.0
180,I180P,-4.8766,-4.9052,-6.7444,9.682,4.5,-1.8,124.0
180,I180Q,-4.2324,-5.158,-4.2743,9.682,4.5,-1.8,124.0
180,I180R,-5.6124,-6.6086,-7.1938,9.682,4.5,-1.8,124.0
180,I180S,-4.4656,-3.445,-5.2237,9.682,4.5,-1.8,124.0
180,I180T,-3.0994,-1.9279,-3.3718,9.682,4.5,-1.8,124.0
180,I180V,-0.8368,-0.0543,-0.9153,9.682,4.5,-1.8,124.0
180,I180W,-4.3214,-5.3239,-5.345,9.682,4.5,-1.8,124.0
180,I180Y,-2.2998,-3.8131,-4.1993,9.682,4.5,-1.8,124.0
181,L181A,-1.7152,-3.2599,-1.5007,8.348,3.8,-1.8,124.0
181,L181C,-5.7004,-6.1866,-5.3479,8.348,3.8,-1.8,124.0
181,L181D,-5.2613,-8.8603,-4.3591,8.348,3.8,-1.8,124.0
181,L181E,-4.4375,-7.2739,-2.7182,8.348,3.8,-1.8,124.0
181,L181F,-2.4379,-3.0437,-2.3259,8.348,3.8,-1.8,124.0
181,L181G,-3.8724,-5.8836,-2.7317,8.348,3.8,-1.8,124.0
181,L181H,-4.6729,-6.7038,-4.0154,8.348,3.8,-1.8,124.0
181,L181I,-1.1963,-1.5379,-0.757,8.348,3.8,-1.8,124.0
181,L181K,-5.3726,-7.8246,-4.6582,8.348,3.8,-1.8,124.0
181,L181M,-2.2008,-2.4074,-1.7212,8.348,3.8,-1.8,124.0
181,L181N,-3.9569,-6.2848,-2.6129,8.348,3.8,-1.8,124.0
181,L181P,-5.8629,-6.9485,-6.7109,8.348,3.8,-1.8,124.0
181,L181Q,-3.2341,-5.9889,-2.4229,8.348,3.8,-1.8,124.0
181,L181R,-5.1294,-7.3525,-4.6433,8.348,3.8,-1.8,124.0
181,L181S,-2.9027,-4.7725,-1.9546,8.348,3.8,-1.8,124.0
181,L181T,-2.2328,-3.7374,-1.6231,8.348,3.8,-1.8,124.0
181,L181V,-1.4283,-1.7226,-0.6756,8.348,3.8,-1.8,124.0
181,L181W,-4.5777,-6.0993,-4.6541,8.348,3.8,-1.8,124.0
181,L181Y,-2.5259,-4.7596,-3.0471,8.348,3.8,-1.8,124.0
182,S182A,2.3185,1.6418,1.7918,7.017,-0.8,0.3,73.0
182,S182C,-1.214,-1.8407,-1.8936,7.017,-0.8,0.3,73.0
182,S182D,-3.1023,-5.2742,-3.9636,7.017,-0.8,0.3,73.0
182,S182E,-1.8026,-3.905,-3.0495,7.017,-0.8,0.3,73.0
182,S182F,-0.1229,-1.8977,-0.9154,7.017,-0.8,0.3,73.0
182,S182G,-0.7467,-1.1392,-0.1017,7.017,-0.8,0.3,73.0
182,S182H,-3.5721,-4.7366,-3.9492,7.017,-0.8,0.3,73.0
182,S182I,2.954,1.0999,0.7185,7.017,-0.8,0.3,73.0
182,S182K,-4.3884,-5.1639,-3.9809,7.017,-0.8,0.3,73.0
182,S182L,1.5998,0.4799,0.6092,7.017,-0.8,0.3,73.0
182,S182M,0.3498,0.0058,-0.5849,7.017,-0.8,0.3,73.0
182,S182N,-1.5954,-2.8228,-2.1048,7.017,-0.8,0.3,73.0
182,S182P,-1.239,-2.1494,-2.7093,7.017,-0.8,0.3,73.0
182,S182Q,-1.7682,-3.4091,-2.8222,7.017,-0.8,0.3,73.0
182,S182R,-4.3192,-4.7377,-4.1196,7.017,-0.8,0.3,73.0
182,S182T,1.6267,1.2476,1.0583,7.017,-0.8,0.3,73.0
182,S182V,3.6627,1.3001,2.0541,7.017,-0.8,0.3,73.0
182,S182W,-3.5654,-4.9287,-4.3748,7.017,-0.8,0.3,73.0
182,S182Y,-2.0532,-3.5142,-2.632,7.017,-0.8,0.3,73.0
183,F183A,-6.0575,-3.694,-3.8393,9.51,2.8,-2.5,135.0
183,F183C,-6.4263,-6.1027,-4.8448,9.51,2.8,-2.5,135.0
183,F183D,-9.8656,-7.7306,-8.9369,9.51,2.8,-2.5,135.0
183,F183E,-8.6498,-6.3819,-6.6151,9.51,2.8,-2.5,135.0
183,F183G,-7.9177,-5.9146,-5.3117,9.51,2.8,-2.5,135.0
183,F183H,-7.5075,-5.1888,-5.9275,9.51,2.8,-2.5,135.0
183,F183I,-3.8959,-1.0852,-2.5538,9.51,2.8,-2.5,135.0
183,F183K,-9.6309,-6.5237,-7.3791,9.51,2.8,-2.5,135.0
183,F183L,-1.5085,-1.2269,-0.1175,9.51,2.8,-2.5,135.0
183,F183M,-1.6458,-2.6552,-0.8496,9.51,2.8,-2.5,135.0
183,F183N,-7.7899,-5.6107,-5.166,9.51,2.8,-2.5,135.0
183,F183P,-9.1284,-7.4732,-9.6297,9.51,2.8,-2.5,135.0
183,F183Q,-6.8852,-5.1879,-5.3418,9.51,2.8,-2.5,135.0
183,F183R,-9.3815,-6.0165,-7.3093,9.51,2.8,-2.5,135.0
183,F183S,-6.7118,-5.0037,-4.6065,9.51,2.8,-2.5,135.0
183,F183T,-6.0764,-3.9547,-3.7024,9.51,2.8,-2.5,135.0
183,F183V,-4.5242,-1.6938,-2.9737,9.51,2.8,-2.5,135.0
183,F183W,-5.0168,-4.282,-4.9681,9.51,2.8,-2.5,135.0
183,F183Y,-4.351,-2.1826,-3.844,9.51,2.8,-2.5,135.0
184,G184A,-2.8535,-1.4326,-3.4178,12.275,-0.4,0.0,48.0
184,G184C,-6.2462,-5.395,-6.9208,12.275,-0.4,0.0,48.0
184,G184D,-4.9009,-4.5578,-6.6246,12.275,-0.4,0.0,48.0
184,G184E,-3.9584,-1.4288,-5.7219,12.275,-0.4,0.0,48.0
184,G184F,-4.4162,-5.1831,-6.9727,12.275,-0.4,0.0,48.0
184,G184H,-5.29,-4.1697,-7.0824,12.275,-0.4,0.0,48.0
184,G184I,-6.2059,-4.1294,-8.6974,12.275,-0.4,0.0,48.0
184,G184K,-5.3811,-2.8097,-7.3106,12.275,-0.4,0.0,48.0
184,G184L,-5.1946,-4.6695,-7.8094,12.275,-0.4,0.0,48.0
184,G184M,-4.7947,-4.6451,-7.7562,12.275,-0.4,0.0,48.0
184,G184N,-3.7651,-3.6432,-6.2325,12.275,-0.4,0.0,48.0
184,G184P,-6.2371,-3.4071,-8.0493,12.275,-0.4,0.0,48.0
184,G184Q,-3.5836,-2.2337,-6.2849,12.275,-0.4,0.0,48.0
184,G184R,-5.1934,-2.8489,-6.7436,12.275,-0.4,0.0,48.0
184,G184S,-2.497,-1.8515,-4.0779,12.275,-0.4,0.0,48.0
184,G184T,-3.7001,-1.5243,-5.482,12.275,-0.4,0.0,48.0
184,G184V,-5.0618,-2.4241,-6.5096,12.275,-0.4,0.0,48.0
184,G184W,-6.7062,-6.2039,-6.8811,12.275,-0.4,0.0,48.0
184,G184Y,-4.8347,-4.5762,-6.7388,12.275,-0.4,0.0,48.0
185,D185A,-7.2215,-7.104,-6.8521,13.31,-3.5,3.0,91.0
185,D185C,-8.6811,-7.5078,-9.5111,13.31,-3.5,3.0,91.0
185,D185E,-3.6767,-4.5615,-4.5643,13.31,-3.5,3.0,91.0
185,D185F,-9.755,-9.1846,-8.9955,13.31,-3.5,3.0,91.0
185,D185G,-6.3604,-6.0059,-6.2918,13.31,-3.5,3.0,91.0
185,D185H,-6.1378,-4.95,-5.4305,13.31,-3.5,3.0,91.0
185,D185I,-9.1748,-9.2836,-8.627,13.31,-3.5,3.0,91.0
185,D185K,-8.0126,-7.7068,-7.0218,13.31,-3.5,3.0,91.0
185,D185L,-9.0131,-9.2053,-8.8664,13.31,-3.5,3.0,91.0
185,D185M,-10.1714,-10.1552,-10.2586,13.31,-3.5,3.0,91.0
185,D185N,-2.5656,-1.6131,-1.593,13.31,-3.5,3.0,91.0
185,D185P,-7.9578,-7.4103,-7.6048,13.31,-3.5,3.0,91.0
185,D185Q,-6.423,-7.2493,-7.0038,13.31,-3.5,3.0,91.0
185,D185R,-8.4881,-8.5427,-7.8571,13.31,-3.5,3.0,91.0
185,D185S,-4.4606,-3.7758,-3.9858,13.31,-3.5,3.0,91.0
185,D185T,-7.1504,-6.4626,-6.3223,13.31,-3.5,3.0,91.0
185,D185V,-8.2697,-8.4386,-7.769,13.31,-3.5,3.0,91.0
185,D185W,-10.5187,-10.0542,-10.3254,13.31,-3.5,3.0,91.0
185,D185Y,-8.1053,-7.6688,-7.1745,13.31,-3.5,3.0,91.0
186,K186A,0.8468,0.6601,-0.3681,11.011,-3.9,3.0,135.0
186,K186C,-4.9534,-4.9986,-6.1081,11.011,-3.9,3.0,135.0
186,K186D,-0.8306,0.2062,-1.616,11.011,-3.9,3.0,135.0
186,K186E,0.1701,0.9422,-0.5843,11.011,-3.9,3.0,135.0
186,K186F,-1.8492,-2.8081,-2.405,11.011,-3.9,3.0,135.0
186,K186G,-0.8322,-0.7092,-1.4081,11.011,-3.9,3.0,135.0
186,K186H,-1.7064,-1.3088,-2.2481,11.011,-3.9,3.0,135.0
186,K186I,-0.9544,-1.8099,-1.7301,11.011,-3.9,3.0,135.0
186,K186L,-0.3281,-1.4587,-0.8843,11.011,-3.9,3.0,135.0
186,K186M,-1.6971,-2.7182,-1.253,11.011,-3.9,3.0,135.0
186,K186N,0.9242,1.94,-1.0914,11.011,-3.9,3.0,135.0
186,K186P,2.2917,2.1451,1.3539,11.011,-3.9,3.0,135.0
186,K186Q,-0.131,-0.3061,-0.9532,11.011,-3.9,3.0,135.0
186,K186R,-0.3216,-0.8956,-0.6633,11.011,-3.9,3.0,135.0
186,K186S,0.985,0.7188,-0.3924,11.011,-3.9,3.0,135.0
186,K186T,0.5799,0.182,-0.5917,11.011,-3.9,3.0,135.0
186,K186V,-0.2185,-0.7431,-1.3155,11.011,-3.9,3.0,135.0
186,K186W,-3.5706,-4.4332,-4.169,11.011,-3.9,3.0,135.0
186,K186Y,-1.8409,-2.6128,-2.3935,11.011,-3.9,3.0,135.0
187,V187A,0.6333,0.3766,1.1229,14.873,4.2,-1.5,105.0
187,V187C,-6.1175,-4.8798,-5.8519,14.873,4.2,-1.5,105.0
187,V187D,-0.2024,0.1615,0.1593,14.873,4.2,-1.5,105.0
187,V187E,0.4882,1.0297,1.3216,14.873,4.2,-1.5,105.0
187,V187F,-1.9985,-2.9742,-2.6627,14.873,4.2,-1.5,105.0
187,V187G,-1.797,-1.9381,-1.4219,14.873,4.2,-1.5,105.0
187,V187H,-2.9525,-1.985,-2.2124,14.873,4.2,-1.5,105.0
187,V187I,-1.0125,-1.287,-1.4263,14.873,4.2,-1.5,105.0
187,V187K,-0.3857,0.2771,-0.2312,14.873,4.2,-1.5,105.0
187,V187L,-1.25,-1.7797,-1.6988,14.873,4.2,-1.5,105.0
187,V187M,-2.783,-3.1365,-2.7467,14.873,4.2,-1.5,105.0
187,V187N,-0.5761,-0.1691,0.0754,14.873,4.2,-1.5,105.0
187,V187P,-1.3067,-3.5559,-2.2021,14.873,4.2,-1.5,105.0
187,V187Q,-0.5927,-0.3583,0.163,14.873,4.2,-1.5,105.0
187,V187R,-1.9255,-1.6732,-1.6542,14.873,4.2,-1.5,105.0
187,V187S,0.2681,0.0371,0.8817,14.873,4.2,-1.5,105.0
187,V187T,0.6179,0.8073,1.0816,14.873,4.2,-1.5,105.0
187,V187W,-4.6085,-5.4584,-4.9615,14.873,4.2,-1.5,105.0
187,V187Y,-2.1624,-3.0553,-2.4082,14.873,4.2,-1.5,105.0
188,T188A,-1.1,-3.7407,-1.0577,16.935,-0.7,-0.4,93.0
188,T188C,-6.4827,-9.0959,-8.1095,16.935,-0.7,-0.4,93.0
188,T188D,-0.9561,-4.1334,-2.0646,16.935,-0.7,-0.4,93.0
188,T188E,-1.5959,-4.7247,-2.4448,16.935,-0.7,-0.4,93.0
188,T188F,-3.5638,-6.9704,-6.6011,16.935,-0.7,-0.4,93.0
188,T188G,-2.2076,-5.0347,-2.6295,16.935,-0.7,-0.4,93.0
188,T188H,-2.6192,-5.2932,-3.3569,16.935,-0.7,-0.4,93.0
188,T188I,-4.335,-6.1027,-5.0725,16.935,-0.7,-0.4,93.0
188,T188K,-1.409,-4.0236,-2.4347,16.935,-0.7,-0.4,93.0
188,T188L,-2.967,-5.9247,-4.5863,16.935,-0.7,-0.4,93.0
188,T188M,-4.8789,-6.4587,-6.1672,16.935,-0.7,-0.4,93.0
188,T188N,-1.1959,-2.1359,-0.2082,16.935,-0.7,-0.4,93.0
188,T188P,-3.6239,-7.6467,-4.8951,16.935,-0.7,-0.4,93.0
188,T188Q,-1.7523,-5.2362,-2.9112,16.935,-0.7,-0.4,93.0
188,T188R,-2.4654,-5.5788,-3.702,16.935,-0.7,-0.4,93.0
188,T188S,0.0138,-1.3922,-0.3071,16.935,-0.7,-0.4,93.0
188,T188V,-3.6371,-6.1461,-4.122,16.935,-0.7,-0.4,93.0
188,T188W,-6.2847,-9.0112,-8.4198,16.935,-0.7,-0.4,93.0
188,T188Y,-2.8886,-6.5998,-5.827,16.935,-0.7,-0.4,93.0
189,G189A,-3.2298,-3.2946,-2.7182,14.748,-0.4,0.0,48.0
189,G189C,-6.6752,-7.1603,-6.5397,14.748,-0.4,0.0,48.0
189,G189D,-2.3843,-1.6737,-2.6893,14.748,-0.4,0.0,48.0
189,G189E,-2.7362,-2.3485,-2.9136,14.748,-0.4,0.0,48.0
189,G189F,-5.3217,-5.37,-5.3031,14.748,-0.4,0.0,48.0
189,G189H,-3.9627,-2.5958,-3.8929,14.748,-0.4,0.0,48.0
189,G189I,-7.4079,-7.6504,-6.9807,14.748,-0.4,0.0,48.0
189,G189K,-2.3318,-1.9927,-2.6778,14.748,-0.4,0.0,48.0
189,G189L,-3.9248,-4.0326,-3.5193,14.748,-0.4,0.0,48.0
189,G189M,-5.1147,-4.6932,-4.7647,14.748,-0.4,0.0,48.0
189,G189N,-1.251,-0.7741,-1.7584,14.748,-0.4,0.0,48.0
189,G189P,-4.8687,-6.692,-5.3063,14.748,-0.4,0.0,48.0
189,G189Q,-2.2035,-2.0851,-2.4244,14.748,-0.4,0.0,48.0
189,G189R,-3.1603,-3.1333,-3.5625,14.748,-0.4,0.0,48.0
189,G189S,-2.2707,-2.417,-2.8324,14.748,-0.4,0.0,48.0
189,G189T,-3.7428,-4.4414,-4.7569,14.748,-0.4,0.0,48.0
189,G189V,-6.1019,-6.4156,-5.9969,14.748,-0.4,0.0,48.0
189,G189W,-7.4716,-6.8772,-6.7307,14.748,-0.4,0.0,48.0
189,G189Y,-5.2334,-5.2103,-5.045,14.748,-0.4,0.0,48.0
190,S190A,0.1388,0.171,-0.492,15.189,-0.8,0.3,73.0
190,S190C,-4.5975,-4.4626,-5.5262,15.189,-0.8,0.3,73.0
190,S190D,-0.5918,-0.4123,-2.2248,15.189,-0.8,0.3,73.0
190,S190E,-0.2867,0.5532,-0.804,15.189,-0.8,0.3,73.0
190,S190F,-3.1424,-2.0483,-3.927,15.189,-0.8,0.3,73.0
190,S190G,-0.3818,-1.3869,-1.5518,15.189,-0.8,0.3,73.0
190,S190H,-2.6948,-1.2819,-3.1421,15.189,-0.8,0.3,73.0
190,S190I,-1.6393,-1.3278,-1.9741,15.189,-0.8,0.3,73.0
190,S190K,-0.7317,0.2203,-0.1465,15.189,-0.8,0.3,73.0
190,S190L,-1.369,-0.6295,-2.0634,15.189,-0.8,0.3,73.0
190,S190M,-2.5957,-1.978,-3.1002,15.189,-0.8,0.3,73.0
190,S190N,-0.2184,-0.2002,-0.8519,15.189,-0.8,0.3,73.0
190,S190P,-4.7903,-4.8969,-6.2829,15.189,-0.8,0.3,73.0
190,S190Q,-0.4911,-0.2013,-1.0042,15.189,-0.8,0.3,73.0
190,S190R,-1.5855,-1.262,-1.3144,15.189,-0.8,0.3,73.0
190,S190T,0.3536,0.4657,1.5376,15.189,-0.8,0.3,73.0
190,S190V,-0.4689,-0.4146,-0.7871,15.189,-0.8,0.3,73.0
190,S190W,-5.2999,-4.4318,-5.8974,15.189,-0.8,0.3,73.0
190,S190Y,-2.812,-2.1434,-3.802,15.189,-0.8,0.3,73.0
191,V191A,0.12,0.179,0.9888,13.332,4.2,-1.5,105.0
191,V191C,-4.0584,-4.4499,-3.632,13.332,4.2,-1.5,105.0
191,V191D,-6.6748,-8.9578,-7.4654,13.332,4.2,-1.5,105.0
191,V191E,-5.8129,-7.0678,-6.0463,13.332,4.2,-1.5,105.0
191,V191F,-4.7761,-5.02,-4.536,13.332,4.2,-1.5,105.0
191,V191G,-4.2906,-5.1113,-3.7379,13.332,4.2,-1.5,105.0
191,V191H,-7.2748,-8.4256,-7.3711,13.332,4.2,-1.5,105.0
191,V191I,-2.145,-2.6213,-2.1229,13.332,4.2,-1.5,105.0
191,V191K,-7.6765,-8.7648,-7.7392,13.332,4.2,-1.5,105.0
191,V191L,-3.6967,-3.941,-3.3482,13.332,4.2,-1.5,105.0
191,V191M,-4.128,-4.4852,-4.2257,13.332,4.2,-1.5,105.0
191,V191N,-5.7778,-7.3382,-6.4358,13.332,4.2,-1.5,105.0
191,V191P,-3.5535,-4.3719,-5.0976,13.332,4.2,-1.5,105.0
191,V191Q,-5.7849,-7.1957,-6.3694,13.332,4.2,-1.5,105.0
191,V191R,-7.5379,-8.6879,-7.8111,13.332,4.2,-1.5,105.0
191,V191S,-2.8159,-3.6491,-2.3107,13.332,4.2,-1.5,105.0
191,V191T,-1.4362,-2.5416,-1.5299,13.332,4.2,-1.5,105.0
191,V191W,-8.0733,-8.7573,-7.753,13.332,4.2,-1.5,105.0
191,V191Y,-5.4348,-6.3659,-5.5557,13.332,4.2,-1.5,105.0
192,P192A,-1.9985,-4.0784,-4.0411,17.169,-1.6,0.0,90.0
192,P192C,-6.5509,-9.087,-8.2959,17.169,-1.6,0.0,90.0
192,P192D,-1.024,-1.0246,-0.4505,17.169,-1.6,0.0,90.0
192,P192E,-1.2724,-2.0641,-1.7356,17.169,-1.6,0.0,90.0
192,P192F,-5.3598,-8.7355,-7.6327,17.169,-1.6,0.0,90.0
192,P192G,-3.3789,-3.9543,-4.5421,17.169,-1.6,0.0,90.0
192,P192H,-2.9949,-4.5387,-4.058,17.169,-1.6,0.0,90.0
192,P192I,-4.6134,-8.078,-6.9898,17.169,-1.6,0.0,90.0
192,P192K,-0.2118,-2.2568,-2.0673,17.169,-1.6,0.0,90.0
192,P192L,-2.831,-6.7282,-5.9114,17.169,-1.6,0.0,90.0
192,P192M,-4.5276,-8.1676,-7.64,17.169,-1.6,0.0,90.0
192,P192N,0.0872,-1.9183,-1.0211,17.169,-1.6,0.0,90.0
192,P192Q,-0.173,-2.6811,-2.9754,17.169,-1.6,0.0,90.0
192,P192R,-0.7757,-3.6881,-3.4893,17.169,-1.6,0.0,90.0
192,P192S,-0.859,-2.1054,-1.6497,17.169,-1.6,0.0,90.0
192,P192T,-2.4735,-3.8786,-3.296,17.169,-1.6,0.0,90.0
192,P192V,-4.044,-6.6719,-6.2168,17.169,-1.6,0.0,90.0
192,P192W,-6.6514,-9.5602,-8.638,17.169,-1.6,0.0,90.0
192,P192Y,-4.3903,-7.3381,-5.7143,17.169,-1.6,0.0,90.0
193,K193A,-2.6234,-3.3182,-3.5973,18.009,-3.9,3.0,135.0
193,K193C,-5.2834,-7.6918,-7.6746,18.009,-3.9,3.0,135.0
193,K193D,-5.2239,-5.4085,-6.271,18.009,-3.9,3.0,135.0
193,K193E,-4.0504,-3.3129,-4.8243,18.009,-3.9,3.0,135.0
193,K193F,-2.9125,-4.8026,-5.6999,18.009,-3.9,3.0,135.0
193,K193G,-3.8109,-5.4643,-5.2623,18.009,-3.9,3.0,135.0
193,K193H,-2.5268,-3.7328,-4.3081,18.009,-3.9,3.0,135.0
193,K193I,-2.4339,-3.1613,-3.3354,18.009,-3.9,3.0,135.0
193,K193L,-0.7141,-2.8073,-2.6298,18.009,-3.9,3.0,135.0
193,K193M,-2.7483,-4.2651,-4.4079,18.009,-3.9,3.0,135.0
193,K193N,-3.3457,-4.2054,-4.558,18.009,-3.9,3.0,135.0
193,K193P,-3.4878,-4.5248,-6.1414,18.009,-3.9,3.0,135.0
193,K193Q,-1.7295,-2.4043,-3.5063,18.009,-3.9,3.0,135.0
193,K193R,2.3649,-0.5344,-0.0042,18.009,-3.9,3.0,135.0
193,K193S,-2.7633,-3.7382,-3.9925,18.009,-3.9,3.0,135.0
193,K193T,-2.5663,-2.8159,-2.9639,18.009,-3.9,3.0,135.0
193,K193V,-2.2741,-2.6532,-2.9246,18.009,-3.9,3.0,135.0
193,K193W,-4.2089,-6.1655,-7.2993,18.009,-3.9,3.0,135.0
193,K193Y,-2.8882,-5.0784,-5.4405,18.009,-3.9,3.0,135.0
194,A194C,-4.9472,-4.7506,-5.4194,18.778,1.8,-0.5,67.0
194,A194D,0.2565,-1.1138,0.4837,18.778,1.8,-0.5,67.0
194,A194E,0.9396,0.083,0.9723,18.778,1.8,-0.5,67.0
194,A194F,-2.9602,-3.2835,-4.11,18.778,1.8,-0.5,67.0
194,A194G,-0.5695,-1.7701,-2.0967,18.778,1.8,-0.5,67.0
194,A194H,-1.8651,-1.0725,-2.3806,18.778,1.8,-0.5,67.0
194,A194I,-2.4299,-2.1519,-2.9851,18.778,1.8,-0.5,67.0
194,A194K,-0.7727,-0.3028,-0.4004,18.778,1.8,-0.5,67.0
194,A194L,-2.4373,-2.52,-3.2394,18.778,1.8,-0.5,67.0
194,A194M,-3.4744,-3.6661,-4.107,18.778,1.8,-0.5,67.0
194,A194N,-0.7387,-1.3494,-0.9896,18.778,1.8,-0.5,67.0
194,A194P,-1.0631,-1.4574,-1.6337,18.778,1.8,-0.5,67.0
194,A194Q,-0.4649,-0.9527,-0.6587,18.778,1.8,-0.5,67.0
194,A194R,-1.3303,-1.1778,-1.9352,18.778,1.8,-0.5,67.0
194,A194S,0.9154,-0.3705,0.531,18.778,1.8,-0.5,67.0
194,A194T,-0.1832,-1.0798,-0.8255,18.778,1.8,-0.5,67.0
194,A194V,-1.6051,-1.1567,-2.2219,18.778,1.8,-0.5,67.0
194,A194W,-2.9318,-3.876,-4.8819,18.778,1.8,-0.5,67.0
194,A194Y,-1.7783,-2.6806,-2.9701,18.778,1.8,-0.5,67.0
195,F195A,-1.4329,-0.8696,-1.6007,15.371,2.8,-2.5,135.0
195,F195C,-4.0032,-4.1798,-4.4215,15.371,2.8,-2.5,135.0
195,F195D,-3.2303,-2.2429,-1.3647,15.371,2.8,-2.5,135.0
195,F195E,-3.6003,-3.1282,-2.0298,15.371,2.8,-2.5,135.0
195,F195G,-3.4655,-3.3972,-3.8669,15.371,2.8,-2.5,135.0
195,F195H,-1.7666,-1.8871,-1.4386,15.371,2.8,-2.5,135.0
195,F195I,-2.0221,-0.4435,-1.6428,15.371,2.8,-2.5,135.0
195,F195K,-3.3282,-3.4828,-2.4251,15.371,2.8,-2.5,135.0
195,F195L,-0.8927,0.5956,-0.0233,15.371,2.8,-2.5,135.0
195,F195M,-1.7064,-0.5791,-1.5431,15.371,2.8,-2.5,135.0
195,F195N,-1.9348,-2.094,-1.6474,15.371,2.8,-2.5,135.0
195,F195P,-4.3053,-4.5929,-3.7333,15.371,2.8,-2.5,135.0
195,F195Q,-1.9842,-2.1482,-1.742,15.371,2.8,-2.5,135.0
195,F195R,-1.5393,-3.0161,-2.2384,15.371,2.8,-2.5,135.0
195,F195S,-1.7593,-1.5242,-2.0023,15.371,2.8,-2.5,135.0
195,F195T,-1.176,-0.6651,-1.5517,15.371,2.8,-2.5,135.0
195,F195V,-1.3441,-0.1509,-1.4967,15.371,2.8,-2.5,135.0
195,F195W,2.1339,2.4689,1.4091,15.371,2.8,-2.5,135.0
195,F195Y,0.4159,0.3187,0.7499,15.371,2.8,-2.5,135.0
196,V196A,-3.0604,-2.813,-3.0223,13.489,4.2,-1.5,105.0
196,V196C,-6.2166,-6.6302,-7.2099,13.489,4.2,-1.5,105.0
196,V196D,-8.3936,-9.0135,-8.9868,13.489,4.2,-1.5,105.0
196,V196E,-7.3045,-7.4022,-7.4394,13.489,4.2,-1.5,105.0
196,V196F,-4.8743,-4.5928,-4.8409,13.489,4.2,-1.5,105.0
196,V196G,-6.4216,-6.046,-7.299,13.489,4.2,-1.5,105.0
196,V196H,-7.8806,-7.6104,-9.0552,13.489,4.2,-1.5,105.0
196,V196I,-2.0981,-1.2287,-1.5495,13.489,4.2,-1.5,105.0
196,V196K,-9.2016,-7.784,-8.9021,13.489,4.2,-1.5,105.0
196,V196L,-3.5965,-2.4033,-3.0305,13.489,4.2,-1.5,105.0
196,V196M,-4.665,-3.7842,-4.3179,13.489,4.2,-1.5,105.0
196,V196N,-6.6222,-6.9534,-8.1029,13.489,4.2,-1.5,105.0
196,V196P,-4.554,-6.8172,-7.7413,13.489,4.2,-1.5,105.0
196,V196Q,-7.281,-6.9395,-7.7118,13.489,4.2,-1.5,105.0
196,V196R,-8.5581,-7.7592,-9.9399,13.489,4.2,-1.5,105.0
196,V196S,-5.2798,-5.4681,-6.6414,13.489,4.2,-1.5,105.0
196,V196T,-2.6736,-3.372,-4.1646,13.489,4.2,-1.5,105.0
196,V196W,-7.8697,-7.6463,-8.1473,13.489,4.2,-1.5,105.0
196,V196Y,-6.147,-6.1909,-6.4598,13.489,4.2,-1.5,105.0
197,E197A,-3.6376,-1.9482,-5.6911,16.55,-3.5,3.0,109.0
197,E197C,-8.5852,-7.4122,-11.0706,16.55,-3.5,3.0,109.0
197,E197D,-1.7165,-1.7908,-2.4366,16.55,-3.5,3.0,109.0
197,E197F,-6.916,-5.7075,-9.6022,16.55,-3.5,3.0,109.0
197,E197G,-4.2638,-3.2429,-7.1308,16.55,-3.5,3.0,109.0
197,E197H,-5.174,-2.4653,-6.5178,16.55,-3.5,3.0,109.0
197,E197I,-6.1731,-3.3118,-7.6431,16.55,-3.5,3.0,109.0
197,E197K,-3.5851,1.0116,-4.9035,16.55,-3.5,3.0,109.0
197,E197L,-5.2507,-2.9983,-7.1741,16.55,-3.5,3.0,109.0
197,E197M,-6.509,-3.6056,-8.3455,16.55,-3.5,3.0,109.0
197,E197N,-3.3106,-1.6336,-5.1886,16.55,-3.5,3.0,109.0
197,E197P,-4.8653,-4.9859,-10.3063,16.55,-3.5,3.0,109.0
197,E197Q,-1.9164,0.6003,-3.5371,16.55,-3.5,3.0,109.0
197,E197R,-4.2965,-0.461,-5.8547,16.55,-3.5,3.0,109.0
197,E197S,-2.931,-1.4162,-5.9731,16.55,-3.5,3.0,109.0
197,E197T,-2.8424,-0.2097,-5.3275,16.55,-3.5,3.0,109.0
197,E197V,-5.2821,-2.6394,-6.7408,16.55,-3.5,3.0,109.0
197,E197W,-7.8552,-6.4194,-10.173,16.55,-3.5,3.0,109.0
197,E197Y,-6.0555,-4.7276,-8.3461,16.55,-3.5,3.0,109.0
198,Y198A,0.3525,-1.8511,-3.4373,17.239,-1.3,-2.3,141.0
198,Y198C,-3.1336,-4.3576,-5.6691,17.239,-1.3,-2.3,141.0
198,Y198D,-0.6655,-3.6748,-4.021,17.239,-1.3,-2.3,141.0
198,Y198E,-1.5158,-3.0918,-3.5682,17.239,-1.3,-2.3,141.0
198,Y198F,-1.3581,-1.7181,-1.9738,17.239,-1.3,-2.3,141.0
198,Y198G,-1.2976,-3.0789,-5.8393,17.239,-1.3,-2.3,141.0
198,Y198H,-1.5755,-2.3376,-2.546,17.239,-1.3,-2.3,141.0
198,Y198I,-1.3361,-3.3954,-4.7398,17.239,-1.3,-2.3,141.0
198,Y198K,-2.944,-3.3422,-6.7362,17.239,-1.3,-2.3,141.0
198,Y198L,-1.3887,-2.799,-4.5441,17.239,-1.3,-2.3,141.0
198,Y198M,-2.3179,-3.5367,-4.5864,17.239,-1.3,-2.3,141.0
198,Y198N,-0.9996,-2.6078,-4.6392,17.239,-1.3,-2.3,141.0
198,Y198P,-2.7285,-5.9871,-8.2174,17.239,-1.3,-2.3,141.0
198,Y198Q,-1.9353,-2.961,-4.4531,17.239,-1.3,-2.3,141.0
198,Y198R,-2.9728,-3.7657,-6.9335,17.239,-1.3,-2.3,141.0
198,Y198S,1.59,-1.6676,-2.8395,17.239,-1.3,-2.3,141.0
198,Y198T,0.3678,-2.3728,-3.369,17.239,-1.3,-2.3,141.0
198,Y198V,-0.2506,-2.8295,-4.5393,17.239,-1.3,-2.3,141.0
198,Y198W,-2.6314,-3.8216,-3.7392,17.239,-1.3,-2.3,141.0
199,F199A,-5.1678,-3.0871,-3.5397,10.114,2.8,-2.5,135.0
199,F199C,-6.1821,-4.3453,-5.0629,10.114,2.8,-2.5,135.0
199,F199D,-9.5184,-7.9352,-8.9857,10.114,2.8,-2.5,135.0
199,F199E,-9.0261,-6.4964,-7.7476,10.114,2.8,-2.5,135.0
199,F199G,-7.6443,-5.3206,-6.8905,10.114,2.8,-2.5,135.0
199,F199H,-6.1657,-5.296,-5.836,10.114,2.8,-2.5,135.0
199,F199I,-4.7917,-1.9226,-2.8692,10.114,2.8,-2.5,135.0
199,F199K,-9.9708,-8.4396,-9.939,10.114,2.8,-2.5,135.0
199,F199L,-3.0523,0.1838,-0.9343,10.114,2.8,-2.5,135.0
199,F199M,-4.0763,-1.5387,-2.4928,10.114,2.8,-2.5,135.0
199,F199N,-7.3133,-5.714,-6.6297,10.114,2.8,-2.5,135.0
199,F199P,-10.3523,-7.7467,-8.5209,10.114,2.8,-2.5,135.0
199,F199Q,-7.1772,-5.4554,-6.3235,10.114,2.8,-2.5,135.0
199,F199R,-8.9661,-7.9416,-9.9492,10.114,2.8,-2.5,135.0
199,F199S,-6.239,-4.7102,-5.3514,10.114,2.8,-2.5,135.0
199,F199T,-6.608,-3.8862,-4.7117,10.114,2.8,-2.5,135.0
199,F199V,-4.84,-2.4016,-2.8262,10.114,2.8,-2.5,135.0
199,F199W,-1.1542,-1.1863,-3.1769,10.114,2.8,-2.5,135.0
199,F199Y,-2.7179,-2.1808,-3.1407,10.114,2.8,-2.5,135.0
200,F200A,-7.3079,-6.5409,-8.9389,11.668,2.8,-2.5,135.0
200,F200C,-7.7016,-7.7977,-9.6107,11.668,2.8,-2.5,135.0
200,F200D,-10.7784,-10.26,-12.1311,11.668,2.8,-2.5,135.0
200,F200E,-10.2269,-9.5281,-13.1884,11.668,2.8,-2.5,135.0
200,F200G,-9.1466,-9.0616,-11.2922,11.668,2.8,-2.5,135.0
200,F200H,-7.3346,-7.1711,-8.6477,11.668,2.8,-2.5,135.0
200,F200I,-4.092,-4.5885,-6.2419,11.668,2.8,-2.5,135.0
200,F200K,-11.136,-9.0224,-15.243,11.668,2.8,-2.5,135.0
200,F200L,-3.6459,-3.5866,-4.6479,11.668,2.8,-2.5,135.0
200,F200M,-5.425,-5.0232,-5.9787,11.668,2.8,-2.5,135.0
200,F200N,-9.1369,-8.5192,-10.2454,11.668,2.8,-2.5,135.0
200,F200P,-11.3405,-11.2518,-12.8889,11.668,2.8,-2.5,135.0
200,F200Q,-9.001,-8.4802,-11.3901,11.668,2.8,-2.5,135.0
200,F200R,-10.4764,-8.6795,-14.0908,11.668,2.8,-2.5,135.0
200,F200S,-8.1502,-7.3417,-9.381,11.668,2.8,-2.5,135.0
200,F200T,-7.5836,-7.1938,-9.4695,11.668,2.8,-2.5,135.0
200,F200V,-4.9287,-4.9571,-7.1889,11.668,2.8,-2.5,135.0
200,F200W,-4.5561,-5.0458,-6.0666,11.668,2.8,-2.5,135.0
200,F200Y,-3.1538,-3.1331,-4.7674,11.668,2.8,-2.5,135.0
201,E201A,-2.8662,-1.9587,-3.8543,17.466,-3.5,3.0,109.0
201,E201C,-6.6618,-8.2145,-9.2056,17.466,-3.5,3.0,109.0
201,E201D,-2.6729,-2.907,-4.2409,17.466,-3.5,3.0,109.0
201,E201F,-5.2319,-4.8604,-6.4182,17.466,-3.5,3.0,109.0
201,E201G,-4.3008,-4.1367,-5.2086,17.466,-3.5,3.0,109.0
201,E201H,-5.3693,-3.5357,-5.9635,17.466,-3.5,3.0,109.0
201,E201I,-2.5071,-3.2296,-4.329,17.466,-3.5,3.0,109.0
201,E201K,-3.4905,-1.2105,-3.1557,17.466,-3.5,3.0,109.0
201,E201L,-2.0328,-2.7246,-3.5869,17.466,-3.5,3.0,109.0
201,E201M,-3.9063,-4.1194,-5.2171,17.466,-3.5,3.0,109.0
201,E201N,-4.0325,-2.8837,-4.247,17.466,-3.5,3.0,109.0
201,E201P,-8.2994,-7.3185,-9.1855,17.466,-3.5,3.0,109.0
201,E201Q,-2.03,-1.4114,-2.1634,17.466,-3.5,3.0,109.0
201,E201R,-4.5819,-2.4843,-3.8885,17.466,-3.5,3.0,109.0
201,E201S,-3.6514,-3.5138,-4.7432,17.466,-3.5,3.0,109.0
201,E201T,-2.4656,-2.5172,-3.413,17.466,-3.5,3.0,109.0
201,E201V,-1.5667,-2.3355,-3.4974,17.466,-3.5,3.0,109.0
201,E201W,-6.9749,-5.9906,-7.8234,17.466,-3.5,3.0,109.0
201,E201Y,-4.786,-4.688,-5.8994,17.466,-3.5,3.0,109.0
202,N202A,-3.7339,-5.5132,-4.7276,18.376,-3.5,0.2,96.0
202,N202C,-6.8586,-8.1637,-7.0268,18.376,-3.5,0.2,96.0
202,N202D,-3.3303,-5.1266,-4.4272,18.376,-3.5,0.2,96.0
202,N202E,-1.3598,-3.3162,-1.6065,18.376,-3.5,0.2,96.0
202,N202F,-3.5972,-5.4072,-3.7615,18.376,-3.5,0.2,96.0
202,N202G,-4.3703,-6.1494,-5.405,18.376,-3.5,0.2,96.0
202,N202H,-0.7948,-1.8308,-0.5561,18.376,-3.5,0.2,96.0
202,N202I,-5.3491,-6.4918,-5.7509,18.376,-3.5,0.2,96.0
202,N202K,-1.096,-4.1328,-1.198,18.376,-3.5,0.2,96.0
202,N202L,-3.4245,-6.1797,-5.2097,18.376,-3.5,0.2,96.0
202,N202M,-4.1529,-6.6193,-4.9775,18.376,-3.5,0.2,96.0
202,N202P,-8.6712,-9.6316,-8.188,18.376,-3.5,0.2,96.0
202,N202Q,-0.3048,-3.4256,-1.5416,18.376,-3.5,0.2,96.0
202,N202R,-2.3579,-4.8763,-3.629,18.376,-3.5,0.2,96.0
202,N202S,-3.5404,-4.7483,-3.8944,18.376,-3.5,0.2,96.0
202,N202T,-3.8561,-4.9541,-3.4948,18.376,-3.5,0.2,96.0
202,N202V,-4.5828,-5.9238,-4.6713,18.376,-3.5,0.2,96.0
202,N202W,-5.9346,-7.5841,-6.0198,18.376,-3.5,0.2,96.0
202,N202Y,-2.6764,-4.0556,-2.5132,18.376,-3.5,0.2,96.0
203,E203A,-6.6959,-6.3727,-7.5478,14.78,-3.5,3.0,109.0
203,E203C,-9.5268,-10.5742,-11.1101,14.78,-3.5,3.0,109.0
203,E203D,-5.2165,-5.2541,-6.5849,14.78,-3.5,3.0,109.0
203,E203F,-9.1287,-10.0943,-10.9927,14.78,-3.5,3.0,109.0
203,E203G,-5.4936,-6.7907,-6.8798,14.78,-3.5,3.0,109.0
203,E203H,-7.5925,-8.0756,-9.0735,14.78,-3.5,3.0,109.0
203,E203I,-9.4242,-9.0728,-10.9044,14.78,-3.5,3.0,109.0
203,E203K,-6.4754,-6.6198,-8.3358,14.78,-3.5,3.0,109.0
203,E203L,-8.0865,-8.5481,-9.0395,14.78,-3.5,3.0,109.0
203,E203M,-8.8111,-8.9263,-9.6263,14.78,-3.5,3.0,109.0
203,E203N,-6.3647,-7.2866,-7.4162,14.78,-3.5,3.0,109.0
203,E203P,-8.99,-8.0364,-12.1025,14.78,-3.5,3.0,109.0
203,E203Q,-4.6786,-4.83,-5.2787,14.78,-3.5,3.0,109.0
203,E203R,-7.5354,-8.1687,-10.3064,14.78,-3.5,3.0,109.0
203,E203S,-6.4676,-7.2981,-7.062,14.78,-3.5,3.0,109.0
203,E203T,-7.7306,-7.5788,-8.8187,14.78,-3.5,3.0,109.0
203,E203V,-8.0527,-7.4031,-8.7802,14.78,-3.5,3.0,109.0
203,E203W,-10.0774,-10.8326,-12.3963,14.78,-3.5,3.0,109.0
203,E203Y,-8.2847,-9.3032,-10.4294,14.78,-3.5,3.0,109.0
204,R204A,-3.6853,-6.1492,-5.2865,15.965,-4.5,3.0,148.0
204,R204C,-5.8024,-7.6623,-6.2637,15.965,-4.5,3.0,148.0
204,R204D,-8.044,-8.4671,-8.9419,15.965,-4.5,3.0,148.0
204,R204E,-5.336,-6.2037,-6.4242,15.965,-4.5,3.0,148.0
204,R204F,-7.2829,-7.7843,-7.2763,15.965,-4.5,3.0,148.0
204,R204G,-5.0223,-7.9358,-7.1178,15.965,-4.5,3.0,148.0
204,R204H,-4.0128,-4.8405,-4.7299,15.965,-4.5,3.0,148.0
204,R204I,-5.6129,-6.3167,-6.9232,15.965,-4.5,3.0,148.0
204,R204K,-1.8802,-2.937,-2.4467,15.965,-4.5,3.0,148.0
204,R204L,-4.9515,-6.079,-5.8107,15.965,-4.5,3.0,148.0
204,R204M,-4.4872,-6.743,-6.2673,15.965,-4.5,3.0,148.0
204,R204N,-5.714,-6.6591,-6.7029,15.965,-4.5,3.0,148.0
204,R204P,-8.3945,-9.021,-11.053,15.965,-4.5,3.0,148.0
204,R204Q,-2.6033,-4.228,-3.8859,15.965,-4.5,3.0,148.0
204,R204S,-4.3617,-7.0141,-5.4662,15.965,-4.5,3.0,148.0
204,R204T,-3.7305,-6.4176,-5.6212,15.965,-4.5,3.0,148.0
204,R204V,-4.5149,-5.7666,-5.9974,15.965,-4.5,3.0,148.0
204,R204W,-7.6652,-7.8482,-7.7398,15.965,-4.5,3.0,148.0
204,R204Y,-6.3668,-7.0538,-6.4616,15.965,-4.5,3.0,148.0
205,L205A,-6.2509,-5.9418,-5.7788,12.434,3.8,-1.8,124.0
205,L205C,-7.7857,-7.9015,-8.0608,12.434,3.8,-1.8,124.0
205,L205D,-10.4569,-9.4819,-10.4363,12.434,3.8,-1.8,124.0
205,L205E,-8.9314,-8.2256,-9.1317,12.434,3.8,-1.8,124.0
205,L205F,-3.3786,-1.7983,-3.3961,12.434,3.8,-1.8,124.0
205,L205G,-9.0895,-8.8286,-9.6048,12.434,3.8,-1.8,124.0
205,L205H,-8.6079,-6.8893,-8.1707,12.434,3.8,-1.8,124.0
205,L205I,-3.6943,-3.1552,-3.0006,12.434,3.8,-1.8,124.0
205,L205K,-8.9212,-7.7669,-9.4624,12.434,3.8,-1.8,124.0
205,L205M,-2.7246,-3.068,-3.1355,12.434,3.8,-1.8,124.0
205,L205N,-9.1989,-7.8633,-8.6237,12.434,3.8,-1.8,124.0
205,L205P,-7.6734,-7.2015,-6.2858,12.434,3.8,-1.8,124.0
205,L205Q,-6.9714,-6.3139,-7.4011,12.434,3.8,-1.8,124.0
205,L205R,-8.456,-7.7132,-9.0739,12.434,3.8,-1.8,124.0
205,L205S,-7.9942,-7.3476,-7.6497,12.434,3.8,-1.8,124.0
205,L205T,-6.5068,-6.5512,-6.3838,12.434,3.8,-1.8,124.0
205,L205V,-4.5293,-3.9086,-4.1474,12.434,3.8,-1.8,124.0
205,L205W,-7.0268,-5.7995,-7.2763,12.434,3.8,-1.8,124.0
205,L205Y,-6.5241,-4.0587,-5.7202,12.434,3.8,-1.8,124.0
206,P206A,-6.4055,-6.5064,-6.5238,15.125,-1.6,0.0,90.0
206,P206C,-10.7081,-10.1366,-11.122,15.125,-1.6,0.0,90.0
206,P206D,-9.2857,-7.7377,-9.114,15.125,-1.6,0.0,90.0
206,P206E,-10.4285,-8.6708,-10.5498,15.125,-1.6,0.0,90.0
206,P206F,-10.4508,-9.2548,-11.1239,15.125,-1.6,0.0,90.0
206,P206G,-9.0296,-7.87,-8.7157,15.125,-1.6,0.0,90.0
206,P206H,-9.3842,-8.2112,-9.7916,15.125,-1.6,0.0,90.0
206,P206I,-10.6354,-9.1977,-11.2933,15.125,-1.6,0.0,90.0
206,P206K,-10.979,-9.1979,-11.006,15.125,-1.6,0.0,90.0
206,P206L,-7.6434,-6.9843,-8.4872,15.125,-1.6,0.0,90.0
206,P206M,-11.1201,-9.8082,-11.0895,15.125,-1.6,0.0,90.0
206,P206N,-10.0068,-8.3852,-9.3411,15.125,-1.6,0.0,90.0
206,P206Q,-9.2144,-8.1316,-9.5897,15.125,-1.6,0.0,90.0
206,P206R,-10.0163,-8.3055,-9.9755,15.125,-1.6,0.0,90.0
206,P206S,-7.0527,-6.5626,-8.3556,15.125,-1.6,0.0,90.0
206,P206T,-9.0325,-7.7672,-10.3403,15.125,-1.6,0.0,90.0
206,P206V,-9.5153,-8.4191,-10.1966,15.125,-1.6,0.0,90.0
206,P206W,-11.8731,-10.6616,-12.3151,15.125,-1.6,0.0,90.0
206,P206Y,-10.595,-9.8639,-11.4501,15.125,-1.6,0.0,90.0
207,F207A,0.7921,-0.8837,0.5062,16.949,2.8,-2.5,135.0
207,F207C,-3.3367,-4.71,-3.9801,16.949,2.8,-2.5,135.0
207,F207D,-1.4437,-2.1457,-0.9433,16.949,2.8,-2.5,135.0
207,F207E,-0.5907,-1.0623,0.662,16.949,2.8,-2.5,135.0
207,F207G,-1.3655,-2.7343,-1.4289,16.949,2.8,-2.5,135.0
207,F207H,-0.3685,-0.9307,-0.1355,16.949,2.8,-2.5,135.0
207,F207I,-0.2688,-0.1087,0.0123,16.949,2.8,-2.5,135.0
207,F207K,-0.3707,-1.5894,-0.5412,16.949,2.8,-2.5,135.0
207,F207L,-0.7024,1.1655,0.1346,16.949,2.8,-2.5,135.0
207,F207M,-2.2748,-1.1293,-1.3996,16.949,2.8,-2.5,135.0
207,F207N,-0.6941,-2.0233,-1.0139,16.949,2.8,-2.5,135.0
207,F207P,-0.9638,-2.7932,-2.2933,16.949,2.8,-2.5,135.0
207,F207Q,-0.8585,-1.5197,0.3163,16.949,2.8,-2.5,135.0
207,F207R,-0.7426,-2.1026,-0.7878,16.949,2.8,-2.5,135.0
207,F207S,-0.0988,-0.9297,0.4123,16.949,2.8,-2.5,135.0
207,F207T,-0.0099,-0.1117,0.9925,16.949,2.8,-2.5,135.0
207,F207V,1.088,0.1857,0.8801,16.949,2.8,-2.5,135.0
207,F207W,-2.6005,-2.4225,-1.7638,16.949,2.8,-2.5,135.0
207,F207Y,0.6039,0.852,0.6101,16.949,2.8,-2.5,135.0
208,H208A,1.3021,1.6146,1.0499,21.53,-3.2,-0.5,118.0
208,H208C,-4.5284,-3.8858,-5.1387,21.53,-3.2,-0.5,118.0
208,H208D,3.8406,3.3579,1.7713,21.53,-3.2,-0.5,118.0
208,H208E,5.4919,4.0337,3.7217,21.53,-3.2,-0.5,118.0
208,H208F,-2.3988,-2.7034,-2.8359,21.53,-3.2,-0.5,118.0
208,H208G,0.4862,1.0471,-0.1873,21.53,-3.2,-0.5,118.0
208,H208I,-2.7386,-2.4118,-2.5243,21.53,-3.2,-0.5,118.0
208,H208K,0.0536,1.2243,0.816,21.53,-3.2,-0.5,118.0
208,H208L,-2.3993,-1.8484,-1.2168,21.53,-3.2,-0.5,118.0
208,H208M,-2.7921,-2.7866,-2.3166,21.53,-3.2,-0.5,118.0
208,H208N,1.1479,1.5049,1.5894,21.53,-3.2,-0.5,118.0
208,H208P,-1.3222,-0.8857,-1.3646,21.53,-3.2,-0.5,118.0
208,H208Q,1.4397,1.377,1.1922,21.53,-3.2,-0.5,118.0
208,H208R,-1.5361,-0.3831,-1.2539,21.53,-3.2,-0.5,118.0
208,H208S,1.9994,2.0387,0.4381,21.53,-3.2,-0.5,118.0
208,H208T,0.4966,1.236,-0.1765,21.53,-3.2,-0.5,118.0
208,H208V,-1.3597,-1.0978,-1.1588,21.53,-3.2,-0.5,118.0
208,H208W,-3.273,-3.4417,-3.8342,21.53,-3.2,-0.5,118.0
208,H208Y,-1.2847,-1.6162,-1.6678,21.53,-3.2,-0.5,118.0
209,L209A,-2.7991,-0.9654,-4.1657,20.447,3.8,-1.8,124.0
209,L209C,-6.8741,-6.5442,-8.191,20.447,3.8,-1.8,124.0
209,L209D,-3.3224,0.1337,-3.7144,20.447,3.8,-1.8,124.0
209,L209E,0.3434,1.0177,-0.3374,20.447,3.8,-1.8,124.0
209,L209F,-4.4151,-3.2559,-3.8552,20.447,3.8,-1.8,124.0
209,L209G,-5.3529,-2.187,-6.0368,20.447,3.8,-1.8,124.0
209,L209H,-5.4549,-2.3083,-4.2905,20.447,3.8,-1.8,124.0
209,L209I,-3.8509,-2.5245,-2.9127,20.447,3.8,-1.8,124.0
209,L209K,-3.4466,-0.72,-3.5841,20.447,3.8,-1.8,124.0
209,L209M,-2.6678,-2.34,-3.5284,20.447,3.8,-1.8,124.0
209,L209N,-4.8663,-1.7236,-4.6204,20.447,3.8,-1.8,124.0
209,L209P,-7.8005,-3.1367,-6.2905,20.447,3.8,-1.8,124.0
209,L209Q,-1.9674,-0.3451,-2.6186,20.447,3.8,-1.8,124.0
209,L209R,-4.7693,-2.3222,-4.771,20.447,3.8,-1.8,124.0
209,L209S,-4.3953,-1.5768,-4.9634,20.447,3.8,-1.8,124.0
209,L209T,-4.723,-1.5315,-4.8702,20.447,3.8,-1.8,124.0
209,L209V,-3.6215,-1.8198,-3.3894,20.447,3.8,-1.8,124.0
209,L209W,-6.2858,-5.1862,-6.139,20.447,3.8,-1.8,124.0
209,L209Y,-4.7253,-3.0244,-4.0343,20.447,3.8,-1.8,124.0
210,G210A,-5.7339,-5.8962,-7.4998,19.996,-0.4,0.0,48.0
210,G210C,-7.7488,-9.7321,-9.1868,19.996,-0.4,0.0,48.0
210,G210D,-4.3682,-5.8033,-5.2637,19.996,-0.4,0.0,48.0
210,G210E,-5.3295,-6.4004,-6.2876,19.996,-0.4,0.0,48.0
210,G210F,-8.2952,-10.0258,-9.5756,19.996,-0.4,0.0,48.0
210,G210H,-6.7205,-7.8394,-6.1892,19.996,-0.4,0.0,48.0
210,G210I,-10.1682,-10.3093,-10.7037,19.996,-0.4,0.0,48.0
210,G210K,-5.8461,-6.3339,-5.7689,19.996,-0.4,0.0,48.0
210,G210L,-7.885,-9.2269,-9.7637,19.996,-0.4,0.0,48.0
210,G210M,-9.0151,-10.284,-10.2101,19.996,-0.4,0.0,48.0
210,G210N,-3.8787,-6.1037,-4.7382,19.996,-0.4,0.0,48.0
210,G210P,-9.2405,-6.2759,-7.8977,19.996,-0.4,0.0,48.0
210,G210Q,-6.2295,-7.2657,-6.9647,19.996,-0.4,0.0,48.0
210,G210R,-6.125,-6.8618,-6.3055,19.996,-0.4,0.0,48.0
210,G210S,-5.1662,-5.9739,-6.1934,19.996,-0.4,0.0,48.0
210,G210T,-7.9198,-7.5593,-8.3594,19.996,-0.4,0.0,48.0
210,G210V,-8.4211,-8.6442,-9.0829,19.996,-0.4,0.0,48.0
210,G210W,-9.2706,-10.0113,-9.4297,19.996,-0.4,0.0,48.0
210,G210Y,-8.5614,-9.8958,-8.8084,19.996,-0.4,0.0,48.0
211,W211A,-8.9766,-6.0541,-6.5209,12.229,-0.9,-3.4,163.0
211,W211C,-8.2207,-8.0438,-7.9689,12.229,-0.9,-3.4,163.0
211,W211D,-10.4123,-8.5545,-7.6435,12.229,-0.9,-3.4,163.0
211,W211E,-10.3337,-7.9385,-7.845,12.229,-0.9,-3.4,163.0
211,W211F,-3.0797,0.3352,-2.1218,12.229,-0.9,-3.4,163.0
211,W211G,-8.4236,-6.652,-6.511,12.229,-0.9,-3.4,163.0
211,W211H,-8.3298,-5.5056,-6.4425,12.229,-0.9,-3.4,163.0
211,W211I,-7.8678,-6.2849,-7.4418,12.229,-0.9,-3.4,163.0
211,W211K,-10.3067,-7.2778,-7.953,12.229,-0.9,-3.4,163.0
211,W211L,-6.5781,-4.336,-5.8397,12.229,-0.9,-3.4,163.0
211,W211M,-8.1276,-5.8744,-6.9083,12.229,-0.9,-3.4,163.0
211,W211N,-9.5085,-7.3652,-7.1427,12.229,-0.9,-3.4,163.0
211,W211P,-9.7359,-6.9996,-7.9232,12.229,-0.9,-3.4,163.0
211,W211Q,-9.1108,-7.5311,-8.1186,12.229,-0.9,-3.4,163.0
211,W211R,-7.8581,-6.4835,-7.8986,12.229,-0.9,-3.4,163.0
211,W211S,-8.2014,-6.2985,-6.7058,12.229,-0.9,-3.4,163.0
211,W211T,-9.3278,-6.8326,-7.7974,12.229,-0.9,-3.4,163.0
211,W211V,-8.4643,-6.1348,-7.0233,12.229,-0.9,-3.4,163.0
211,W211Y,-4.1226,-1.3183,-2.9162,12.229,-0.9,-3.4,163.0
212,Y212A,2.4368,2.5093,2.0678,14.916,-1.3,-2.3,141.0
212,Y212C,-2.6005,-2.3205,-2.4183,14.916,-1.3,-2.3,141.0
212,Y212D,0.9169,-0.3695,0.1436,14.916,-1.3,-2.3,141.0
212,Y212E,2.7241,2.4856,3.111,14.916,-1.3,-2.3,141.0
212,Y212F,-0.1525,-0.4062,-0.733,14.916,-1.3,-2.3,141.0
212,Y212G,0.9546,0.0146,0.587,14.916,-1.3,-2.3,141.0
212,Y212H,1.8032,2.0758,2.8059,14.916,-1.3,-2.3,141.0
212,Y212I,1.7458,1.7953,0.6543,14.916,-1.3,-2.3,141.0
212,Y212K,3.7616,5.0891,4.7548,14.916,-1.3,-2.3,141.0
212,Y212L,1.0637,0.6328,-0.4861,14.916,-1.3,-2.3,141.0
212,Y212M,0.6003,0.9083,-0.091,14.916,-1.3,-2.3,141.0
212,Y212N,3.6052,1.8229,2.3101,14.916,-1.3,-2.3,141.0
212,Y212P,-0.1936,-2.2487,-1.2374,14.916,-1.3,-2.3,141.0
212,Y212Q,3.6497,3.4732,3.5882,14.916,-1.3,-2.3,141.0
212,Y212R,2.8256,3.5364,3.3358,14.916,-1.3,-2.3,141.0
212,Y212S,3.416,2.4565,3.3767,14.916,-1.3,-2.3,141.0
212,Y212T,4.7588,3.7595,4.3986,14.916,-1.3,-2.3,141.0
212,Y212V,2.9117,3.4886,2.3958,14.916,-1.3,-2.3,141.0
212,Y212W,-1.7177,-1.9409,-2.3094,14.916,-1.3,-2.3,141.0
213,K213A,-2.1308,-2.4825,-2.4572,13.653,-3.9,3.0,135.0
213,K213C,-6.0061,-7.7132,-6.9996,13.653,-3.9,3.0,135.0
213,K213D,-4.7191,-4.7835,-5.0558,13.653,-3.9,3.0,135.0
213,K213E,-3.7141,-3.1694,-2.9983,13.653,-3.9,3.0,135.0
213,K213F,-5.0803,-6.4141,-5.525,13.653,-3.9,3.0,135.0
213,K213G,-3.3754,-4.2361,-3.812,13.653,-3.9,3.0,135.0
213,K213H,-2.2625,-2.9901,-3.3312,13.653,-3.9,3.0,135.0
213,K213I,-4.4329,-5.9527,-4.8243,13.653,-3.9,3.0,135.0
213,K213L,-3.5218,-4.7408,-4.0314,13.653,-3.9,3.0,135.0
213,K213M,-4.7074,-5.6718,-4.7544,13.653,-3.9,3.0,135.0
213,K213N,-3.2236,-3.5469,-3.8714,13.653,-3.9,3.0,135.0
213,K213P,-0.073,-1.3554,-0.043,13.653,-3.9,3.0,135.0
213,K213Q,-1.9859,-2.0951,-2.049,13.653,-3.9,3.0,135.0
213,K213R,0.9959,-0.3315,-0.1278,13.653,-3.9,3.0,135.0
213,K213S,-2.2804,-2.9635,-3.032,13.653,-3.9,3.0,135.0
213,K213T,-2.9054,-3.5538,-2.7863,13.653,-3.9,3.0,135.0
213,K213V,-3.6277,-4.6022,-3.8443,13.653,-3.9,3.0,135.0
213,K213W,-5.7558,-7.075,-5.9802,13.653,-3.9,3.0,135.0
213,K213Y,-4.6969,-5.3694,-4.9207,13.653,-3.9,3.0,135.0
214,S214A,0.2963,0.1922,-0.6574,11.999,-0.8,0.3,73.0
214,S214C,-4.803,-5.2016,-5.702,11.999,-0.8,0.3,73.0
214,S214D,-2.0009,-2.2261,-3.4893,11.999,-0.8,0.3,73.0
214,S214E,-1.2483,-1.329,-2.993,11.999,-0.8,0.3,73.0
214,S214F,-3.4268,-3.6616,-5.1296,11.999,-0.8,0.3,73.0
214,S214G,-1.3117,-1.5845,-2.1698,11.999,-0.8,0.3,73.0
214,S214H,-1.4691,-1.6615,-2.1556,11.999,-0.8,0.3,73.0
214,S214I,-2.1082,-2.5573,-4.0223,11.999,-0.8,0.3,73.0
214,S214K,0.5145,0.9831,0.2847,11.999,-0.8,0.3,73.0
214,S214L,-1.6149,-2.6159,-2.9353,11.999,-0.8,0.3,73.0
214,S214M,-2.9143,-3.2166,-4.0247,11.999,-0.8,0.3,73.0
214,S214N,-1.1878,-0.7644,-1.8464,11.999,-0.8,0.3,73.0
214,S214P,2.7845,0.3749,2.1061,11.999,-0.8,0.3,73.0
214,S214Q,-0.322,-0.2096,-1.1748,11.999,-0.8,0.3,73.0
214,S214R,0.3528,0.2553,0.7854,11.999,-0.8,0.3,73.0
214,S214T,-0.3567,0.1702,-1.4195,11.999,-0.8,0.3,73.0
214,S214V,-0.9643,-0.8637,-2.8534,11.999,-0.8,0.3,73.0
214,S214W,-5.0716,-5.0814,-6.0066,11.999,-0.8,0.3,73.0
214,S214Y,-3.2043,-3.019,-4.2527,11.999,-0.8,0.3,73.0
215,A215C,-4.9909,-5.478,-6.0507,15.177,1.8,-0.5,67.0
215,A215D,-0.5493,0.5444,0.1784,15.177,1.8,-0.5,67.0
215,A215E,-0.3942,0.5162,0.5546,15.177,1.8,-0.5,67.0
215,A215F,-2.5469,-3.3192,-3.7776,15.177,1.8,-0.5,67.0
215,A215G,-0.5385,-0.4966,-1.0555,15.177,1.8,-0.5,67.0
215,A215H,-1.6669,-1.361,-1.9205,15.177,1.8,-0.5,67.0
215,A215I,-1.9479,-2.4124,-2.9897,15.177,1.8,-0.5,67.0
215,A215K,0.1132,-0.1454,0.5983,15.177,1.8,-0.5,67.0
215,A215L,-1.5849,-2.1133,-2.0124,15.177,1.8,-0.5,67.0
215,A215M,-2.9637,-2.9038,-3.0731,15.177,1.8,-0.5,67.0
215,A215N,0.6386,1.5439,0.3057,15.177,1.8,-0.5,67.0
215,A215P,0.1912,-0.8978,0.12,15.177,1.8,-0.5,67.0
215,A215Q,-0.1327,-0.5756,-0.275,15.177,1.8,-0.5,67.0
215,A215R,-0.7028,-1.6078,-1.0779,15.177,1.8,-0.5,67.0
215,A215S,0.4402,0.7116,0.5845,15.177,1.8,-0.5,67.0
215,A215T,0.3864,1.2908,0.8732,15.177,1.8,-0.5,67.0
215,A215V,-0.9791,-1.3495,-1.8549,15.177,1.8,-0.5,67.0
215,A215W,-4.2835,-5.0579,-5.1162,15.177,1.8,-0.5,67.0
215,A215Y,-2.32,-3.2145,-3.3678,15.177,1.8,-0.5,67.0
216,E216A,0.2202,-0.4048,-1.0458,12.448,-3.5,3.0,109.0
216,E216C,-5.109,-6.1815,-6.2828,12.448,-3.5,3.0,109.0
216,E216D,-0.429,-0.3041,-0.7577,12.448,-3.5,3.0,109.0
216,E216F,-2.1723,-3.5104,-4.0395,12.448,-3.5,3.0,109.0
216,E216G,-0.2997,-0.2529,-1.3039,12.448,-3.5,3.0,109.0
216,E216H,-1.8797,-1.6666,-1.8523,12.448,-3.5,3.0,109.0
216,E216I,-1.1633,-3.0319,-2.8196,12.448,-3.5,3.0,109.0
216,E216K,-0.1446,-0.1387,-0.5827,12.448,-3.5,3.0,109.0
216,E216L,-1.2174,-2.8994,-3.3071,12.448,-3.5,3.0,109.0
216,E216M,-2.4859,-3.7156,-4.1687,12.448,-3.5,3.0,109.0
216,E216N,-0.0521,-0.6063,-0.4044,12.448,-3.5,3.0,109.0
216,E216P,-0.3959,-2.2765,-2.0033,12.448,-3.5,3.0,109.0
216,E216Q,0.0676,-0.5599,-0.5281,12.448,-3.5,3.0,109.0
216,E216R,-0.8398,-1.2232,-1.7311,12.448,-3.5,3.0,109.0
216,E216S,0.4955,0.2127,-0.4834,12.448,-3.5,3.0,109.0
216,E216T,0.6523,0.1314,0.2342,12.448,-3.5,3.0,109.0
216,E216V,-0.3093,-1.8084,-1.2648,12.448,-3.5,3.0,109.0
216,E216W,-4.2787,-5.4816,-5.8259,12.448,-3.5,3.0,109.0
216,E216Y,-2.2442,-3.4857,-3.333,12.448,-3.5,3.0,109.0
217,S217A,-0.1878,0.248,0.4416,10.456,-0.8,0.3,73.0
217,S217C,-5.2527,-5.8545,-5.7267,10.456,-0.8,0.3,73.0
217,S217D,-1.4307,-0.3853,-1.9983,10.456,-0.8,0.3,73.0
217,S217E,-0.7482,-0.366,-0.4041,10.456,-0.8,0.3,73.0
217,S217F,-2.1731,-2.8851,-2.9522,10.456,-0.8,0.3,73.0
217,S217G,-1.4055,-0.4127,-1.7106,10.456,-0.8,0.3,73.0
217,S217H,-1.8443,-1.8068,-1.9718,10.456,-0.8,0.3,73.0
217,S217I,-1.1476,-2.0205,-1.3929,10.456,-0.8,0.3,73.0
217,S217K,-0.0634,0.0696,1.1675,10.456,-0.8,0.3,73.0
217,S217L,-0.959,-1.4831,-1.0433,10.456,-0.8,0.3,73.0
217,S217M,-2.0605,-2.7456,-1.9633,10.456,-0.8,0.3,73.0
217,S217N,0.4161,0.0903,-1.0754,10.456,-0.8,0.3,73.0
217,S217P,0.4879,1.0067,2.3369,10.456,-0.8,0.3,73.0
217,S217Q,-0.2414,-0.7851,0.2299,10.456,-0.8,0.3,73.0
217,S217R,-0.7916,-0.921,-0.2582,10.456,-0.8,0.3,73.0
217,S217T,0.9447,0.2913,0.926,10.456,-0.8,0.3,73.0
217,S217V,-0.2654,-1.0112,-0.0376,10.456,-0.8,0.3,73.0
217,S217W,-4.7931,-4.5709,-4.6687,10.456,-0.8,0.3,73.0
217,S217Y,-2.6021,-3.0186,-2.8033,10.456,-0.8,0.3,73.0
218,I218A,-2.3159,-1.8304,-2.7224,6.644,4.5,-1.8,124.0
218,I218C,-5.7175,-6.2512,-6.4342,6.644,4.5,-1.8,124.0
218,I218D,-6.2231,-5.838,-6.6709,6.644,4.5,-1.8,124.0
218,I218E,-5.3228,-5.2556,-5.8854,6.644,4.5,-1.8,124.0
218,I218F,-0.7822,-0.5585,-1.5472,6.644,4.5,-1.8,124.0
218,I218G,-4.8186,-4.3288,-5.1752,6.644,4.5,-1.8,124.0
218,I218H,-4.6884,-4.197,-3.5001,6.644,4.5,-1.8,124.0
218,I218K,-4.6981,-3.9446,-2.2906,6.644,4.5,-1.8,124.0
218,I218L,-0.0856,0.355,-1.2151,6.644,4.5,-1.8,124.0
218,I218M,-2.0095,-1.615,-2.4992,6.644,4.5,-1.8,124.0
218,I218N,-5.2333,-4.6029,-4.337,6.644,4.5,-1.8,124.0
218,I218P,-2.3361,-1.0401,-3.9867,6.644,4.5,-1.8,124.0
218,I218Q,-3.9252,-4.0847,-3.9481,6.644,4.5,-1.8,124.0
218,I218R,-4.2991,-3.8427,-3.2531,6.644,4.5,-1.8,124.0
218,I218S,-3.9226,-3.5614,-4.0577,6.644,4.5,-1.8,124.0
218,I218T,-2.7829,-2.4794,-2.5353,6.644,4.5,-1.8,124.0
218,I218V,0.099,-0.0775,-0.4541,6.644,4.5,-1.8,124.0
218,I218W,-3.5001,-3.1485,-3.9126,6.644,4.5,-1.8,124.0
218,I218Y,-2.2986,-2.0906,-2.1228,6.644,4.5,-1.8,124.0
219,S219A,-2.5662,-2.9446,-2.6276,7.989,-0.8,0.3,73.0
219,S219C,-6.2809,-6.6622,-8.0572,7.989,-0.8,0.3,73.0
219,S219D,-2.1959,-2.1522,-1.6916,7.989,-0.8,0.3,73.0
219,S219E,-3.1602,-3.4914,-3.1775,7.989,-0.8,0.3,73.0
219,S219F,-5.641,-6.2963,-5.4886,7.989,-0.8,0.3,73.0
219,S219G,-1.5616,-1.0187,-1.0844,7.989,-0.8,0.3,73.0
219,S219H,-4.692,-4.5006,-4.8758,7.989,-0.8,0.3,73.0
219,S219I,-5.0158,-5.4223,-5.322,7.989,-0.8,0.3,73.0
219,S219K,-2.9973,-3.2227,-2.9886,7.989,-0.8,0.3,73.0
219,S219L,-3.9703,-4.9816,-4.1119,7.989,-0.8,0.3,73.0
219,S219M,-5.3443,-5.7636,-5.3314,7.989,-0.8,0.3,73.0
219,S219N,-2.0675,-1.8011,-1.5469,7.989,-0.8,0.3,73.0
219,S219P,-2.2297,-3.1272,-2.8098,7.989,-0.8,0.3,73.0
219,S219Q,-3.152,-3.6784,-3.2742,7.989,-0.8,0.3,73.0
219,S219R,-3.5533,-3.814,-3.9698,7.989,-0.8,0.3,73.0
219,S219T,0.6926,0.5364,0.6275,7.989,-0.8,0.3,73.0
219,S219V,-4.014,-4.5253,-4.0332,7.989,-0.8,0.3,73.0
219,S219W,-7.4577,-7.1084,-6.9271,7.989,-0.8,0.3,73.0
219,S219Y,-5.3295,-5.5719,-5.2478,7.989,-0.8,0.3,73.0
220,F220A,0.1339,0.3538,0.3873,6.364,2.8,-2.5,135.0
220,F220C,-5.3092,-6.081,-6.6263,6.364,2.8,-2.5,135.0
220,F220D,-1.7443,-0.7211,-1.6039,6.364,2.8,-2.5,135.0
220,F220E,-1.3862,-0.5846,-1.2788,6.364,2.8,-2.5,135.0
220,F220G,-1.1337,-1.6877,-1.2806,6.364,2.8,-2.5,135.0
220,F220H,-4.2236,-3.3787,-3.8905,6.364,2.8,-2.5,135.0
220,F220I,0.136,0.2033,0.0736,6.364,2.8,-2.5,135.0
220,F220K,-2.6755,-1.8734,-2.41,6.364,2.8,-2.5,135.0
220,F220L,1.0306,1.0508,1.3702,6.364,2.8,-2.5,135.0
220,F220M,-0.9141,-0.7678,-0.5914,6.364,2.8,-2.5,135.0
220,F220N,-1.464,-1.5388,-1.5374,6.364,2.8,-2.5,135.0
220,F220P,-1.3107,-1.0923,-1.2777,6.364,2.8,-2.5,135.0
220,F220Q,-0.9995,-1.1371,-1.1211,6.364,2.8,-2.5,135.0
220,F220R,-2.3645,-2.1127,-2.3086,6.364,2.8,-2.5,135.0
220,F220S,-0.453,-0.7346,-0.745,6.364,2.8,-2.5,135.0
220,F220T,-0.2999,-0.4239,-0.3226,6.364,2.8,-2.5,135.0
220,F220V,0.1237,0.5777,0.6062,6.364,2.8,-2.5,135.0
220,F220W,-3.3881,-2.3023,-2.4041,6.364,2.8,-2.5,135.0
220,F220Y,-1.7552,-1.6497,-1.6043,6.364,2.8,-2.5,135.0
221,A221C,-5.7317,-6.1652,-7.8544,10.546,1.8,-0.5,67.0
221,A221D,-0.5929,-0.671,-0.9134,10.546,1.8,-0.5,67.0
221,A221E,-0.0551,-0.2883,-0.5698,10.546,1.8,-0.5,67.0
221,A221F,-1.3107,-2.0158,-2.7832,10.546,1.8,-0.5,67.0
221,A221G,-1.1049,-0.9961,-1.6437,10.546,1.8,-0.5,67.0
221,A221H,-3.9788,-3.2772,-4.7537,10.546,1.8,-0.5,67.0
221,A221I,-1.8917,-1.9471,-2.177,10.546,1.8,-0.5,67.0
221,A221K,-2.1401,-1.7772,-3.4746,10.546,1.8,-0.5,67.0
221,A221L,-0.6736,-1.0603,-1.2303,10.546,1.8,-0.5,67.0
221,A221M,-2.1585,-2.6362,-2.5989,10.546,1.8,-0.5,67.0
221,A221N,-1.4855,-1.5957,-1.9961,10.546,1.8,-0.5,67.0
221,A221P,-2.627,-2.4298,-2.523,10.546,1.8,-0.5,67.0
221,A221Q,-0.5592,-0.9831,-1.3237,10.546,1.8,-0.5,67.0
221,A221R,-2.4312,-2.4391,-4.1087,10.546,1.8,-0.5,67.0
221,A221S,-0.1751,-0.1952,-1.0016,10.546,1.8,-0.5,67.0
221,A221T,-0.5501,-0.3428,-0.6126,10.546,1.8,-0.5,67.0
221,A221V,-1.447,-1.1989,-1.3292,10.546,1.8,-0.5,67.0
221,A221W,-3.3481,-3.236,-4.5994,10.546,1.8,-0.5,67.0
221,A221Y,-2.7239,-3.3312,-4.1977,10.546,1.8,-0.5,67.0
222,D222A,-2.1523,-1.348,-2.4368,9.803,-3.5,3.0,91.0
222,D222C,-7.9966,-7.348,-8.5321,9.803,-3.5,3.0,91.0
222,D222E,-1.2558,-1.1153,-1.8751,9.803,-3.5,3.0,91.0
222,D222F,-3.5006,-3.1203,-5.313,9.803,-3.5,3.0,91.0
222,D222G,-3.061,-1.6232,-3.416,9.803,-3.5,3.0,91.0
222,D222H,-4.2818,-3.7772,-4.4118,9.803,-3.5,3.0,91.0
222,D222I,-4.1685,-3.428,-4.8408,9.803,-3.5,3.0,91.0
222,D222K,-4.0512,-3.1499,-4.4243,9.803,-3.5,3.0,91.0
222,D222L,-3.1382,-2.6561,-4.3156,9.803,-3.5,3.0,91.0
222,D222M,-3.7988,-2.9716,-4.5816,9.803,-3.5,3.0,91.0
222,D222N,-2.7417,-1.96,-2.983,9.803,-3.5,3.0,91.0
222,D222P,-6.7183,-6.0482,-7.2458,9.803,-3.5,3.0,91.0
222,D222Q,-1.7933,-1.7887,-2.9336,9.803,-3.5,3.0,91.0
222,D222R,-4.2824,-3.4733,-4.866,9.803,-3.5,3.0,91.0
222,D222S,-2.2437,-1.1575,-2.4922,9.803,-3.5,3.0,91.0
222,D222T,-1.6516,-0.9889,-2.3136,9.803,-3.5,3.0,91.0
222,D222V,-3.0911,-2.4488,-3.6966,9.803,-3.5,3.0,91.0
222,D222W,-5.4421,-4.5846,-6.6637,9.803,-3.5,3.0,91.0
222,D222Y,-3.6266,-3.6482,-4.6177,9.803,-3.5,3.0,91.0
223,F223A,0.3822,-1.3692,-0.4758,3.808,2.8,-2.5,135.0
223,F223C,-3.3186,-6.2444,-3.9881,3.808,2.8,-2.5,135.0
223,F223D,-6.0129,-7.6723,-7.5293,3.808,2.8,-2.5,135.0
223,F223E,-3.9958,-6.2177,-5.7075,3.808,2.8,-2.5,135.0
223,F223G,-3.3265,-4.5729,-4.3607,3.808,2.8,-2.5,135.0
223,F223H,-5.0721,-6.0736,-5.5085,3.808,2.8,-2.5,135.0
223,F223I,2.6176,0.7193,2.3916,3.808,2.8,-2.5,135.0
223,F223K,-5.1283,-6.3901,-5.8579,3.808,2.8,-2.5,135.0
223,F223L,3.3137,1.324,2.696,3.808,2.8,-2.5,135.0
223,F223M,0.5365,-0.9114,-0.0372,3.808,2.8,-2.5,135.0
223,F223N,-4.7224,-6.4003,-5.6166,3.808,2.8,-2.5,135.0
223,F223P,-5.1398,-7.0574,-5.8603,3.808,2.8,-2.5,135.0
223,F223Q,-3.5112,-5.1081,-4.4679,3.808,2.8,-2.5,135.0
223,F223R,-4.6193,-5.721,-5.2452,3.808,2.8,-2.5,135.0
223,F223S,-2.6064,-4.1857,-3.3105,3.808,2.8,-2.5,135.0
223,F223T,-1.2564,-3.3864,-1.8451,3.808,2.8,-2.5,135.0
223,F223V,2.4274,0.2648,2.1959,3.808,2.8,-2.5,135.0
223,F223W,-3.2937,-2.9688,-3.1388,3.808,2.8,-2.5,135.0
223,F223Y,-2.0809,-2.2225,-2.2177,3.808,2.8,-2.5,135.0
224,Q224A,0.1495,0.9978,0.4436,9.531,-3.5,0.2,114.0
224,Q224C,-5.2068,-4.6267,-4.6075,9.531,-3.5,0.2,114.0
224,Q224D,-2.5391,-1.5213,-1.7539,9.531,-3.5,0.2,114.0
224,Q224E,-1.2827,-0.3489,-0.7247,9.531,-3.5,0.2,114.0
224,Q224F,-0.2011,-0.1341,-0.641,9.531,-3.5,0.2,114.0
224,Q224G,-1.3383,-0.2147,-0.0857,9.531,-3.5,0.2,114.0
224,Q224H,-3.6334,-2.5658,-3.4262,9.531,-3.5,0.2,114.0
224,Q224I,0.2589,0.5893,0.0934,9.531,-3.5,0.2,114.0
224,Q224K,-1.5951,-0.59,-1.7783,9.531,-3.5,0.2,114.0
224,Q224L,0.9249,1.1283,0.9949,9.531,-3.5,0.2,114.0
224,Q224M,-0.5801,-0.5232,-0.2377,9.531,-3.5,0.2,114.0
224,Q224N,-1.3517,-0.6613,-1.0217,9.531,-3.5,0.2,114.0
224,Q224P,-5.3393,-2.8696,-3.6894,9.531,-3.5,0.2,114.0
224,Q224R,-1.292,-1.1539,-2.1274,9.531,-3.5,0.2,114.0
224,Q224S,-0.3968,0.1454,-0.2589,9.531,-3.5,0.2,114.0
224,Q224T,-0.2442,0.4693,-0.0076,9.531,-3.5,0.2,114.0
224,Q224V,0.5163,1.2574,0.7498,9.531,-3.5,0.2,114.0
224,Q224W,-3.3666,-2.0071,-2.7144,9.531,-3.5,0.2,114.0
224,Q224Y,-1.8353,-1.1037,-1.8046,9.531,-3.5,0.2,114.0
225,N225A,0.2487,0.8118,1.3105,12.126,-3.5,0.2,96.0
225,N225C,-6.7277,-6.1637,-6.3304,12.126,-3.5,0.2,96.0
225,N225D,-0.0732,0.0241,-0.4024,12.126,-3.5,0.2,96.0
225,N225E,-0.7999,-0.0132,-0.0365,12.126,-3.5,0.2,96.0
225,N225F,-3.7272,-2.9233,-3.2667,12.126,-3.5,0.2,96.0
225,N225G,-1.6294,-1.0181,-0.9089,12.126,-3.5,0.2,96.0
225,N225H,-4.2988,-3.1689,-4.0698,12.126,-3.5,0.2,96.0
225,N225I,-2.7414,-1.6587,-1.7138,12.126,-3.5,0.2,96.0
225,N225K,-1.7387,-0.9515,-1.7964,12.126,-3.5,0.2,96.0
225,N225L,-1.9421,-1.2219,-1.088,12.126,-3.5,0.2,96.0
225,N225M,-3.1107,-2.5659,-2.4743,12.126,-3.5,0.2,96.0
225,N225P,-5.1058,-3.6321,-3.1577,12.126,-3.5,0.2,96.0
225,N225Q,-1.2038,-1.0729,-0.9551,12.126,-3.5,0.2,96.0
225,N225R,-2.18,-1.3957,-1.4725,12.126,-3.5,0.2,96.0
225,N225S,-0.526,-0.1012,0.1265,12.126,-3.5,0.2,96.0
225,N225T,-0.8018,0.2426,0.4282,12.126,-3.5,0.2,96.0
225,N225V,-2.1513,-0.9916,-0.7044,12.126,-3.5,0.2,96.0
225,N225W,-5.4073,-4.5572,-4.3744,12.126,-3.5,0.2,96.0
225,N225Y,-3.7139,-2.8728,-3.5507,12.126,-3.5,0.2,96.0
226,M226A,-0.4389,1.1854,-0.7312,10.639,1.9,-1.3,124.0
226,M226C,-4.276,-3.9945,-5.0328,10.639,1.9,-1.3,124.0
226,M226D,-5.8014,-3.0977,-4.6116,10.639,1.9,-1.3,124.0
226,M226E,-4.3928,-1.6237,-3.0782,10.639,1.9,-1.3,124.0
226,M226F,-0.4434,0.5417,-1.1795,10.639,1.9,-1.3,124.0
226,M226G,-4.4119,-1.9034,-3.8951,10.639,1.9,-1.3,124.0
226,M226H,-4.5982,-2.9829,-4.152,10.639,1.9,-1.3,124.0
226,M226I,2.7099,2.1942,0.3365,10.639,1.9,-1.3,124.0
226,M226K,-5.726,-3.4528,-4.4389,10.639,1.9,-1.3,124.0
226,M226L,1.9442,1.8331,0.8636,10.639,1.9,-1.3,124.0
226,M226N,-5.0257,-3.3392,-3.5088,10.639,1.9,-1.3,124.0
226,M226P,-5.6886,-4.7739,-6.1048,10.639,1.9,-1.3,124.0
226,M226Q,-3.8364,-2.1886,-3.1247,10.639,1.9,-1.3,124.0
226,M226R,-4.8849,-2.9547,-4.4549,10.639,1.9,-1.3,124.0
226,M226S,-3.2661,-1.0799,-2.8117,10.639,1.9,-1.3,124.0
226,M226T,-0.7677,-0.1282,-1.2469,10.639,1.9,-1.3,124.0
226,M226V,1.5216,1.5581,-0.0021,10.639,1.9,-1.3,124.0
226,M226W,-3.3572,-1.8564,-2.9019,10.639,1.9,-1.3,124.0
226,M226Y,-2.2335,-0.7962,-1.7514,10.639,1.9,-1.3,124.0
227,S227A,1.7362,0.7937,0.6097,8.556,-0.8,0.3,73.0
227,S227C,-2.2889,-4.3305,-3.7927,8.556,-0.8,0.3,73.0
227,S227D,-3.8368,-2.563,-3.3528,8.556,-0.8,0.3,73.0
227,S227E,-2.4371,-1.4689,-1.9478,8.556,-0.8,0.3,73.0
227,S227F,0.2432,-0.2354,-0.3544,8.556,-0.8,0.3,73.0
227,S227G,-0.4744,-0.655,-1.91,8.556,-0.8,0.3,73.0
227,S227H,-3.8156,-2.6621,-3.1486,8.556,-0.8,0.3,73.0
227,S227I,1.7605,0.3554,0.8143,8.556,-0.8,0.3,73.0
227,S227K,-3.3081,-1.4345,-2.973,8.556,-0.8,0.3,73.0
227,S227L,1.4233,0.6441,0.3483,8.556,-0.8,0.3,73.0
227,S227M,-0.1416,-0.703,-0.441,8.556,-0.8,0.3,73.0
227,S227N,-2.1158,-1.0957,-1.9878,8.556,-0.8,0.3,73.0
227,S227P,-3.2554,-2.9866,-4.6916,8.556,-0.8,0.3,73.0
227,S227Q,-1.3956,-0.9256,-1.5271,8.556,-0.8,0.3,73.0
227,S227R,-2.3922,-1.5905,-3.2076,8.556,-0.8,0.3,73.0
227,S227T,0.9652,0.8345,0.3466,8.556,-0.8,0.3,73.0
227,S227V,1.9848,0.7278,1.515,8.556,-0.8,0.3,73.0
227,S227W,-3.0893,-2.325,-2.6671,8.556,-0.8,0.3,73.0
227,S227Y,-1.2039,-1.1401,-1.0468,8.556,-0.8,0.3,73.0
228,T228A,0.3842,0.7126,0.4635,13.03,-0.7,-0.4,93.0
228,T228C,-5.8209,-5.6295,-5.5371,13.03,-0.7,-0.4,93.0
228,T228D,-0.6583,-0.3011,-0.6751,13.03,-0.7,-0.4,93.0
228,T228E,-0.5183,-0.1703,-0.5001,13.03,-0.7,-0.4,93.0
228,T228F,-1.0235,-1.8395,-1.1525,13.03,-0.7,-0.4,93.0
228,T228G,-1.322,-0.8692,-1.086,13.03,-0.7,-0.4,93.0
228,T228H,-3.1936,-2.0984,-3.0044,13.03,-0.7,-0.4,93.0
228,T228I,-0.3973,-0.9175,-0.629,13.03,-0.7,-0.4,93.0
228,T228K,-1.1501,-0.8508,-1.5519,13.03,-0.7,-0.4,93.0
228,T228L,0.3588,-0.2656,0.1321,13.03,-0.7,-0.4,93.0
228,T228M,-1.1804,-1.939,-1.3842,13.03,-0.7,-0.4,93.0
228,T228N,-0.4521,-0.524,-0.4882,13.03,-0.7,-0.4,93.0
228,T228P,-5.1492,-3.8533,-3.9408,13.03,-0.7,-0.4,93.0
228,T228Q,0.2252,-0.2654,-0.545,13.03,-0.7,-0.4,93.0
228,T228R,-1.0114,-1.1637,-1.6409,13.03,-0.7,-0.4,93.0
228,T228S,-0.0347,0.1548,-0.5677,13.03,-0.7,-0.4,93.0
228,T228V,-0.3289,-0.4201,-0.1892,13.03,-0.7,-0.4,93.0
228,T228W,-3.2479,-3.4181,-2.9384,13.03,-0.7,-0.4,93.0
228,T228Y,-1.8568,-2.0639,-1.97,13.03,-0.7,-0.4,93.0
229,R229A,1.2964,1.7044,0.1797,14.798,-4.5,3.0,148.0
229,R229C,-4.6822,-4.4652,-5.9954,14.798,-4.5,3.0,148.0
229,R229D,-2.4243,-1.359,-3.0321,14.798,-4.5,3.0,148.0
229,R229E,-1.2201,-0.1989,-1.4957,14.798,-4.5,3.0,148.0
229,R229F,-0.4997,-0.5623,-2.7155,14.798,-4.5,3.0,148.0
229,R229G,-2.5055,-0.2383,-3.5097,14.798,-4.5,3.0,148.0
229,R229H,-2.9796,-1.5629,-3.5591,14.798,-4.5,3.0,148.0
229,R229I,2.1218,0.5464,-0.5205,14.798,-4.5,3.0,148.0
229,R229K,-0.8399,0.1164,0.0057,14.798,-4.5,3.0,148.0
229,R229L,1.6537,1.1872,0.682,14.798,-4.5,3.0,148.0
229,R229M,-0.2422,-0.7791,-1.3242,14.798,-4.5,3.0,148.0
229,R229N,-1.3585,-0.4407,-2.2212,14.798,-4.5,3.0,148.0
229,R229P,-4.7189,-2.3787,-4.7783,14.798,-4.5,3.0,148.0
229,R229Q,-0.2209,0.4547,-0.2693,14.798,-4.5,3.0,148.0
229,R229S,-0.3817,0.5354,-1.5397,14.798,-4.5,3.0,148.0
229,R229T,0.6486,0.6025,-1.025,14.798,-4.5,3.0,148.0
229,R229V,1.6965,0.6899,-0.8215,14.798,-4.5,3.0,148.0
229,R229W,-1.9819,-2.3329,-4.3864,14.798,-4.5,3.0,148.0
229,R229Y,-0.7956,-0.9234,-2.7042,14.798,-4.5,3.0,148.0
230,V230A,-2.1765,-0.6915,-3.6132,12.017,4.2,-1.5,105.0
230,V230C,-5.7571,-6.0299,-6.8855,12.017,4.2,-1.5,105.0
230,V230D,-7.4031,-5.5346,-8.4777,12.017,4.2,-1.5,105.0
230,V230E,-6.6166,-4.7475,-7.9481,12.017,4.2,-1.5,105.0
230,V230F,-2.6271,-1.1026,-3.2377,12.017,4.2,-1.5,105.0
230,V230G,-5.857,-3.3394,-7.3761,12.017,4.2,-1.5,105.0
230,V230H,-7.5824,-4.636,-8.6173,12.017,4.2,-1.5,105.0
230,V230I,0.7894,0.2347,0.6703,12.017,4.2,-1.5,105.0
230,V230K,-7.8965,-5.4008,-9.0135,12.017,4.2,-1.5,105.0
230,V230L,0.0754,0.1406,-0.5532,12.017,4.2,-1.5,105.0
230,V230M,-1.9675,-1.8791,-2.5864,12.017,4.2,-1.5,105.0
230,V230N,-6.3164,-3.7166,-7.2706,12.017,4.2,-1.5,105.0
230,V230P,-6.6633,-4.5985,-8.0721,12.017,4.2,-1.5,105.0
230,V230Q,-6.1078,-3.9208,-7.646,12.017,4.2,-1.5,105.0
230,V230R,-7.0511,-4.5303,-8.2986,12.017,4.2,-1.5,105.0
230,V230S,-4.8085,-2.7186,-6.2104,12.017,4.2,-1.5,105.0
230,V230T,-3.3913,-2.3981,-4.442,12.017,4.2,-1.5,105.0
230,V230W,-5.9572,-3.8064,-7.1479,12.017,4.2,-1.5,105.0
230,V230Y,-4.5971,-2.6926,-5.5748,12.017,4.2,-1.5,105.0
231,S231A,1.0054,0.6682,0.337,14.378,-0.8,0.3,73.0
231,S231C,-4.8011,-5.2219,-4.8924,14.378,-0.8,0.3,73.0
231,S231D,-2.4336,-1.2116,-1.6522,14.378,-0.8,0.3,73.0
231,S231E,-1.3215,-0.401,-0.4057,14.378,-0.8,0.3,73.0
231,S231F,-0.4318,-0.7209,-0.5788,14.378,-0.8,0.3,73.0
231,S231G,-0.3742,-0.6179,-0.9927,14.378,-0.8,0.3,73.0
231,S231H,-2.8426,-1.9029,-2.8686,14.378,-0.8,0.3,73.0
231,S231I,0.0848,0.0308,0.151,14.378,-0.8,0.3,73.0
231,S231K,-1.591,-0.9524,-1.7776,14.378,-0.8,0.3,73.0
231,S231L,0.4209,0.3999,0.3729,14.378,-0.8,0.3,73.0
231,S231M,-1.0872,-1.2214,-0.5773,14.378,-0.8,0.3,73.0
231,S231N,-1.3999,-0.8552,-1.2048,14.378,-0.8,0.3,73.0
231,S231P,-5.4171,-3.0628,-4.4215,14.378,-0.8,0.3,73.0
231,S231Q,-0.1259,-0.1669,-0.4401,14.378,-0.8,0.3,73.0
231,S231R,-1.3342,-0.9464,-1.3585,14.378,-0.8,0.3,73.0
231,S231T,-0.613,-0.2846,-0.5149,14.378,-0.8,0.3,73.0
231,S231V,-0.0364,0.1461,-0.178,14.378,-0.8,0.3,73.0
231,S231W,-3.3405,-2.7331,-2.372,14.378,-0.8,0.3,73.0
231,S231Y,-1.2878,-1.3193,-1.1784,14.378,-0.8,0.3,73.0
232,Q232A,0.3628,0.981,1.0476,17.799,-3.5,0.2,114.0
232,Q232C,-5.305,-4.782,-4.8208,17.799,-3.5,0.2,114.0
232,Q232D,-0.8479,-0.6583,-0.6648,17.799,-3.5,0.2,114.0
232,Q232E,0.274,0.4388,0.3236,17.799,-3.5,0.2,114.0
232,Q232F,-2.2707,-1.2814,-2.2998,17.799,-3.5,0.2,114.0
232,Q232G,-2.0319,-0.6129,-0.8371,17.799,-3.5,0.2,114.0
232,Q232H,-3.3482,-1.679,-2.5618,17.799,-3.5,0.2,114.0
232,Q232I,-0.9825,-0.3722,-1.1263,17.799,-3.5,0.2,114.0
232,Q232K,-1.2972,-0.4485,-1.2924,17.799,-3.5,0.2,114.0
232,Q232L,-0.4482,0.1088,-0.1796,17.799,-3.5,0.2,114.0
232,Q232M,-2.0638,-1.816,-1.802,17.799,-3.5,0.2,114.0
232,Q232N,-0.6325,-0.0913,0.3262,17.799,-3.5,0.2,114.0
232,Q232P,-4.4804,-2.1006,-3.3716,17.799,-3.5,0.2,114.0
232,Q232R,-1.8527,-1.132,-1.3901,17.799,-3.5,0.2,114.0
232,Q232S,-0.8,0.0985,-0.1112,17.799,-3.5,0.2,114.0
232,Q232T,-0.5632,0.1529,-0.2999,17.799,-3.5,0.2,114.0
232,Q232V,-0.8641,-0.0708,-0.6862,17.799,-3.5,0.2,114.0
232,Q232W,-4.0292,-3.0294,-3.768,17.799,-3.5,0.2,114.0
232,Q232Y,-2.7891,-1.857,-2.4611,17.799,-3.5,0.2,114.0
233,A233C,-5.5396,-5.1616,-6.0154,18.318,1.8,-0.5,67.0
233,A233D,-4.1227,-2.3475,-3.9308,18.318,1.8,-0.5,67.0
233,A233E,-3.0091,-1.585,-3.1007,18.318,1.8,-0.5,67.0
233,A233F,-1.9262,-0.7192,-3.0708,18.318,1.8,-0.5,67.0
233,A233G,-3.2926,-1.4836,-2.6092,18.318,1.8,-0.5,67.0
233,A233H,-4.3553,-2.5064,-3.9015,18.318,1.8,-0.5,67.0
233,A233I,-0.186,-0.1433,-2.7452,18.318,1.8,-0.5,67.0
233,A233K,-3.6165,-2.2091,-4.326,18.318,1.8,-0.5,67.0
233,A233L,0.4741,0.4897,-2.52,18.318,1.8,-0.5,67.0
233,A233M,-1.8849,-1.52,-4.2469,18.318,1.8,-0.5,67.0
233,A233N,-3.9885,-1.3498,-3.0962,18.318,1.8,-0.5,67.0
233,A233P,-5.0489,-2.5364,-2.921,18.318,1.8,-0.5,67.0
233,A233Q,-2.7586,-1.6818,-3.2446,18.318,1.8,-0.5,67.0
233,A233R,-3.3466,-1.6558,-3.8878,18.318,1.8,-0.5,67.0
233,A233S,-2.082,-1.2035,-1.7654,18.318,1.8,-0.5,67.0
233,A233T,-2.0118,-1.3707,-2.3579,18.318,1.8,-0.5,67.0
233,A233V,-0.6415,-0.5283,-1.8943,18.318,1.8,-0.5,67.0
233,A233W,-3.6935,-2.5217,-5.0818,18.318,1.8,-0.5,67.0
233,A233Y,-2.0793,-1.3012,-3.1098,18.318,1.8,-0.5,67.0
234,G234A,2.7755,2.3041,1.6106,18.813,-0.4,0.0,48.0
234,G234C,-2.1195,-3.1166,-2.612,18.813,-0.4,0.0,48.0
234,G234D,-2.0567,-1.3856,-0.7207,18.813,-0.4,0.0,48.0
234,G234E,-1.5284,-0.0621,-0.7644,18.813,-0.4,0.0,48.0
234,G234F,-0.0631,0.9877,-0.9506,18.813,-0.4,0.0,48.0
234,G234H,-2.9259,-0.7515,-1.431,18.813,-0.4,0.0,48.0
234,G234I,2.2954,2.6812,0.0361,18.813,-0.4,0.0,48.0
234,G234K,-2.2428,0.2115,-0.7253,18.813,-0.4,0.0,48.0
234,G234L,1.8104,2.4533,0.0517,18.813,-0.4,0.0,48.0
234,G234M,0.2023,0.7299,-1.0342,18.813,-0.4,0.0,48.0
234,G234N,-1.0132,0.1048,0.0104,18.813,-0.4,0.0,48.0
234,G234P,-2.5484,-0.7078,-0.6869,18.813,-0.4,0.0,48.0
234,G234Q,-1.0332,0.5269,-0.2959,18.813,-0.4,0.0,48.0
234,G234R,-1.5832,0.3729,-0.615,18.813,-0.4,0.0,48.0
234,G234S,0.8414,0.982,2.026,18.813,-0.4,0.0,48.0
234,G234T,0.9845,1.2225,2.1927,18.813,-0.4,0.0,48.0
234,G234V,2.457,2.7214,0.496,18.813,-0.4,0.0,48.0
234,G234W,-2.4578,-1.2503,-2.3881,18.813,-0.4,0.0,48.0
234,G234Y,-0.7086,0.2763,-1.2022,18.813,-0.4,0.0,48.0
235,S235A,0.671,0.2659,-0.0313,21.269,-0.8,0.3,73.0
235,S235C,-4.5466,-4.4104,-3.6342,21.269,-0.8,0.3,73.0
235,S235D,-1.3805,-1.4032,-1.21,21.269,-0.8,0.3,73.0
235,S235E,-0.6855,-0.7863,-0.8578,21.269,-0.8,0.3,73.0
235,S235F,-1.6091,-0.5654,-1.1348,21.269,-0.8,0.3,73.0
235,S235G,-0.8702,-0.4921,-0.3627,21.269,-0.8,0.3,73.0
235,S235H,-3.2233,-1.9112,-1.961,21.269,-0.8,0.3,73.0
235,S235I,-0.7228,-0.2632,-0.863,21.269,-0.8,0.3,73.0
235,S235K,-0.4149,-0.5857,-1.0612,21.269,-0.8,0.3,73.0
235,S235L,0.1194,0.4019,-0.3731,21.269,-0.8,0.3,73.0
235,S235M,-1.8702,-1.7586,-2.1459,21.269,-0.8,0.3,73.0
235,S235N,-1.2123,-0.7223,-0.1768,21.269,-0.8,0.3,73.0
235,S235P,-1.6443,-0.8835,-0.0424,21.269,-0.8,0.3,73.0
235,S235Q,-0.0851,-0.5188,-0.6218,21.269,-0.8,0.3,73.0
235,S235R,-0.8078,-0.8215,-1.2403,21.269,-0.8,0.3,73.0
235,S235T,-0.7444,-0.4193,-0.4258,21.269,-0.8,0.3,73.0
235,S235V,-0.5412,-0.0443,-0.5193,21.269,-0.8,0.3,73.0
235,S235W,-4.0534,-2.4219,-2.3392,21.269,-0.8,0.3,73.0
235,S235Y,-2.4233,-1.292,-1.2582,21.269,-0.8,0.3,73.0
236,Q236A,0.9819,1.0005,1.1888,18.48,-3.5,0.2,114.0
236,Q236C,-3.546,-3.2447,-2.4089,18.48,-3.5,0.2,114.0
236,Q236D,-0.3448,-0.2462,0.2291,18.48,-3.5,0.2,114.0
236,Q236E,-0.0905,-0.0195,0.1611,18.48,-3.5,0.2,114.0
236,Q236F,-1.0621,-0.0248,0.5175,18.48,-3.5,0.2,114.0
236,Q236G,0.1253,0.4746,0.5859,18.48,-3.5,0.2,114.0
236,Q236H,-2.1893,-1.041,-0.4441,18.48,-3.5,0.2,114.0
236,Q236I,-0.5002,0.1976,0.2851,18.48,-3.5,0.2,114.0
236,Q236K,-0.2622,0.0828,-0.1094,18.48,-3.5,0.2,114.0
236,Q236L,0.2493,0.8263,1.1289,18.48,-3.5,0.2,114.0
236,Q236M,-1.8011,-1.1877,-1.0808,18.48,-3.5,0.2,114.0
236,Q236N,0.1197,-0.0129,0.3053,18.48,-3.5,0.2,114.0
236,Q236P,-0.6994,-0.0275,1.0901,18.48,-3.5,0.2,114.0
236,Q236R,-0.7487,-0.247,0.3639,18.48,-3.5,0.2,114.0
236,Q236S,0.8003,1.0973,1.375,18.48,-3.5,0.2,114.0
236,Q236T,0.3251,0.5996,0.8681,18.48,-3.5,0.2,114.0
236,Q236V,-0.0685,0.63,0.722,18.48,-3.5,0.2,114.0
236,Q236W,-3.2421,-1.6333,-0.2894,18.48,-3.5,0.2,114.0
236,Q236Y,-1.6325,-0.7387,-0.0564,18.48,-3.5,0.2,114.0
237,S237A,0.4867,0.8695,0.3372,24.59,-0.8,0.3,73.0
237,S237C,-2.9107,-3.2199,-3.5287,24.59,-0.8,0.3,73.0
237,S237D,-0.5923,-1.0769,-0.7566,24.59,-0.8,0.3,73.0
237,S237E,-1.3131,-0.9538,-0.7728,24.59,-0.8,0.3,73.0
237,S237F,0.0224,-0.3271,-0.7891,24.59,-0.8,0.3,73.0
237,S237G,-0.5318,-0.5896,-0.5456,24.59,-0.8,0.3,73.0
237,S237H,-1.2689,-1.1257,-1.5352,24.59,-0.8,0.3,73.0
237,S237I,0.68,0.6286,-0.6,24.59,-0.8,0.3,73.0
237,S237K,-1.4873,-0.3397,-0.9929,24.59,-0.8,0.3,73.0
237,S237L,1.0011,0.9651,0.2412,24.59,-0.8,0.3,73.0
237,S237M,-1.1766,-0.9431,-1.7012,24.59,-0.8,0.3,73.0
237,S237N,0.0096,-0.4662,-0.6517,24.59,-0.8,0.3,73.0
237,S237P,-1.1889,-0.5682,-0.1364,24.59,-0.8,0.3,73.0
237,S237Q,-0.6598,-0.5608,-0.5697,24.59,-0.8,0.3,73.0
237,S237R,-1.1305,-0.4101,-0.8581,24.59,-0.8,0.3,73.0
237,S237T,0.0928,0.2787,-0.2631,24.59,-0.8,0.3,73.0
237,S237V,0.8004,0.8097,-0.2116,24.59,-0.8,0.3,73.0
237,S237W,-2.4037,-2.4783,-2.1495,24.59,-0.8,0.3,73.0
237,S237Y,-0.0455,-0.9376,-1.1583,24.59,-0.8,0.3,73.0
238,P238A,0.6603,1.1017,1.0211,26.14,-1.6,0.0,90.0
238,P238C,-2.8402,-3.2953,-2.6049,26.14,-1.6,0.0,90.0
238,P238D,-0.6367,-0.3821,-0.3614,26.14,-1.6,0.0,90.0
238,P238E,-0.44,-0.088,-0.0222,26.14,-1.6,0.0,90.0
238,P238F,-0.7573,-0.523,-0.4193,26.14,-1.6,0.0,90.0
238,P238G,1.3218,0.7925,0.1556,26.14,-1.6,0.0,90.0
238,P238H,-1.5217,-0.5816,-0.5945,26.14,-1.6,0.0,90.0
238,P238I,-0.1775,-0.148,-0.1241,26.14,-1.6,0.0,90.0
238,P238K,0.1114,1.1818,0.9384,26.14,-1.6,0.0,90.0
238,P238L,0.4592,0.7783,0.9641,26.14,-1.6,0.0,90.0
238,P238M,-1.5305,-1.0544,-1.1862,26.14,-1.6,0.0,90.0
238,P238N,0.0061,0.011,-0.0658,26.14,-1.6,0.0,90.0
238,P238Q,0.0316,0.4389,0.0833,26.14,-1.6,0.0,90.0
238,P238R,0.191,1.0296,0.8789,26.14,-1.6,0.0,90.0
238,P238S,0.6386,0.8937,0.8746,26.14,-1.6,0.0,90.0
238,P238T,0.3328,0.4352,0.3867,26.14,-1.6,0.0,90.0
238,P238V,0.1367,0.3945,0.5875,26.14,-1.6,0.0,90.0
238,P238W,-2.6784,-1.9364,-1.6915,26.14,-1.6,0.0,90.0
238,P238Y,-1.4179,-1.2653,-0.7465,26.14,-1.6,0.0,90.0
239,R239A,0.719,0.9453,1.8779,24.254,-4.5,3.0,148.0
239,R239C,-2.957,-3.2197,-3.7175,24.254,-4.5,3.0,148.0
239,R239D,-0.403,-0.3428,0.6516,24.254,-4.5,3.0,148.0
239,R239E,-0.3393,-0.156,1.222,24.254,-4.5,3.0,148.0
239,R239F,-0.9005,-0.3927,0.0953,24.254,-4.5,3.0,148.0
239,R239G,0.0168,0.0434,0.6432,24.254,-4.5,3.0,148.0
239,R239H,-1.7177,-0.9817,-1.0525,24.254,-4.5,3.0,148.0
239,R239I,-0.3427,-0.3188,0.4645,24.254,-4.5,3.0,148.0
239,R239K,-0.1012,0.2028,0.3323,24.254,-4.5,3.0,148.0
239,R239L,0.1663,0.3228,1.0849,24.254,-4.5,3.0,148.0
239,R239M,-1.8953,-1.5914,-0.709,24.254,-4.5,3.0,148.0
239,R239N,-0.3605,-0.4055,0.3115,24.254,-4.5,3.0,148.0
239,R239P,0.1534,0.3507,0.8551,24.254,-4.5,3.0,148.0
239,R239Q,-0.3109,-0.3584,0.5712,24.254,-4.5,3.0,148.0
239,R239S,0.5623,0.4933,1.2822,24.254,-4.5,3.0,148.0
239,R239T,0.2317,0.1328,1.1201,24.254,-4.5,3.0,148.0
239,R239V,0.2292,0.438,1.3219,24.254,-4.5,3.0,148.0
239,R239W,-2.9511,-1.8401,-0.5681,24.254,-4.5,3.0,148.0
239,R239Y,-1.6525,-1.1072,-0.1807,24.254,-4.5,3.0,148.0
240,A240C,-2.9455,-3.8997,-3.142,27.243,1.8,-0.5,67.0
240,A240D,-0.6745,-0.9734,-0.8965,27.243,1.8,-0.5,67.0
240,A240E,-0.5793,-0.9713,-0.5632,27.243,1.8,-0.5,67.0
240,A240F,-0.8963,-0.776,-0.9812,27.243,1.8,-0.5,67.0
240,A240G,-0.1552,-0.4158,-0.6348,27.243,1.8,-0.5,67.0
240,A240H,-1.4972,-0.6181,-1.532,27.243,1.8,-0.5,67.0
240,A240I,-0.4528,-0.4235,-0.4402,27.243,1.8,-0.5,67.0
240,A240K,0.0324,1.1979,-0.3054,27.243,1.8,-0.5,67.0
240,A240L,-0.1998,-0.0138,0.1412,27.243,1.8,-0.5,67.0
240,A240M,-2.1254,-1.7031,-1.8555,27.243,1.8,-0.5,67.0
240,A240N,-0.3514,-0.5444,-0.9551,27.243,1.8,-0.5,67.0
240,A240P,0.3758,-0.1122,0.1328,27.243,1.8,-0.5,67.0
240,A240Q,-0.6223,-0.6729,-1.0131,27.243,1.8,-0.5,67.0
240,A240R,-0.0244,1.1967,-0.3184,27.243,1.8,-0.5,67.0
240,A240S,0.1627,0.0078,-0.2663,27.243,1.8,-0.5,67.0
240,A240T,0.2067,-0.1241,-0.1784,27.243,1.8,-0.5,67.0
240,A240V,0.0002,0.1087,-0.0713,27.243,1.8,-0.5,67.0
240,A240W,-2.8579,-1.9041,-2.4574,27.243,1.8,-0.5,67.0
240,A240Y,-1.4341,-1.3254,-1.4864,27.243,1.8,-0.5,67.0
241,I241A,0.7015,1.0442,0.7259,23.362,4.5,-1.8,124.0
241,I241C,-2.1895,-2.3819,-3.0788,23.362,4.5,-1.8,124.0
241,I241D,0.0921,1.9463,-0.5059,23.362,4.5,-1.8,124.0
241,I241E,-0.0017,0.6471,-0.112,23.362,4.5,-1.8,124.0
241,I241F,-0.3657,-0.3628,0.0013,23.362,4.5,-1.8,124.0
241,I241G,0.5389,0.7772,-0.5879,23.362,4.5,-1.8,124.0
241,I241H,-1.1967,0.0897,-1.4434,23.362,4.5,-1.8,124.0
241,I241K,-0.1316,0.6602,-1.0176,23.362,4.5,-1.8,124.0
241,I241L,0.3835,0.6517,0.7714,23.362,4.5,-1.8,124.0
241,I241M,-1.5505,-0.9589,-1.0635,23.362,4.5,-1.8,124.0
241,I241N,-0.0251,1.209,-1.2207,23.362,4.5,-1.8,124.0
241,I241P,0.2137,-0.465,0.0774,23.362,4.5,-1.8,124.0
241,I241Q,-0.0691,0.2808,-0.7162,23.362,4.5,-1.8,124.0
241,I241R,0.8462,0.3514,-0.3067,23.362,4.5,-1.8,124.0
241,I241S,0.9375,1.1005,0.5514,23.362,4.5,-1.8,124.0
241,I241T,0.4712,0.5257,0.1035,23.362,4.5,-1.8,124.0
241,I241V,0.5758,0.7235,0.5644,23.362,4.5,-1.8,124.0
241,I241W,-2.6021,-1.6026,-1.6094,23.362,4.5,-1.8,124.0
241,I241Y,-1.3616,-0.732,-1.0515,23.362,4.5,-1.8,124.0
242,E242A,0.885,0.9615,0.4244,21.452,-3.5,3.0,109.0
242,E242C,-1.7526,-1.7278,-3.3614,21.452,-3.5,3.0,109.0
242,E242D,0.1712,0.1331,-0.364,21.452,-3.5,3.0,109.0
242,E242F,-0.2023,0.0461,-0.6042,21.452,-3.5,3.0,109.0
242,E242G,1.5788,1.2538,-0.1446,21.452,-3.5,3.0,109.0
242,E242H,-0.5381,-0.0231,-0.8803,21.452,-3.5,3.0,109.0
242,E242I,-0.1241,0.0828,-0.4174,21.452,-3.5,3.0,109.0
242,E242K,0.7966,0.5026,-0.3711,21.452,-3.5,3.0,109.0
242,E242L,0.4338,0.9764,0.2122,21.452,-3.5,3.0,109.0
242,E242M,-1.5534,-1.1798,-1.6049,21.452,-3.5,3.0,109.0
242,E242N,0.5303,0.363,-0.4545,21.452,-3.5,3.0,109.0
242,E242P,0.6624,0.551,-0.5534,21.452,-3.5,3.0,109.0
242,E242Q,0.2737,0.1011,-0.2058,21.452,-3.5,3.0,109.0
242,E242R,0.867,0.7383,-0.0046,21.452,-3.5,3.0,109.0
242,E242S,1.4855,1.3409,0.3072,21.452,-3.5,3.0,109.0
242,E242T,0.9384,0.825,-0.3067,21.452,-3.5,3.0,109.0
242,E242V,0.3654,0.5173,-0.0971,21.452,-3.5,3.0,109.0
242,E242W,-2.159,-0.9317,-2.2715,21.452,-3.5,3.0,109.0
242,E242Y,-1.1101,-0.539,-1.3731,21.452,-3.5,3.0,109.0
243,L243A,0.6489,-0.2283,0.2617,16.56,3.8,-1.8,124.0
243,L243C,-1.9303,-2.5442,-3.1381,16.56,3.8,-1.8,124.0
243,L243D,-0.9788,-1.7598,-0.9727,16.56,3.8,-1.8,124.0
243,L243E,-0.3713,-1.4293,-0.5567,16.56,3.8,-1.8,124.0
243,L243F,-0.4386,-1.0269,-0.6368,16.56,3.8,-1.8,124.0
243,L243G,0.0746,-1.627,-1.0899,16.56,3.8,-1.8,124.0
243,L243H,-0.5626,-1.8677,-1.4773,16.56,3.8,-1.8,124.0
243,L243I,-0.5927,-1.1249,-0.7546,16.56,3.8,-1.8,124.0
243,L243K,-0.474,-2.2095,-0.9955,16.56,3.8,-1.8,124.0
243,L243M,-1.9532,-2.2425,-1.9642,16.56,3.8,-1.8,124.0
243,L243N,-0.0784,-1.4624,-0.9323,16.56,3.8,-1.8,124.0
243,L243P,-0.5338,-1.8553,-1.2012,16.56,3.8,-1.8,124.0
243,L243Q,-0.1331,-1.7066,-1.2207,16.56,3.8,-1.8,124.0
243,L243R,-0.7155,-2.1162,-1.2846,16.56,3.8,-1.8,124.0
243,L243S,0.6764,-1.3411,-0.6875,16.56,3.8,-1.8,124.0
243,L243T,-0.3681,-2.4979,-1.6446,16.56,3.8,-1.8,124.0
243,L243V,0.0973,-0.7981,-0.2354,16.56,3.8,-1.8,124.0
243,L243W,-2.4075,-2.0772,-2.823,16.56,3.8,-1.8,124.0
243,L243Y,-0.9647,-1.3733,-1.293,16.56,3.8,-1.8,124.0
