target_col,feature_label,split_type,split_id,model_name,task_type,n,p,n_train,n_test,model_params,test_spearman,test_pearson,test_r2,test_mae,test_rmse,train_spearman,train_pearson,train_r2,train_mae,train_rmse
foldchange_NBD_activity_25C,onehot,random,0,rf,regression,282,4860,225,57,"{'n_estimators': 300, 'random_state': 42, 'n_jobs': -1}",0.6745,0.6405,0.3608,0.3515,0.511,0.9706,0.9658,0.9175,0.1287,0.1837
foldchange_NBD_activity_25C,onehot,random,0,ridge,regression,282,4860,225,57,{'alpha': 1.0},0.6751,0.6434,0.3557,0.3507,0.513,0.8822,0.8578,0.7296,0.2177,0.3324
foldchange_NBD_activity_25C,onehot,random,0,xgboost,regression,282,4860,225,57,"{'n_estimators': 400, 'learning_rate': 0.05, 'max_depth': 6, 'random_state': 42}",0.6338,0.6055,0.189,0.4079,0.5755,0.9659,0.9637,0.9214,0.1202,0.1792
foldchange_NBD_activity_25C,onehot,random,1,rf,regression,282,4860,225,57,"{'n_estimators': 300, 'random_state': 42, 'n_jobs': -1}",0.77,0.7173,0.51,0.2882,0.4071,0.967,0.9649,0.9131,0.1342,0.193
foldchange_NBD_activity_25C,onehot,random,1,ridge,regression,282,4860,225,57,{'alpha': 1.0},0.7744,0.766,0.5777,0.2739,0.3779,0.8772,0.8668,0.7418,0.2259,0.3327
foldchange_NBD_activity_25C,onehot,random,1,xgboost,regression,282,4860,225,57,"{'n_estimators': 400, 'learning_rate': 0.05, 'max_depth': 6, 'random_state': 42}",0.7514,0.6793,0.4457,0.3109,0.433,0.9397,0.9385,0.873,0.1506,0.2334
foldchange_NBD_activity_25C,onehot,random,2,rf,regression,282,4860,226,56,"{'n_estimators': 300, 'random_state': 42, 'n_jobs': -1}",0.699,0.6017,0.3034,0.358,0.5225,0.9719,0.9699,0.9278,0.1222,0.1731
foldchange_NBD_activity_25C,onehot,random,2,ridge,regression,282,4860,226,56,{'alpha': 1.0},0.7246,0.6129,0.3619,0.3433,0.5001,0.8931,0.881,0.7688,0.2196,0.3099
foldchange_NBD_activity_25C,onehot,random,2,xgboost,regression,282,4860,226,56,"{'n_estimators': 400, 'learning_rate': 0.05, 'max_depth': 6, 'random_state': 42}",0.6742,0.5947,0.3108,0.3571,0.5197,0.9605,0.9595,0.9153,0.1301,0.1875
foldchange_NBD_activity_25C,onehot,random,3,rf,regression,282,4860,226,56,"{'n_estimators': 300, 'random_state': 42, 'n_jobs': -1}",0.6185,0.6106,0.3682,0.4087,0.5682,0.9702,0.9679,0.9212,0.1246,0.1744
foldchange_NBD_activity_25C,onehot,random,3,ridge,regression,282,4860,226,56,{'alpha': 1.0},0.6413,0.6777,0.4524,0.376,0.529,0.8949,0.8782,0.763,0.2097,0.3024
foldchange_NBD_activity_25C,onehot,random,3,xgboost,regression,282,4860,226,56,"{'n_estimators': 400, 'learning_rate': 0.05, 'max_depth': 6, 'random_state': 42}",0.6126,0.6429,0.407,0.4,0.5505,0.9548,0.9472,0.8897,0.1338,0.2063
foldchange_NBD_activity_25C,onehot,random,4,rf,regression,282,4860,226,56,"{'n_estimators': 300, 'random_state': 42, 'n_jobs': -1}",0.6788,0.6756,0.4317,0.3369,0.4636,0.97,0.9674,0.92,0.129,0.1819
foldchange_NBD_activity_25C,onehot,random,4,ridge,regression,282,4860,226,56,{'alpha': 1.0},0.749,0.761,0.5559,0.3174,0.4098,0.8732,0.8602,0.7307,0.2235,0.3337
foldchange_NBD_activity_25C,onehot,random,4,xgboost,regression,282,4860,226,56,"{'n_estimators': 400, 'learning_rate': 0.05, 'max_depth': 6, 'random_state': 42}",0.7298,0.7155,0.4873,0.31,0.4404,0.9532,0.9494,0.8928,0.1401,0.2105
foldchange_NBD_activity_25C,georgiev,random,0,rf,regression,282,4617,225,57,"{'n_estimators': 300, 'random_state': 42, 'n_jobs': -1}",0.6778,0.6416,0.3625,0.3594,0.5103,0.9725,0.9677,0.918,0.1282,0.1831
foldchange_NBD_activity_25C,georgiev,random,0,ridge,regression,282,4617,225,57,{'alpha': 1.0},0.6714,0.6572,0.3718,0.35,0.5066,0.8987,0.8768,0.7687,0.1592,0.3074
foldchange_NBD_activity_25C,georgiev,random,0,xgboost,regression,282,4617,225,57,"{'n_estimators': 400, 'learning_rate': 0.05, 'max_depth': 6, 'random_state': 42}",0.6359,0.6261,0.2483,0.4068,0.5541,0.9695,0.9669,0.9293,0.1044,0.17
foldchange_NBD_activity_25C,georgiev,random,1,rf,regression,282,4617,225,57,"{'n_estimators': 300, 'random_state': 42, 'n_jobs': -1}",0.7873,0.7409,0.5475,0.2719,0.3912,0.9698,0.9677,0.9142,0.1355,0.1918
foldchange_NBD_activity_25C,georgiev,random,1,ridge,regression,282,4617,225,57,{'alpha': 1.0},0.7321,0.7285,0.5279,0.303,0.3996,0.8913,0.8861,0.7852,0.1649,0.3034
foldchange_NBD_activity_25C,georgiev,random,1,xgboost,regression,282,4617,225,57,"{'n_estimators': 400, 'learning_rate': 0.05, 'max_depth': 6, 'random_state': 42}",0.736,0.6767,0.4368,0.2947,0.4364,0.9515,0.9527,0.9022,0.1271,0.2048
foldchange_NBD_activity_25C,georgiev,random,2,rf,regression,282,4617,226,56,"{'n_estimators': 300, 'random_state': 42, 'n_jobs': -1}",0.6856,0.6009,0.3177,0.3488,0.5171,0.9728,0.9717,0.9279,0.1226,0.173
foldchange_NBD_activity_25C,georgiev,random,2,ridge,regression,282,4617,226,56,{'alpha': 1.0},0.7452,0.6354,0.4004,0.3261,0.4848,0.9099,0.8983,0.807,0.1664,0.2831
foldchange_NBD_activity_25C,georgiev,random,2,xgboost,regression,282,4617,226,56,"{'n_estimators': 400, 'learning_rate': 0.05, 'max_depth': 6, 'random_state': 42}",0.716,0.6117,0.3448,0.3337,0.5067,0.964,0.963,0.9236,0.1148,0.1781
foldchange_NBD_activity_25C,georgiev,random,3,rf,regression,282,4617,226,56,"{'n_estimators': 300, 'random_state': 42, 'n_jobs': -1}",0.647,0.6257,0.3842,0.4036,0.561,0.9719,0.9698,0.9229,0.1219,0.1724
foldchange_NBD_activity_25C,georgiev,random,3,ridge,regression,282,4617,226,56,{'alpha': 1.0},0.6605,0.6722,0.4473,0.3673,0.5315,0.9075,0.8958,0.8025,0.1594,0.276
foldchange_NBD_activity_25C,georgiev,random,3,xgboost,regression,282,4617,226,56,"{'n_estimators': 400, 'learning_rate': 0.05, 'max_depth': 6, 'random_state': 42}",0.6744,0.6779,0.4542,0.3809,0.5281,0.9592,0.9526,0.9029,0.1163,0.1936
foldchange_NBD_activity_25C,georgiev,random,4,rf,regression,282,4617,226,56,"{'n_estimators': 300, 'random_state': 42, 'n_jobs': -1}",0.6892,0.6788,0.4354,0.3338,0.4621,0.9715,0.969,0.92,0.1294,0.1818
foldchange_NBD_activity_25C,georgiev,random,4,ridge,regression,282,4617,226,56,{'alpha': 1.0},0.7488,0.7528,0.5157,0.3312,0.428,0.8897,0.8786,0.7719,0.1703,0.3071
foldchange_NBD_activity_25C,georgiev,random,4,xgboost,regression,282,4617,226,56,"{'n_estimators': 400, 'learning_rate': 0.05, 'max_depth': 6, 'random_state': 42}",0.7899,0.7614,0.5628,0.2757,0.4067,0.9566,0.9527,0.9016,0.126,0.2016
foldchange_NBD_activity_25C,onehot_esm2_LLR,random,0,rf,regression,282,4861,225,57,"{'n_estimators': 300, 'random_state': 42, 'n_jobs': -1}",0.6048,0.5484,0.1427,0.4009,0.5918,0.974,0.9704,0.9285,0.1181,0.1709
foldchange_NBD_activity_25C,onehot_esm2_LLR,random,0,ridge,regression,282,4861,225,57,{'alpha': 1.0},0.7223,0.7089,0.4694,0.3268,0.4655,0.8825,0.8585,0.7326,0.2165,0.3306
foldchange_NBD_activity_25C,onehot_esm2_LLR,random,0,xgboost,regression,282,4861,225,57,"{'n_estimators': 400, 'learning_rate': 0.05, 'max_depth': 6, 'random_state': 42}",0.5716,0.5483,0.1403,0.3977,0.5926,0.9872,0.9883,0.9717,0.0764,0.1076
foldchange_NBD_activity_25C,onehot_esm2_LLR,random,1,rf,regression,282,4861,225,57,"{'n_estimators': 300, 'random_state': 42, 'n_jobs': -1}",0.8096,0.7722,0.5839,0.2742,0.3751,0.9678,0.966,0.9193,0.1274,0.186
foldchange_NBD_activity_25C,onehot_esm2_LLR,random,1,ridge,regression,282,4861,225,57,{'alpha': 1.0},0.7351,0.7539,0.56,0.2861,0.3857,0.8762,0.8671,0.746,0.2206,0.33
foldchange_NBD_activity_25C,onehot_esm2_LLR,random,1,xgboost,regression,282,4861,225,57,"{'n_estimators': 400, 'learning_rate': 0.05, 'max_depth': 6, 'random_state': 42}",0.7197,0.6727,0.4499,0.328,0.4313,0.984,0.9857,0.9663,0.0847,0.1202
foldchange_NBD_activity_25C,onehot_esm2_LLR,random,2,rf,regression,282,4861,226,56,"{'n_estimators': 300, 'random_state': 42, 'n_jobs': -1}",0.7556,0.6905,0.4456,0.3142,0.4661,0.9712,0.9696,0.9274,0.1176,0.1736
foldchange_NBD_activity_25C,onehot_esm2_LLR,random,2,ridge,regression,282,4861,226,56,{'alpha': 1.0},0.754,0.629,0.3768,0.3347,0.4942,0.894,0.8825,0.7741,0.2157,0.3063
foldchange_NBD_activity_25C,onehot_esm2_LLR,random,2,xgboost,regression,282,4861,226,56,"{'n_estimators': 400, 'learning_rate': 0.05, 'max_depth': 6, 'random_state': 42}",0.7481,0.6647,0.4108,0.3365,0.4805,0.9832,0.9834,0.9622,0.0878,0.1253
foldchange_NBD_activity_25C,onehot_esm2_LLR,random,3,rf,regression,282,4861,226,56,"{'n_estimators': 300, 'random_state': 42, 'n_jobs': -1}",0.6672,0.6918,0.4674,0.3654,0.5217,0.9717,0.9694,0.9272,0.1152,0.1676
foldchange_NBD_activity_25C,onehot_esm2_LLR,random,3,ridge,regression,282,4861,226,56,{'alpha': 1.0},0.69,0.7092,0.4985,0.3521,0.5062,0.8932,0.8778,0.7652,0.208,0.301
foldchange_NBD_activity_25C,onehot_esm2_LLR,random,3,xgboost,regression,282,4861,226,56,"{'n_estimators': 400, 'learning_rate': 0.05, 'max_depth': 6, 'random_state': 42}",0.6556,0.6846,0.4593,0.3742,0.5256,0.9862,0.9858,0.9661,0.0807,0.1143
foldchange_NBD_activity_25C,onehot_esm2_LLR,random,4,rf,regression,282,4861,226,56,"{'n_estimators': 300, 'random_state': 42, 'n_jobs': -1}",0.7447,0.7316,0.5339,0.2948,0.4199,0.9706,0.9669,0.9187,0.1267,0.1833
foldchange_NBD_activity_25C,onehot_esm2_LLR,random,4,ridge,regression,282,4861,226,56,{'alpha': 1.0},0.7839,0.7746,0.5762,0.3146,0.4004,0.8728,0.8607,0.7349,0.2208,0.331
foldchange_NBD_activity_25C,onehot_esm2_LLR,random,4,xgboost,regression,282,4861,226,56,"{'n_estimators': 400, 'learning_rate': 0.05, 'max_depth': 6, 'random_state': 42}",0.7462,0.7245,0.5148,0.3005,0.4284,0.9864,0.9857,0.9651,0.0852,0.1201
foldchange_NBD_activity_25C,onehot_esmc_LLR,random,0,rf,regression,282,4861,225,57,"{'n_estimators': 300, 'random_state': 42, 'n_jobs': -1}",0.6516,0.6222,0.2837,0.3555,0.5409,0.9772,0.9719,0.9302,0.1157,0.1689
foldchange_NBD_activity_25C,onehot_esmc_LLR,random,0,ridge,regression,282,4861,225,57,{'alpha': 1.0},0.7014,0.6963,0.447,0.3325,0.4753,0.8818,0.8584,0.7326,0.2165,0.3305
foldchange_NBD_activity_25C,onehot_esmc_LLR,random,0,xgboost,regression,282,4861,225,57,"{'n_estimators': 400, 'learning_rate': 0.05, 'max_depth': 6, 'random_state': 42}",0.6274,0.5963,0.088,0.4107,0.6103,0.9915,0.9926,0.9816,0.065,0.0867
foldchange_NBD_activity_25C,onehot_esmc_LLR,random,1,rf,regression,282,4861,225,57,"{'n_estimators': 300, 'random_state': 42, 'n_jobs': -1}",0.7312,0.7767,0.592,0.282,0.3715,0.9693,0.9673,0.9196,0.1268,0.1856
foldchange_NBD_activity_25C,onehot_esmc_LLR,random,1,ridge,regression,282,4861,225,57,{'alpha': 1.0},0.7518,0.7585,0.5656,0.2829,0.3833,0.8754,0.8671,0.746,0.2215,0.33
foldchange_NBD_activity_25C,onehot_esmc_LLR,random,1,xgboost,regression,282,4861,225,57,"{'n_estimators': 400, 'learning_rate': 0.05, 'max_depth': 6, 'random_state': 42}",0.7331,0.7832,0.5997,0.2663,0.3679,0.9799,0.9828,0.9605,0.0904,0.1301
foldchange_NBD_activity_25C,onehot_esmc_LLR,random,2,rf,regression,282,4861,226,56,"{'n_estimators': 300, 'random_state': 42, 'n_jobs': -1}",0.7715,0.6535,0.4018,0.3138,0.4842,0.977,0.9742,0.9343,0.115,0.1652
foldchange_NBD_activity_25C,onehot_esmc_LLR,random,2,ridge,regression,282,4861,226,56,{'alpha': 1.0},0.7401,0.6232,0.3745,0.336,0.4951,0.8941,0.8822,0.7737,0.2162,0.3066
foldchange_NBD_activity_25C,onehot_esmc_LLR,random,2,xgboost,regression,282,4861,226,56,"{'n_estimators': 400, 'learning_rate': 0.05, 'max_depth': 6, 'random_state': 42}",0.7595,0.6195,0.3453,0.3238,0.5065,0.9874,0.9874,0.9706,0.0752,0.1105
foldchange_NBD_activity_25C,onehot_esmc_LLR,random,3,rf,regression,282,4861,226,56,"{'n_estimators': 300, 'random_state': 42, 'n_jobs': -1}",0.6694,0.6464,0.3916,0.3685,0.5576,0.973,0.9716,0.9298,0.1156,0.1646
foldchange_NBD_activity_25C,onehot_esmc_LLR,random,3,ridge,regression,282,4861,226,56,{'alpha': 1.0},0.6755,0.7108,0.5007,0.3525,0.5051,0.8933,0.878,0.7652,0.2083,0.301
foldchange_NBD_activity_25C,onehot_esmc_LLR,random,3,xgboost,regression,282,4861,226,56,"{'n_estimators': 400, 'learning_rate': 0.05, 'max_depth': 6, 'random_state': 42}",0.5716,0.5541,0.2608,0.4128,0.6146,0.9897,0.9906,0.9775,0.0661,0.0932
foldchange_NBD_activity_25C,onehot_esmc_LLR,random,4,rf,regression,282,4861,226,56,"{'n_estimators': 300, 'random_state': 42, 'n_jobs': -1}",0.7963,0.765,0.5597,0.2947,0.4081,0.974,0.9686,0.9199,0.1267,0.1819
foldchange_NBD_activity_25C,onehot_esmc_LLR,random,4,ridge,regression,282,4861,226,56,{'alpha': 1.0},0.7915,0.7751,0.5753,0.3192,0.4008,0.8721,0.8605,0.7345,0.2213,0.3313
foldchange_NBD_activity_25C,onehot_esmc_LLR,random,4,xgboost,regression,282,4861,226,56,"{'n_estimators': 400, 'learning_rate': 0.05, 'max_depth': 6, 'random_state': 42}",0.7757,0.7515,0.4869,0.3219,0.4405,0.9843,0.9875,0.97,0.0821,0.1113
foldchange_NBD_activity_25C,onehot,random,0,rf,regression,282,4860,225,57,"{'n_estimators': 300, 'random_state': 42, 'n_jobs': -1}",0.6745,0.6405,0.3608,0.3515,0.511,0.9706,0.9658,0.9175,0.1287,0.1837
foldchange_NBD_activity_25C,onehot,random,0,ridge,regression,282,4860,225,57,{'alpha': 1.0},0.6751,0.6434,0.3557,0.3507,0.513,0.8822,0.8578,0.7296,0.2177,0.3324
foldchange_NBD_activity_25C,onehot,random,0,xgboost,regression,282,4860,225,57,"{'n_estimators': 400, 'learning_rate': 0.05, 'max_depth': 6, 'random_state': 42}",0.6338,0.6055,0.189,0.4079,0.5755,0.9659,0.9637,0.9214,0.1202,0.1792
foldchange_NBD_activity_25C,onehot,random,1,rf,regression,282,4860,225,57,"{'n_estimators': 300, 'random_state': 42, 'n_jobs': -1}",0.77,0.7173,0.51,0.2882,0.4071,0.967,0.9649,0.9131,0.1342,0.193
foldchange_NBD_activity_25C,onehot,random,1,ridge,regression,282,4860,225,57,{'alpha': 1.0},0.7744,0.766,0.5777,0.2739,0.3779,0.8772,0.8668,0.7418,0.2259,0.3327
foldchange_NBD_activity_25C,onehot,random,1,xgboost,regression,282,4860,225,57,"{'n_estimators': 400, 'learning_rate': 0.05, 'max_depth': 6, 'random_state': 42}",0.7514,0.6793,0.4457,0.3109,0.433,0.9397,0.9385,0.873,0.1506,0.2334
foldchange_NBD_activity_25C,onehot,random,2,rf,regression,282,4860,226,56,"{'n_estimators': 300, 'random_state': 42, 'n_jobs': -1}",0.699,0.6017,0.3034,0.358,0.5225,0.9719,0.9699,0.9278,0.1222,0.1731
foldchange_NBD_activity_25C,onehot,random,2,ridge,regression,282,4860,226,56,{'alpha': 1.0},0.7246,0.6129,0.3619,0.3433,0.5001,0.8931,0.881,0.7688,0.2196,0.3099
foldchange_NBD_activity_25C,onehot,random,2,xgboost,regression,282,4860,226,56,"{'n_estimators': 400, 'learning_rate': 0.05, 'max_depth': 6, 'random_state': 42}",0.6742,0.5947,0.3108,0.3571,0.5197,0.9605,0.9595,0.9153,0.1301,0.1875
foldchange_NBD_activity_25C,onehot,random,3,rf,regression,282,4860,226,56,"{'n_estimators': 300, 'random_state': 42, 'n_jobs': -1}",0.6185,0.6106,0.3682,0.4087,0.5682,0.9702,0.9679,0.9212,0.1246,0.1744
foldchange_NBD_activity_25C,onehot,random,3,ridge,regression,282,4860,226,56,{'alpha': 1.0},0.6413,0.6777,0.4524,0.376,0.529,0.8949,0.8782,0.763,0.2097,0.3024
foldchange_NBD_activity_25C,onehot,random,3,xgboost,regression,282,4860,226,56,"{'n_estimators': 400, 'learning_rate': 0.05, 'max_depth': 6, 'random_state': 42}",0.6126,0.6429,0.407,0.4,0.5505,0.9548,0.9472,0.8897,0.1338,0.2063
foldchange_NBD_activity_25C,onehot,random,4,rf,regression,282,4860,226,56,"{'n_estimators': 300, 'random_state': 42, 'n_jobs': -1}",0.6788,0.6756,0.4317,0.3369,0.4636,0.97,0.9674,0.92,0.129,0.1819
foldchange_NBD_activity_25C,onehot,random,4,ridge,regression,282,4860,226,56,{'alpha': 1.0},0.749,0.761,0.5559,0.3174,0.4098,0.8732,0.8602,0.7307,0.2235,0.3337
foldchange_NBD_activity_25C,onehot,random,4,xgboost,regression,282,4860,226,56,"{'n_estimators': 400, 'learning_rate': 0.05, 'max_depth': 6, 'random_state': 42}",0.7298,0.7155,0.4873,0.31,0.4404,0.9532,0.9494,0.8928,0.1401,0.2105
foldchange_NBD_activity_25C,georgiev,random,0,rf,regression,282,4617,225,57,"{'n_estimators': 300, 'random_state': 42, 'n_jobs': -1}",0.6778,0.6416,0.3625,0.3594,0.5103,0.9725,0.9677,0.918,0.1282,0.1831
foldchange_NBD_activity_25C,georgiev,random,0,ridge,regression,282,4617,225,57,{'alpha': 1.0},0.6714,0.6572,0.3718,0.35,0.5066,0.8987,0.8768,0.7687,0.1592,0.3074
foldchange_NBD_activity_25C,georgiev,random,0,xgboost,regression,282,4617,225,57,"{'n_estimators': 400, 'learning_rate': 0.05, 'max_depth': 6, 'random_state': 42}",0.6359,0.6261,0.2483,0.4068,0.5541,0.9695,0.9669,0.9293,0.1044,0.17
foldchange_NBD_activity_25C,georgiev,random,1,rf,regression,282,4617,225,57,"{'n_estimators': 300, 'random_state': 42, 'n_jobs': -1}",0.7873,0.7409,0.5475,0.2719,0.3912,0.9698,0.9677,0.9142,0.1355,0.1918
foldchange_NBD_activity_25C,georgiev,random,1,ridge,regression,282,4617,225,57,{'alpha': 1.0},0.7321,0.7285,0.5279,0.303,0.3996,0.8913,0.8861,0.7852,0.1649,0.3034
foldchange_NBD_activity_25C,georgiev,random,1,xgboost,regression,282,4617,225,57,"{'n_estimators': 400, 'learning_rate': 0.05, 'max_depth': 6, 'random_state': 42}",0.736,0.6767,0.4368,0.2947,0.4364,0.9515,0.9527,0.9022,0.1271,0.2048
foldchange_NBD_activity_25C,georgiev,random,2,rf,regression,282,4617,226,56,"{'n_estimators': 300, 'random_state': 42, 'n_jobs': -1}",0.6856,0.6009,0.3177,0.3488,0.5171,0.9728,0.9717,0.9279,0.1226,0.173
foldchange_NBD_activity_25C,georgiev,random,2,ridge,regression,282,4617,226,56,{'alpha': 1.0},0.7452,0.6354,0.4004,0.3261,0.4848,0.9099,0.8983,0.807,0.1664,0.2831
foldchange_NBD_activity_25C,georgiev,random,2,xgboost,regression,282,4617,226,56,"{'n_estimators': 400, 'learning_rate': 0.05, 'max_depth': 6, 'random_state': 42}",0.716,0.6117,0.3448,0.3337,0.5067,0.964,0.963,0.9236,0.1148,0.1781
foldchange_NBD_activity_25C,georgiev,random,3,rf,regression,282,4617,226,56,"{'n_estimators': 300, 'random_state': 42, 'n_jobs': -1}",0.647,0.6257,0.3842,0.4036,0.561,0.9719,0.9698,0.9229,0.1219,0.1724
foldchange_NBD_activity_25C,georgiev,random,3,ridge,regression,282,4617,226,56,{'alpha': 1.0},0.6605,0.6722,0.4473,0.3673,0.5315,0.9075,0.8958,0.8025,0.1594,0.276
foldchange_NBD_activity_25C,georgiev,random,3,xgboost,regression,282,4617,226,56,"{'n_estimators': 400, 'learning_rate': 0.05, 'max_depth': 6, 'random_state': 42}",0.6744,0.6779,0.4542,0.3809,0.5281,0.9592,0.9526,0.9029,0.1163,0.1936
foldchange_NBD_activity_25C,georgiev,random,4,rf,regression,282,4617,226,56,"{'n_estimators': 300, 'random_state': 42, 'n_jobs': -1}",0.6892,0.6788,0.4354,0.3338,0.4621,0.9715,0.969,0.92,0.1294,0.1818
foldchange_NBD_activity_25C,georgiev,random,4,ridge,regression,282,4617,226,56,{'alpha': 1.0},0.7488,0.7528,0.5157,0.3312,0.428,0.8897,0.8786,0.7719,0.1703,0.3071
foldchange_NBD_activity_25C,georgiev,random,4,xgboost,regression,282,4617,226,56,"{'n_estimators': 400, 'learning_rate': 0.05, 'max_depth': 6, 'random_state': 42}",0.7899,0.7614,0.5628,0.2757,0.4067,0.9566,0.9527,0.9016,0.126,0.2016
foldchange_NBD_activity_25C,onehot_esm2_LLR,random,0,rf,regression,282,4861,225,57,"{'n_estimators': 300, 'random_state': 42, 'n_jobs': -1}",0.6048,0.5484,0.1427,0.4009,0.5918,0.974,0.9704,0.9285,0.1181,0.1709
foldchange_NBD_activity_25C,onehot_esm2_LLR,random,0,ridge,regression,282,4861,225,57,{'alpha': 1.0},0.7223,0.7089,0.4694,0.3268,0.4655,0.8825,0.8585,0.7326,0.2165,0.3306
foldchange_NBD_activity_25C,onehot_esm2_LLR,random,0,xgboost,regression,282,4861,225,57,"{'n_estimators': 400, 'learning_rate': 0.05, 'max_depth': 6, 'random_state': 42}",0.5716,0.5483,0.1403,0.3977,0.5926,0.9872,0.9883,0.9717,0.0764,0.1076
foldchange_NBD_activity_25C,onehot_esm2_LLR,random,1,rf,regression,282,4861,225,57,"{'n_estimators': 300, 'random_state': 42, 'n_jobs': -1}",0.8096,0.7722,0.5839,0.2742,0.3751,0.9678,0.966,0.9193,0.1274,0.186
foldchange_NBD_activity_25C,onehot_esm2_LLR,random,1,ridge,regression,282,4861,225,57,{'alpha': 1.0},0.7351,0.7539,0.56,0.2861,0.3857,0.8762,0.8671,0.746,0.2206,0.33
foldchange_NBD_activity_25C,onehot_esm2_LLR,random,1,xgboost,regression,282,4861,225,57,"{'n_estimators': 400, 'learning_rate': 0.05, 'max_depth': 6, 'random_state': 42}",0.7197,0.6727,0.4499,0.328,0.4313,0.984,0.9857,0.9663,0.0847,0.1202
foldchange_NBD_activity_25C,onehot_esm2_LLR,random,2,rf,regression,282,4861,226,56,"{'n_estimators': 300, 'random_state': 42, 'n_jobs': -1}",0.7556,0.6905,0.4456,0.3142,0.4661,0.9712,0.9696,0.9274,0.1176,0.1736
foldchange_NBD_activity_25C,onehot_esm2_LLR,random,2,ridge,regression,282,4861,226,56,{'alpha': 1.0},0.754,0.629,0.3768,0.3347,0.4942,0.894,0.8825,0.7741,0.2157,0.3063
foldchange_NBD_activity_25C,onehot_esm2_LLR,random,2,xgboost,regression,282,4861,226,56,"{'n_estimators': 400, 'learning_rate': 0.05, 'max_depth': 6, 'random_state': 42}",0.7481,0.6647,0.4108,0.3365,0.4805,0.9832,0.9834,0.9622,0.0878,0.1253
foldchange_NBD_activity_25C,onehot_esm2_LLR,random,3,rf,regression,282,4861,226,56,"{'n_estimators': 300, 'random_state': 42, 'n_jobs': -1}",0.6672,0.6918,0.4674,0.3654,0.5217,0.9717,0.9694,0.9272,0.1152,0.1676
foldchange_NBD_activity_25C,onehot_esm2_LLR,random,3,ridge,regression,282,4861,226,56,{'alpha': 1.0},0.69,0.7092,0.4985,0.3521,0.5062,0.8932,0.8778,0.7652,0.208,0.301
foldchange_NBD_activity_25C,onehot_esm2_LLR,random,3,xgboost,regression,282,4861,226,56,"{'n_estimators': 400, 'learning_rate': 0.05, 'max_depth': 6, 'random_state': 42}",0.6556,0.6846,0.4593,0.3742,0.5256,0.9862,0.9858,0.9661,0.0807,0.1143
foldchange_NBD_activity_25C,onehot_esm2_LLR,random,4,rf,regression,282,4861,226,56,"{'n_estimators': 300, 'random_state': 42, 'n_jobs': -1}",0.7447,0.7316,0.5339,0.2948,0.4199,0.9706,0.9669,0.9187,0.1267,0.1833
foldchange_NBD_activity_25C,onehot_esm2_LLR,random,4,ridge,regression,282,4861,226,56,{'alpha': 1.0},0.7839,0.7746,0.5762,0.3146,0.4004,0.8728,0.8607,0.7349,0.2208,0.331
foldchange_NBD_activity_25C,onehot_esm2_LLR,random,4,xgboost,regression,282,4861,226,56,"{'n_estimators': 400, 'learning_rate': 0.05, 'max_depth': 6, 'random_state': 42}",0.7462,0.7245,0.5148,0.3005,0.4284,0.9864,0.9857,0.9651,0.0852,0.1201
foldchange_NBD_activity_25C,onehot_esmc_LLR,random,0,rf,regression,282,4861,225,57,"{'n_estimators': 300, 'random_state': 42, 'n_jobs': -1}",0.6516,0.6222,0.2837,0.3555,0.5409,0.9772,0.9719,0.9302,0.1157,0.1689
foldchange_NBD_activity_25C,onehot_esmc_LLR,random,0,ridge,regression,282,4861,225,57,{'alpha': 1.0},0.7014,0.6963,0.447,0.3325,0.4753,0.8818,0.8584,0.7326,0.2165,0.3305
foldchange_NBD_activity_25C,onehot_esmc_LLR,random,0,xgboost,regression,282,4861,225,57,"{'n_estimators': 400, 'learning_rate': 0.05, 'max_depth': 6, 'random_state': 42}",0.6274,0.5963,0.088,0.4107,0.6103,0.9915,0.9926,0.9816,0.065,0.0867
foldchange_NBD_activity_25C,onehot_esmc_LLR,random,1,rf,regression,282,4861,225,57,"{'n_estimators': 300, 'random_state': 42, 'n_jobs': -1}",0.7312,0.7767,0.592,0.282,0.3715,0.9693,0.9673,0.9196,0.1268,0.1856
foldchange_NBD_activity_25C,onehot_esmc_LLR,random,1,ridge,regression,282,4861,225,57,{'alpha': 1.0},0.7518,0.7585,0.5656,0.2829,0.3833,0.8754,0.8671,0.746,0.2215,0.33
foldchange_NBD_activity_25C,onehot_esmc_LLR,random,1,xgboost,regression,282,4861,225,57,"{'n_estimators': 400, 'learning_rate': 0.05, 'max_depth': 6, 'random_state': 42}",0.7331,0.7832,0.5997,0.2663,0.3679,0.9799,0.9828,0.9605,0.0904,0.1301
foldchange_NBD_activity_25C,onehot_esmc_LLR,random,2,rf,regression,282,4861,226,56,"{'n_estimators': 300, 'random_state': 42, 'n_jobs': -1}",0.7715,0.6535,0.4018,0.3138,0.4842,0.977,0.9742,0.9343,0.115,0.1652
foldchange_NBD_activity_25C,onehot_esmc_LLR,random,2,ridge,regression,282,4861,226,56,{'alpha': 1.0},0.7401,0.6232,0.3745,0.336,0.4951,0.8941,0.8822,0.7737,0.2162,0.3066
foldchange_NBD_activity_25C,onehot_esmc_LLR,random,2,xgboost,regression,282,4861,226,56,"{'n_estimators': 400, 'learning_rate': 0.05, 'max_depth': 6, 'random_state': 42}",0.7595,0.6195,0.3453,0.3238,0.5065,0.9874,0.9874,0.9706,0.0752,0.1105
foldchange_NBD_activity_25C,onehot_esmc_LLR,random,3,rf,regression,282,4861,226,56,"{'n_estimators': 300, 'random_state': 42, 'n_jobs': -1}",0.6694,0.6464,0.3916,0.3685,0.5576,0.973,0.9716,0.9298,0.1156,0.1646
foldchange_NBD_activity_25C,onehot_esmc_LLR,random,3,ridge,regression,282,4861,226,56,{'alpha': 1.0},0.6755,0.7108,0.5007,0.3525,0.5051,0.8933,0.878,0.7652,0.2083,0.301
foldchange_NBD_activity_25C,onehot_esmc_LLR,random,3,xgboost,regression,282,4861,226,56,"{'n_estimators': 400, 'learning_rate': 0.05, 'max_depth': 6, 'random_state': 42}",0.5716,0.5541,0.2608,0.4128,0.6146,0.9897,0.9906,0.9775,0.0661,0.0932
foldchange_NBD_activity_25C,onehot_esmc_LLR,random,4,rf,regression,282,4861,226,56,"{'n_estimators': 300, 'random_state': 42, 'n_jobs': -1}",0.7963,0.765,0.5597,0.2947,0.4081,0.974,0.9686,0.9199,0.1267,0.1819
foldchange_NBD_activity_25C,onehot_esmc_LLR,random,4,ridge,regression,282,4861,226,56,{'alpha': 1.0},0.7915,0.7751,0.5753,0.3192,0.4008,0.8721,0.8605,0.7345,0.2213,0.3313
foldchange_NBD_activity_25C,onehot_esmc_LLR,random,4,xgboost,regression,282,4861,226,56,"{'n_estimators': 400, 'learning_rate': 0.05, 'max_depth': 6, 'random_state': 42}",0.7757,0.7515,0.4869,0.3219,0.4405,0.9843,0.9875,0.97,0.0821,0.1113
foldchange_NBD_activity_25C,esm2_seq_embeddings,random,0,rf,regression,282,1280,225,57,"{'n_estimators': 300, 'random_state': 42, 'n_jobs': -1}",0.6779,0.6466,0.3924,0.3319,0.4982,0.9791,0.978,0.9273,0.1269,0.1723
foldchange_NBD_activity_25C,esm2_seq_embeddings,random,0,ridge,regression,282,1280,225,57,{'alpha': 1.0},0.5519,0.4937,0.1474,0.4579,0.5901,0.6431,0.6316,0.1775,0.462,0.5798
foldchange_NBD_activity_25C,esm2_seq_embeddings,random,0,xgboost,regression,282,1280,225,57,"{'n_estimators': 400, 'learning_rate': 0.05, 'max_depth': 6, 'random_state': 42}",0.6479,0.5984,0.2233,0.3922,0.5632,1.0,1.0,1.0,0.0003,0.0004
foldchange_NBD_activity_25C,esm2_seq_embeddings,random,1,rf,regression,282,1280,225,57,"{'n_estimators': 300, 'random_state': 42, 'n_jobs': -1}",0.7106,0.761,0.5547,0.2855,0.3881,0.9763,0.9784,0.9258,0.1316,0.1784
foldchange_NBD_activity_25C,esm2_seq_embeddings,random,1,ridge,regression,282,1280,225,57,{'alpha': 1.0},0.6832,0.6885,0.2023,0.3663,0.5194,0.6224,0.5954,0.1672,0.4867,0.5975
foldchange_NBD_activity_25C,esm2_seq_embeddings,random,1,xgboost,regression,282,1280,225,57,"{'n_estimators': 400, 'learning_rate': 0.05, 'max_depth': 6, 'random_state': 42}",0.6453,0.6565,0.3996,0.3472,0.4506,1.0,1.0,1.0,0.0003,0.0004
foldchange_NBD_activity_25C,esm2_seq_embeddings,random,2,rf,regression,282,1280,226,56,"{'n_estimators': 300, 'random_state': 42, 'n_jobs': -1}",0.7133,0.5755,0.325,0.3606,0.5143,0.9794,0.9783,0.9333,0.1219,0.1664
foldchange_NBD_activity_25C,esm2_seq_embeddings,random,2,ridge,regression,282,1280,226,56,{'alpha': 1.0},0.6542,0.5582,0.1548,0.4742,0.5755,0.6325,0.6141,0.1831,0.4578,0.5825
foldchange_NBD_activity_25C,esm2_seq_embeddings,random,2,xgboost,regression,282,1280,226,56,"{'n_estimators': 400, 'learning_rate': 0.05, 'max_depth': 6, 'random_state': 42}",0.5849,0.4772,0.1813,0.4103,0.5664,1.0,1.0,1.0,0.0003,0.0004
foldchange_NBD_activity_25C,esm2_seq_embeddings,random,3,rf,regression,282,1280,226,56,"{'n_estimators': 300, 'random_state': 42, 'n_jobs': -1}",0.6919,0.6675,0.4218,0.4043,0.5436,0.9766,0.9753,0.9256,0.1227,0.1694
foldchange_NBD_activity_25C,esm2_seq_embeddings,random,3,ridge,regression,282,1280,226,56,{'alpha': 1.0},0.4961,0.5364,0.1264,0.5648,0.6681,0.6395,0.6036,0.1876,0.4369,0.5599
foldchange_NBD_activity_25C,esm2_seq_embeddings,random,3,xgboost,regression,282,1280,226,56,"{'n_estimators': 400, 'learning_rate': 0.05, 'max_depth': 6, 'random_state': 42}",0.651,0.6553,0.4148,0.407,0.5469,1.0,1.0,1.0,0.0003,0.0004
foldchange_NBD_activity_25C,esm2_seq_embeddings,random,4,rf,regression,282,1280,226,56,"{'n_estimators': 300, 'random_state': 42, 'n_jobs': -1}",0.7757,0.7721,0.563,0.3095,0.4066,0.9777,0.9765,0.9242,0.1296,0.177
foldchange_NBD_activity_25C,esm2_seq_embeddings,random,4,ridge,regression,282,1280,226,56,{'alpha': 1.0},0.6149,0.6858,0.1408,0.4642,0.5701,0.6208,0.5799,0.1639,0.4629,0.5879
foldchange_NBD_activity_25C,esm2_seq_embeddings,random,4,xgboost,regression,282,1280,226,56,"{'n_estimators': 400, 'learning_rate': 0.05, 'max_depth': 6, 'random_state': 42}",0.6947,0.6777,0.4259,0.35,0.466,1.0,1.0,1.0,0.0003,0.0004
foldchange_NBD_activity_25C,esmc_seq_embeddings,random,0,rf,regression,282,1152,225,57,"{'n_estimators': 300, 'random_state': 42, 'n_jobs': -1}",0.6783,0.6686,0.4208,0.3415,0.4864,0.9773,0.9765,0.9255,0.1271,0.1745
foldchange_NBD_activity_25C,esmc_seq_embeddings,random,0,ridge,regression,282,1152,225,57,{'alpha': 1.0},0.5552,0.3601,-1.2353,0.606,0.9555,0.9574,0.9507,0.903,0.106,0.1991
foldchange_NBD_activity_25C,esmc_seq_embeddings,random,0,xgboost,regression,282,1152,225,57,"{'n_estimators': 400, 'learning_rate': 0.05, 'max_depth': 6, 'random_state': 42}",0.5937,0.5963,0.2454,0.404,0.5552,1.0,1.0,1.0,0.0003,0.0004
foldchange_NBD_activity_25C,esmc_seq_embeddings,random,1,rf,regression,282,1152,225,57,"{'n_estimators': 300, 'random_state': 42, 'n_jobs': -1}",0.7718,0.7956,0.5855,0.2759,0.3744,0.9751,0.977,0.9226,0.1364,0.1822
foldchange_NBD_activity_25C,esmc_seq_embeddings,random,1,ridge,regression,282,1152,225,57,{'alpha': 1.0},0.3729,0.2934,-1.0914,0.5906,0.841,0.9481,0.9472,0.8966,0.1168,0.2106
foldchange_NBD_activity_25C,esmc_seq_embeddings,random,1,xgboost,regression,282,1152,225,57,"{'n_estimators': 400, 'learning_rate': 0.05, 'max_depth': 6, 'random_state': 42}",0.7906,0.7676,0.5831,0.2867,0.3755,1.0,1.0,1.0,0.0003,0.0004
foldchange_NBD_activity_25C,esmc_seq_embeddings,random,2,rf,regression,282,1152,226,56,"{'n_estimators': 300, 'random_state': 42, 'n_jobs': -1}",0.7235,0.6068,0.3603,0.3523,0.5007,0.9781,0.9781,0.9303,0.128,0.1701
foldchange_NBD_activity_25C,esmc_seq_embeddings,random,2,ridge,regression,282,1152,226,56,{'alpha': 1.0},0.6462,0.5867,-0.7816,0.5966,0.8356,0.9671,0.9627,0.9262,0.1031,0.175
foldchange_NBD_activity_25C,esmc_seq_embeddings,random,2,xgboost,regression,282,1152,226,56,"{'n_estimators': 400, 'learning_rate': 0.05, 'max_depth': 6, 'random_state': 42}",0.6563,0.5655,0.2195,0.4038,0.5531,1.0,1.0,1.0,0.0003,0.0004
foldchange_NBD_activity_25C,esmc_seq_embeddings,random,3,rf,regression,282,1152,226,56,"{'n_estimators': 300, 'random_state': 42, 'n_jobs': -1}",0.6547,0.6688,0.4259,0.3961,0.5417,0.9778,0.9753,0.9278,0.1236,0.1669
foldchange_NBD_activity_25C,esmc_seq_embeddings,random,3,ridge,regression,282,1152,226,56,{'alpha': 1.0},0.2157,0.0297,-2.3881,0.7783,1.3158,0.9617,0.9589,0.9189,0.1016,0.1769
foldchange_NBD_activity_25C,esmc_seq_embeddings,random,3,xgboost,regression,282,1152,226,56,"{'n_estimators': 400, 'learning_rate': 0.05, 'max_depth': 6, 'random_state': 42}",0.616,0.6183,0.3729,0.4065,0.5661,1.0,1.0,1.0,0.0003,0.0004
foldchange_NBD_activity_25C,esmc_seq_embeddings,random,4,rf,regression,282,1152,226,56,"{'n_estimators': 300, 'random_state': 42, 'n_jobs': -1}",0.7229,0.7299,0.4872,0.3516,0.4404,0.9774,0.9769,0.9231,0.1288,0.1783
foldchange_NBD_activity_25C,esmc_seq_embeddings,random,4,ridge,regression,282,1152,226,56,{'alpha': 1.0},0.7075,0.6166,-0.5185,0.4748,0.7579,0.9565,0.9536,0.9088,0.1107,0.1941
foldchange_NBD_activity_25C,esmc_seq_embeddings,random,4,xgboost,regression,282,1152,226,56,"{'n_estimators': 400, 'learning_rate': 0.05, 'max_depth': 6, 'random_state': 42}",0.6472,0.6577,0.3222,0.3977,0.5064,1.0,1.0,1.0,0.0003,0.0004
foldchange_NBD_activity_25C,esm2_seq_embeddings_LLR,random,0,rf,regression,282,1281,225,57,"{'n_estimators': 300, 'random_state': 42, 'n_jobs': -1}",0.6807,0.6515,0.3971,0.3328,0.4963,0.98,0.9785,0.9279,0.1256,0.1716
foldchange_NBD_activity_25C,esm2_seq_embeddings_LLR,random,0,ridge,regression,282,1281,225,57,{'alpha': 1.0},0.5675,0.5235,0.2727,0.4289,0.5451,0.5568,0.5687,0.3211,0.4098,0.5267
foldchange_NBD_activity_25C,esm2_seq_embeddings_LLR,random,0,xgboost,regression,282,1281,225,57,"{'n_estimators': 400, 'learning_rate': 0.05, 'max_depth': 6, 'random_state': 42}",0.5881,0.5744,0.1831,0.3929,0.5776,1.0,1.0,1.0,0.0003,0.0004
foldchange_NBD_activity_25C,esm2_seq_embeddings_LLR,random,1,rf,regression,282,1281,225,57,"{'n_estimators': 300, 'random_state': 42, 'n_jobs': -1}",0.7131,0.7687,0.5629,0.2846,0.3845,0.9764,0.9777,0.9255,0.1315,0.1787
foldchange_NBD_activity_25C,esm2_seq_embeddings_LLR,random,1,ridge,regression,282,1281,225,57,{'alpha': 1.0},0.5862,0.607,0.3604,0.3499,0.4651,0.5656,0.5578,0.3084,0.4278,0.5445
foldchange_NBD_activity_25C,esm2_seq_embeddings_LLR,random,1,xgboost,regression,282,1281,225,57,"{'n_estimators': 400, 'learning_rate': 0.05, 'max_depth': 6, 'random_state': 42}",0.6408,0.668,0.4238,0.3372,0.4415,1.0,1.0,1.0,0.0003,0.0004
foldchange_NBD_activity_25C,esm2_seq_embeddings_LLR,random,2,rf,regression,282,1281,226,56,"{'n_estimators': 300, 'random_state': 42, 'n_jobs': -1}",0.7208,0.5806,0.3311,0.3599,0.512,0.9791,0.9786,0.9335,0.1226,0.1661
foldchange_NBD_activity_25C,esm2_seq_embeddings_LLR,random,2,ridge,regression,282,1281,226,56,{'alpha': 1.0},0.6632,0.6165,0.366,0.3899,0.4985,0.5547,0.5598,0.3097,0.417,0.5355
foldchange_NBD_activity_25C,esm2_seq_embeddings_LLR,random,2,xgboost,regression,282,1281,226,56,"{'n_estimators': 400, 'learning_rate': 0.05, 'max_depth': 6, 'random_state': 42}",0.5994,0.4748,0.1688,0.4095,0.5707,1.0,1.0,1.0,0.0003,0.0004
foldchange_NBD_activity_25C,esm2_seq_embeddings_LLR,random,3,rf,regression,282,1281,226,56,"{'n_estimators': 300, 'random_state': 42, 'n_jobs': -1}",0.7007,0.6723,0.4291,0.4015,0.5401,0.9765,0.9754,0.9265,0.1219,0.1684
foldchange_NBD_activity_25C,esm2_seq_embeddings_LLR,random,3,ridge,regression,282,1281,226,56,{'alpha': 1.0},0.3951,0.4519,0.1999,0.5071,0.6394,0.6032,0.5885,0.3449,0.3929,0.5028
foldchange_NBD_activity_25C,esm2_seq_embeddings_LLR,random,3,xgboost,regression,282,1281,226,56,"{'n_estimators': 400, 'learning_rate': 0.05, 'max_depth': 6, 'random_state': 42}",0.6715,0.6666,0.4292,0.3921,0.5401,1.0,1.0,1.0,0.0003,0.0004
foldchange_NBD_activity_25C,esm2_seq_embeddings_LLR,random,4,rf,regression,282,1281,226,56,"{'n_estimators': 300, 'random_state': 42, 'n_jobs': -1}",0.7806,0.7809,0.5748,0.3064,0.401,0.9777,0.9761,0.9236,0.1298,0.1777
foldchange_NBD_activity_25C,esm2_seq_embeddings_LLR,random,4,ridge,regression,282,1281,226,56,{'alpha': 1.0},0.5664,0.589,0.3228,0.4017,0.5061,0.5617,0.5517,0.3022,0.416,0.5371
foldchange_NBD_activity_25C,esm2_seq_embeddings_LLR,random,4,xgboost,regression,282,1281,226,56,"{'n_estimators': 400, 'learning_rate': 0.05, 'max_depth': 6, 'random_state': 42}",0.6972,0.6789,0.4284,0.3483,0.465,1.0,1.0,1.0,0.0003,0.0004
foldchange_NBD_activity_25C,esmc_seq_embeddings_LLR,random,0,rf,regression,282,1153,225,57,"{'n_estimators': 300, 'random_state': 42, 'n_jobs': -1}",0.677,0.668,0.4173,0.3435,0.4879,0.978,0.9773,0.9265,0.1261,0.1733
foldchange_NBD_activity_25C,esmc_seq_embeddings_LLR,random,0,ridge,regression,282,1153,225,57,{'alpha': 1.0},0.5565,0.3515,-1.306,0.6111,0.9705,0.9573,0.9508,0.9031,0.1058,0.199
foldchange_NBD_activity_25C,esmc_seq_embeddings_LLR,random,0,xgboost,regression,282,1153,225,57,"{'n_estimators': 400, 'learning_rate': 0.05, 'max_depth': 6, 'random_state': 42}",0.6024,0.594,0.2448,0.3982,0.5554,1.0,1.0,1.0,0.0003,0.0004
foldchange_NBD_activity_25C,esmc_seq_embeddings_LLR,random,1,rf,regression,282,1153,225,57,"{'n_estimators': 300, 'random_state': 42, 'n_jobs': -1}",0.7688,0.7958,0.5854,0.2758,0.3745,0.9752,0.9767,0.9221,0.1363,0.1828
foldchange_NBD_activity_25C,esmc_seq_embeddings_LLR,random,1,ridge,regression,282,1153,225,57,{'alpha': 1.0},0.3534,0.288,-1.1224,0.5927,0.8472,0.9483,0.9472,0.8966,0.1168,0.2105
foldchange_NBD_activity_25C,esmc_seq_embeddings_LLR,random,1,xgboost,regression,282,1153,225,57,"{'n_estimators': 400, 'learning_rate': 0.05, 'max_depth': 6, 'random_state': 42}",0.7776,0.7595,0.5657,0.2889,0.3833,1.0,1.0,1.0,0.0003,0.0004
foldchange_NBD_activity_25C,esmc_seq_embeddings_LLR,random,2,rf,regression,282,1153,226,56,"{'n_estimators': 300, 'random_state': 42, 'n_jobs': -1}",0.7148,0.6013,0.3522,0.3534,0.5039,0.9785,0.9781,0.9309,0.1271,0.1695
foldchange_NBD_activity_25C,esmc_seq_embeddings_LLR,random,2,ridge,regression,282,1153,226,56,{'alpha': 1.0},0.6475,0.5875,-0.7831,0.5962,0.8359,0.967,0.9626,0.9262,0.1031,0.1751
foldchange_NBD_activity_25C,esmc_seq_embeddings_LLR,random,2,xgboost,regression,282,1153,226,56,"{'n_estimators': 400, 'learning_rate': 0.05, 'max_depth': 6, 'random_state': 42}",0.6499,0.5703,0.2618,0.3836,0.5378,1.0,1.0,1.0,0.0003,0.0004
foldchange_NBD_activity_25C,esmc_seq_embeddings_LLR,random,3,rf,regression,282,1153,226,56,"{'n_estimators': 300, 'random_state': 42, 'n_jobs': -1}",0.6502,0.6744,0.4327,0.3959,0.5384,0.9771,0.9749,0.9272,0.1248,0.1675
foldchange_NBD_activity_25C,esmc_seq_embeddings_LLR,random,3,ridge,regression,282,1153,226,56,{'alpha': 1.0},0.207,0.0239,-2.4496,0.7833,1.3277,0.9617,0.9589,0.9189,0.1016,0.1769
foldchange_NBD_activity_25C,esmc_seq_embeddings_LLR,random,3,xgboost,regression,282,1153,226,56,"{'n_estimators': 400, 'learning_rate': 0.05, 'max_depth': 6, 'random_state': 42}",0.6217,0.6241,0.3804,0.4078,0.5627,1.0,1.0,1.0,0.0003,0.0004
foldchange_NBD_activity_25C,esmc_seq_embeddings_LLR,random,4,rf,regression,282,1153,226,56,"{'n_estimators': 300, 'random_state': 42, 'n_jobs': -1}",0.7205,0.7357,0.4974,0.348,0.436,0.9772,0.9771,0.9236,0.1292,0.1777
foldchange_NBD_activity_25C,esmc_seq_embeddings_LLR,random,4,ridge,regression,282,1153,226,56,{'alpha': 1.0},0.7057,0.6154,-0.5249,0.4765,0.7595,0.9564,0.9536,0.9089,0.1107,0.1941
foldchange_NBD_activity_25C,esmc_seq_embeddings_LLR,random,4,xgboost,regression,282,1153,226,56,"{'n_estimators': 400, 'learning_rate': 0.05, 'max_depth': 6, 'random_state': 42}",0.6472,0.6577,0.3222,0.3977,0.5064,1.0,1.0,1.0,0.0003,0.0004
foldchange_NBD_activity_25C,onehot,custom,0,rf,regression,334,4860,282,52,"{'n_estimators': 300, 'random_state': 42, 'n_jobs': -1}",0.0445,-0.0837,-2.0331,4.2429,5.0083,0.9706,0.966,0.9201,0.1255,0.1811
foldchange_NBD_activity_25C,onehot,custom,0,ridge,regression,334,4860,282,52,{'alpha': 1.0},0.5655,0.5591,-0.2828,2.769,3.2571,0.8821,0.8645,0.7399,0.2205,0.3269
foldchange_NBD_activity_25C,onehot,custom,0,xgboost,regression,334,4860,282,52,"{'n_estimators': 400, 'learning_rate': 0.05, 'max_depth': 6, 'random_state': 42}",0.2197,0.1689,-1.1786,3.5304,4.2446,0.9381,0.9315,0.8596,0.1572,0.2401
foldchange_NBD_activity_25C,georgiev,custom,0,rf,regression,334,4617,282,52,"{'n_estimators': 300, 'random_state': 42, 'n_jobs': -1}",0.0165,-0.0914,-2.036,4.2422,5.0107,0.9727,0.9679,0.9205,0.1251,0.1807
foldchange_NBD_activity_25C,georgiev,custom,0,ridge,regression,334,4617,282,52,{'alpha': 1.0},0.4878,0.4856,0.0242,2.4707,2.8407,0.8977,0.8826,0.7789,0.1649,0.3013
foldchange_NBD_activity_25C,georgiev,custom,0,xgboost,regression,334,4617,282,52,"{'n_estimators': 400, 'learning_rate': 0.05, 'max_depth': 6, 'random_state': 42}",-0.0156,-0.0393,-1.2441,3.5797,4.3079,0.9444,0.9384,0.8754,0.1358,0.2262
foldchange_NBD_activity_25C,onehot_esm2_LLR,custom,0,rf,regression,334,4861,282,52,"{'n_estimators': 300, 'random_state': 42, 'n_jobs': -1}",0.1452,0.2878,-1.8752,4.0631,4.8762,0.9728,0.9676,0.9246,0.1188,0.176
foldchange_NBD_activity_25C,onehot_esm2_LLR,custom,0,ridge,regression,334,4861,282,52,{'alpha': 1.0},0.5515,0.5799,-0.1624,2.6443,3.1005,0.8813,0.8651,0.7435,0.218,0.3245
foldchange_NBD_activity_25C,onehot_esm2_LLR,custom,0,xgboost,regression,334,4861,282,52,"{'n_estimators': 400, 'learning_rate': 0.05, 'max_depth': 6, 'random_state': 42}",0.3534,0.4092,-1.2058,3.5339,4.271,0.9762,0.9763,0.9449,0.1035,0.1505
foldchange_NBD_activity_25C,onehot_esmc_LLR,custom,0,rf,regression,334,4861,282,52,"{'n_estimators': 300, 'random_state': 42, 'n_jobs': -1}",0.3338,0.3977,-1.8037,4.0099,4.8152,0.9734,0.9695,0.9256,0.1183,0.1748
foldchange_NBD_activity_25C,onehot_esmc_LLR,custom,0,ridge,regression,334,4861,282,52,{'alpha': 1.0},0.5582,0.557,-0.2053,2.6956,3.1571,0.8819,0.865,0.7433,0.2183,0.3247
foldchange_NBD_activity_25C,onehot_esmc_LLR,custom,0,xgboost,regression,334,4861,282,52,"{'n_estimators': 400, 'learning_rate': 0.05, 'max_depth': 6, 'random_state': 42}",0.3601,0.3879,-1.4003,3.7157,4.4554,0.9792,0.9784,0.9504,0.0981,0.1428
foldchange_NBD_activity_25C,esm2_seq_embeddings,custom,0,rf,regression,334,1280,282,52,"{'n_estimators': 300, 'random_state': 42, 'n_jobs': -1}",0.4095,0.4539,-2.2848,4.4461,5.212,0.9785,0.9764,0.9275,0.1253,0.1726
foldchange_NBD_activity_25C,esm2_seq_embeddings,custom,0,ridge,regression,334,1280,282,52,{'alpha': 1.0},0.4748,0.4857,-2.8112,4.8928,5.6141,0.6326,0.6054,0.1988,0.4543,0.5736
foldchange_NBD_activity_25C,esm2_seq_embeddings,custom,0,xgboost,regression,334,1280,282,52,"{'n_estimators': 400, 'learning_rate': 0.05, 'max_depth': 6, 'random_state': 42}",0.1648,0.1838,-2.5229,4.6249,5.3976,1.0,1.0,1.0,0.0003,0.0005
foldchange_NBD_activity_25C,esmc_seq_embeddings,custom,0,rf,regression,334,1152,282,52,"{'n_estimators': 300, 'random_state': 42, 'n_jobs': -1}",0.5271,0.5363,-2.3944,4.5597,5.2982,0.9771,0.9761,0.9266,0.1262,0.1737
foldchange_NBD_activity_25C,esmc_seq_embeddings,custom,0,ridge,regression,334,1152,282,52,{'alpha': 1.0},0.3665,0.0674,-0.8475,2.9234,3.9088,0.9505,0.9442,0.8911,0.1175,0.2115
foldchange_NBD_activity_25C,esmc_seq_embeddings,custom,0,xgboost,regression,334,1152,282,52,"{'n_estimators': 400, 'learning_rate': 0.05, 'max_depth': 6, 'random_state': 42}",0.2786,0.2718,-2.3649,4.5171,5.2752,1.0,1.0,1.0,0.0003,0.0004
foldchange_NBD_activity_25C,esm2_seq_embeddings_LLR,custom,0,rf,regression,334,1281,282,52,"{'n_estimators': 300, 'random_state': 42, 'n_jobs': -1}",0.4466,0.484,-2.2978,4.4608,5.2223,0.9783,0.9765,0.928,0.125,0.172
foldchange_NBD_activity_25C,esm2_seq_embeddings_LLR,custom,0,ridge,regression,334,1281,282,52,{'alpha': 1.0},0.3427,0.4308,-1.8513,4.0552,4.8559,0.5747,0.573,0.3253,0.4098,0.5264
foldchange_NBD_activity_25C,esm2_seq_embeddings_LLR,custom,0,xgboost,regression,334,1281,282,52,"{'n_estimators': 400, 'learning_rate': 0.05, 'max_depth': 6, 'random_state': 42}",0.2132,0.2749,-2.4888,4.5954,5.3714,1.0,1.0,1.0,0.0003,0.0004
foldchange_NBD_activity_25C,esmc_seq_embeddings_LLR,custom,0,rf,regression,334,1153,282,52,"{'n_estimators': 300, 'random_state': 42, 'n_jobs': -1}",0.5158,0.5303,-2.3918,4.5583,5.2962,0.9777,0.9763,0.9275,0.1254,0.1726
foldchange_NBD_activity_25C,esmc_seq_embeddings_LLR,custom,0,ridge,regression,334,1153,282,52,{'alpha': 1.0},0.3699,0.0644,-0.8676,2.9343,3.9299,0.9505,0.9442,0.8911,0.1175,0.2115
foldchange_NBD_activity_25C,esmc_seq_embeddings_LLR,custom,0,xgboost,regression,334,1153,282,52,"{'n_estimators': 400, 'learning_rate': 0.05, 'max_depth': 6, 'random_state': 42}",0.3383,0.3052,-2.3316,4.4942,5.2489,1.0,1.0,1.0,0.0003,0.0005
foldchange_ABTS_activity_25C,onehot,random,0,rf,regression,282,4860,225,57,"{'n_estimators': 300, 'random_state': 42, 'n_jobs': -1}",0.7317,0.7369,0.4633,0.3516,0.4824,0.9658,0.97,0.9086,0.1781,0.3529
foldchange_ABTS_activity_25C,onehot,random,0,ridge,regression,282,4860,225,57,{'alpha': 1.0},0.7008,0.7527,0.3442,0.3752,0.5332,0.8243,0.8086,0.651,0.3718,0.6896
foldchange_ABTS_activity_25C,onehot,random,0,xgboost,regression,282,4860,225,57,"{'n_estimators': 400, 'learning_rate': 0.05, 'max_depth': 6, 'random_state': 42}",0.7894,0.7393,-0.162,0.3721,0.7098,0.9452,0.9844,0.966,0.1465,0.2152
foldchange_ABTS_activity_25C,onehot,random,1,rf,regression,282,4860,225,57,"{'n_estimators': 300, 'random_state': 42, 'n_jobs': -1}",0.7374,0.8185,0.6439,0.4027,0.5856,0.9687,0.9653,0.8959,0.1716,0.3571
foldchange_ABTS_activity_25C,onehot,random,1,ridge,regression,282,4860,225,57,{'alpha': 1.0},0.755,0.7952,0.6111,0.4264,0.612,0.835,0.7965,0.6304,0.3525,0.673
foldchange_ABTS_activity_25C,onehot,random,1,xgboost,regression,282,4860,225,57,"{'n_estimators': 400, 'learning_rate': 0.05, 'max_depth': 6, 'random_state': 42}",0.6747,0.7089,0.4628,0.47,0.7193,0.9482,0.9838,0.9654,0.1402,0.2059
foldchange_ABTS_activity_25C,onehot,random,2,rf,regression,282,4860,226,56,"{'n_estimators': 300, 'random_state': 42, 'n_jobs': -1}",0.7832,0.7314,0.3777,0.4919,1.2182,0.9672,0.9708,0.9169,0.16,0.2699
foldchange_ABTS_activity_25C,onehot,random,2,ridge,regression,282,4860,226,56,{'alpha': 1.0},0.6975,0.814,0.5038,0.5162,1.0879,0.8584,0.8224,0.6719,0.3093,0.5362
foldchange_ABTS_activity_25C,onehot,random,2,xgboost,regression,282,4860,226,56,"{'n_estimators': 400, 'learning_rate': 0.05, 'max_depth': 6, 'random_state': 42}",0.72,0.6466,0.3176,0.5103,1.2758,0.9473,0.9719,0.9389,0.1594,0.2314
foldchange_ABTS_activity_25C,onehot,random,3,rf,regression,282,4860,226,56,"{'n_estimators': 300, 'random_state': 42, 'n_jobs': -1}",0.6265,0.4455,0.1818,0.5226,1.1081,0.9741,0.97,0.9217,0.1558,0.293
foldchange_ABTS_activity_25C,onehot,random,3,ridge,regression,282,4860,226,56,{'alpha': 1.0},0.5438,0.4877,0.1904,0.5544,1.1022,0.8862,0.8587,0.7339,0.2954,0.5401
foldchange_ABTS_activity_25C,onehot,random,3,xgboost,regression,282,4860,226,56,"{'n_estimators': 400, 'learning_rate': 0.05, 'max_depth': 6, 'random_state': 42}",0.598,0.3466,0.0682,0.576,1.1825,0.9612,0.9824,0.9632,0.1427,0.2008
foldchange_ABTS_activity_25C,onehot,random,4,rf,regression,282,4860,226,56,"{'n_estimators': 300, 'random_state': 42, 'n_jobs': -1}",0.6987,0.6119,-0.1541,0.5203,0.803,0.9663,0.9689,0.9151,0.1673,0.3351
foldchange_ABTS_activity_25C,onehot,random,4,ridge,regression,282,4860,226,56,{'alpha': 1.0},0.6395,0.5876,-0.184,0.5631,0.8134,0.8569,0.8378,0.6978,0.3336,0.6321
foldchange_ABTS_activity_25C,onehot,random,4,xgboost,regression,282,4860,226,56,"{'n_estimators': 400, 'learning_rate': 0.05, 'max_depth': 6, 'random_state': 42}",0.6877,0.618,-0.0869,0.4715,0.7793,0.9503,0.9836,0.9651,0.1409,0.2147
foldchange_ABTS_activity_25C,georgiev,random,0,rf,regression,282,4617,225,57,"{'n_estimators': 300, 'random_state': 42, 'n_jobs': -1}",0.7252,0.738,0.4661,0.3509,0.4812,0.967,0.9701,0.9061,0.1802,0.3577
foldchange_ABTS_activity_25C,georgiev,random,0,ridge,regression,282,4617,225,57,{'alpha': 1.0},0.7194,0.7518,0.3088,0.3883,0.5475,0.8491,0.815,0.6643,0.3286,0.6764
foldchange_ABTS_activity_25C,georgiev,random,0,xgboost,regression,282,4617,225,57,"{'n_estimators': 400, 'learning_rate': 0.05, 'max_depth': 6, 'random_state': 42}",0.7778,0.743,-0.1578,0.3658,0.7085,0.9563,0.9866,0.9712,0.1263,0.1979
foldchange_ABTS_activity_25C,georgiev,random,1,rf,regression,282,4617,225,57,"{'n_estimators': 300, 'random_state': 42, 'n_jobs': -1}",0.7758,0.8284,0.6583,0.395,0.5737,0.9698,0.9661,0.8953,0.1748,0.3583
foldchange_ABTS_activity_25C,georgiev,random,1,ridge,regression,282,4617,225,57,{'alpha': 1.0},0.7204,0.7852,0.5582,0.4623,0.6523,0.8558,0.8036,0.6457,0.3093,0.6589
foldchange_ABTS_activity_25C,georgiev,random,1,xgboost,regression,282,4617,225,57,"{'n_estimators': 400, 'learning_rate': 0.05, 'max_depth': 6, 'random_state': 42}",0.7769,0.755,0.5319,0.4325,0.6714,0.9572,0.9868,0.9722,0.1186,0.1846
foldchange_ABTS_activity_25C,georgiev,random,2,rf,regression,282,4617,226,56,"{'n_estimators': 300, 'random_state': 42, 'n_jobs': -1}",0.7213,0.7312,0.3769,0.4962,1.219,0.9666,0.9704,0.9146,0.1632,0.2735
foldchange_ABTS_activity_25C,georgiev,random,2,ridge,regression,282,4617,226,56,{'alpha': 1.0},0.6646,0.8085,0.5265,0.5292,1.0626,0.8795,0.8322,0.6925,0.2576,0.5191
foldchange_ABTS_activity_25C,georgiev,random,2,xgboost,regression,282,4617,226,56,"{'n_estimators': 400, 'learning_rate': 0.05, 'max_depth': 6, 'random_state': 42}",0.7174,0.6578,0.3404,0.505,1.2542,0.9526,0.9744,0.946,0.1381,0.2175
foldchange_ABTS_activity_25C,georgiev,random,3,rf,regression,282,4617,226,56,"{'n_estimators': 300, 'random_state': 42, 'n_jobs': -1}",0.5602,0.4198,0.1533,0.5477,1.1272,0.9741,0.9703,0.9214,0.1545,0.2936
foldchange_ABTS_activity_25C,georgiev,random,3,ridge,regression,282,4617,226,56,{'alpha': 1.0},0.5651,0.4886,0.1789,0.5551,1.11,0.9082,0.8656,0.7492,0.2526,0.5243
foldchange_ABTS_activity_25C,georgiev,random,3,xgboost,regression,282,4617,226,56,"{'n_estimators': 400, 'learning_rate': 0.05, 'max_depth': 6, 'random_state': 42}",0.5794,0.3396,0.0352,0.6081,1.2032,0.9694,0.9843,0.9676,0.1249,0.1885
foldchange_ABTS_activity_25C,georgiev,random,4,rf,regression,282,4617,226,56,"{'n_estimators': 300, 'random_state': 42, 'n_jobs': -1}",0.6374,0.5819,-0.2515,0.5456,0.8362,0.9635,0.9674,0.9119,0.1739,0.3412
foldchange_ABTS_activity_25C,georgiev,random,4,ridge,regression,282,4617,226,56,{'alpha': 1.0},0.6283,0.5587,-0.5691,0.6339,0.9363,0.8821,0.8468,0.717,0.2874,0.6117
foldchange_ABTS_activity_25C,georgiev,random,4,xgboost,regression,282,4617,226,56,"{'n_estimators': 400, 'learning_rate': 0.05, 'max_depth': 6, 'random_state': 42}",0.7671,0.647,-0.0117,0.4394,0.7518,0.9544,0.985,0.9686,0.1243,0.2037
foldchange_ABTS_activity_25C,onehot_esm2_LLR,random,0,rf,regression,282,4861,225,57,"{'n_estimators': 300, 'random_state': 42, 'n_jobs': -1}",0.6955,0.7845,0.6139,0.3189,0.4092,0.9655,0.9754,0.9144,0.1805,0.3416
foldchange_ABTS_activity_25C,onehot_esm2_LLR,random,0,ridge,regression,282,4861,225,57,{'alpha': 1.0},0.7359,0.798,0.4519,0.363,0.4875,0.8235,0.8083,0.6517,0.3721,0.6889
foldchange_ABTS_activity_25C,onehot_esm2_LLR,random,0,xgboost,regression,282,4861,225,57,"{'n_estimators': 400, 'learning_rate': 0.05, 'max_depth': 6, 'random_state': 42}",0.7213,0.7984,0.6271,0.2893,0.4021,0.9802,0.994,0.9863,0.0994,0.1365
foldchange_ABTS_activity_25C,onehot_esm2_LLR,random,1,rf,regression,282,4861,225,57,"{'n_estimators': 300, 'random_state': 42, 'n_jobs': -1}",0.6836,0.8088,0.6518,0.4122,0.5791,0.9596,0.9721,0.9015,0.174,0.3473
foldchange_ABTS_activity_25C,onehot_esm2_LLR,random,1,ridge,regression,282,4861,225,57,{'alpha': 1.0},0.6731,0.7875,0.5883,0.4506,0.6297,0.8305,0.7964,0.6321,0.3538,0.6715
foldchange_ABTS_activity_25C,onehot_esm2_LLR,random,1,xgboost,regression,282,4861,225,57,"{'n_estimators': 400, 'learning_rate': 0.05, 'max_depth': 6, 'random_state': 42}",0.6415,0.7173,0.5054,0.461,0.6902,0.977,0.9933,0.9855,0.0935,0.1335
foldchange_ABTS_activity_25C,onehot_esm2_LLR,random,2,rf,regression,282,4861,226,56,"{'n_estimators': 300, 'random_state': 42, 'n_jobs': -1}",0.8301,0.8131,0.4554,0.4742,1.1396,0.9696,0.973,0.919,0.1574,0.2664
foldchange_ABTS_activity_25C,onehot_esm2_LLR,random,2,ridge,regression,282,4861,226,56,{'alpha': 1.0},0.7213,0.8135,0.5125,0.4997,1.0783,0.855,0.8224,0.6738,0.3063,0.5347
foldchange_ABTS_activity_25C,onehot_esm2_LLR,random,2,xgboost,regression,282,4861,226,56,"{'n_estimators': 400, 'learning_rate': 0.05, 'max_depth': 6, 'random_state': 42}",0.7448,0.7247,0.4024,0.5126,1.1938,0.9746,0.989,0.9752,0.1044,0.1475
foldchange_ABTS_activity_25C,onehot_esm2_LLR,random,3,rf,regression,282,4861,226,56,"{'n_estimators': 300, 'random_state': 42, 'n_jobs': -1}",0.6756,0.4841,0.2148,0.5316,1.0855,0.9742,0.9806,0.9376,0.1449,0.2616
foldchange_ABTS_activity_25C,onehot_esm2_LLR,random,3,ridge,regression,282,4861,226,56,{'alpha': 1.0},0.6004,0.507,0.2048,0.5522,1.0924,0.8863,0.8583,0.7346,0.2976,0.5394
foldchange_ABTS_activity_25C,onehot_esm2_LLR,random,3,xgboost,regression,282,4861,226,56,"{'n_estimators': 400, 'learning_rate': 0.05, 'max_depth': 6, 'random_state': 42}",0.6335,0.5057,0.2405,0.5289,1.0676,0.9803,0.9922,0.9832,0.0964,0.1356
foldchange_ABTS_activity_25C,onehot_esm2_LLR,random,4,rf,regression,282,4861,226,56,"{'n_estimators': 300, 'random_state': 42, 'n_jobs': -1}",0.7474,0.6698,0.3094,0.46,0.6212,0.9664,0.9769,0.9169,0.1722,0.3315
foldchange_ABTS_activity_25C,onehot_esm2_LLR,random,4,ridge,regression,282,4861,226,56,{'alpha': 1.0},0.6747,0.6136,-0.1602,0.5521,0.8051,0.8549,0.8371,0.6981,0.3375,0.6317
foldchange_ABTS_activity_25C,onehot_esm2_LLR,random,4,xgboost,regression,282,4861,226,56,"{'n_estimators': 400, 'learning_rate': 0.05, 'max_depth': 6, 'random_state': 42}",0.7585,0.6766,0.3239,0.4293,0.6146,0.9758,0.9928,0.9841,0.1033,0.1451
foldchange_ABTS_activity_25C,onehot_esmc_LLR,random,0,rf,regression,282,4861,225,57,"{'n_estimators': 300, 'random_state': 42, 'n_jobs': -1}",0.7644,0.8283,0.591,0.3015,0.4211,0.9694,0.9737,0.9167,0.1701,0.3369
foldchange_ABTS_activity_25C,onehot_esmc_LLR,random,0,ridge,regression,282,4861,225,57,{'alpha': 1.0},0.7508,0.8073,0.4724,0.3541,0.4783,0.8238,0.8083,0.6517,0.3727,0.689
foldchange_ABTS_activity_25C,onehot_esmc_LLR,random,0,xgboost,regression,282,4861,225,57,"{'n_estimators': 400, 'learning_rate': 0.05, 'max_depth': 6, 'random_state': 42}",0.7415,0.7483,0.2657,0.3493,0.5643,0.9811,0.9947,0.9878,0.0971,0.1287
foldchange_ABTS_activity_25C,onehot_esmc_LLR,random,1,rf,regression,282,4861,225,57,"{'n_estimators': 300, 'random_state': 42, 'n_jobs': -1}",0.6688,0.8207,0.656,0.4481,0.5755,0.9684,0.9688,0.9071,0.1601,0.3374
foldchange_ABTS_activity_25C,onehot_esmc_LLR,random,1,ridge,regression,282,4861,225,57,{'alpha': 1.0},0.7101,0.789,0.5919,0.4441,0.6269,0.8331,0.7967,0.6325,0.353,0.6711
foldchange_ABTS_activity_25C,onehot_esmc_LLR,random,1,xgboost,regression,282,4861,225,57,"{'n_estimators': 400, 'learning_rate': 0.05, 'max_depth': 6, 'random_state': 42}",0.6727,0.6964,0.2447,0.5173,0.8529,0.9791,0.994,0.9869,0.0902,0.1266
foldchange_ABTS_activity_25C,onehot_esmc_LLR,random,2,rf,regression,282,4861,226,56,"{'n_estimators': 300, 'random_state': 42, 'n_jobs': -1}",0.8165,0.8014,0.4368,0.4716,1.1589,0.9675,0.9745,0.9232,0.1545,0.2594
foldchange_ABTS_activity_25C,onehot_esmc_LLR,random,2,ridge,regression,282,4861,226,56,{'alpha': 1.0},0.7162,0.8067,0.5081,0.5144,1.0831,0.8565,0.8225,0.6742,0.3055,0.5344
foldchange_ABTS_activity_25C,onehot_esmc_LLR,random,2,xgboost,regression,282,4861,226,56,"{'n_estimators': 400, 'learning_rate': 0.05, 'max_depth': 6, 'random_state': 42}",0.8314,0.7816,0.4423,0.4634,1.1533,0.9811,0.9907,0.9793,0.0984,0.1346
foldchange_ABTS_activity_25C,onehot_esmc_LLR,random,3,rf,regression,282,4861,226,56,"{'n_estimators': 300, 'random_state': 42, 'n_jobs': -1}",0.6974,0.5177,0.2412,0.4986,1.0671,0.9731,0.9789,0.9361,0.1444,0.2646
foldchange_ABTS_activity_25C,onehot_esmc_LLR,random,3,ridge,regression,282,4861,226,56,{'alpha': 1.0},0.6102,0.5068,0.2019,0.5566,1.0944,0.8873,0.8586,0.7352,0.2956,0.5388
foldchange_ABTS_activity_25C,onehot_esmc_LLR,random,3,xgboost,regression,282,4861,226,56,"{'n_estimators': 400, 'learning_rate': 0.05, 'max_depth': 6, 'random_state': 42}",0.6929,0.5235,0.2483,0.4987,1.0621,0.9829,0.9938,0.9869,0.0891,0.12
foldchange_ABTS_activity_25C,onehot_esmc_LLR,random,4,rf,regression,282,4861,226,56,"{'n_estimators': 300, 'random_state': 42, 'n_jobs': -1}",0.7627,0.6578,0.0801,0.4706,0.7169,0.9679,0.9719,0.918,0.1741,0.3293
foldchange_ABTS_activity_25C,onehot_esmc_LLR,random,4,ridge,regression,282,4861,226,56,{'alpha': 1.0},0.6979,0.6156,-0.1506,0.5488,0.8018,0.857,0.8373,0.6984,0.3359,0.6314
foldchange_ABTS_activity_25C,onehot_esmc_LLR,random,4,xgboost,regression,282,4861,226,56,"{'n_estimators': 400, 'learning_rate': 0.05, 'max_depth': 6, 'random_state': 42}",0.744,0.6206,-0.118,0.5053,0.7903,0.9827,0.9949,0.9887,0.0929,0.1222
foldchange_ABTS_activity_25C,esm2_seq_embeddings,random,0,rf,regression,282,1280,225,57,"{'n_estimators': 300, 'random_state': 42, 'n_jobs': -1}",0.6491,0.6645,0.1315,0.3999,0.6137,0.9642,0.9736,0.9053,0.2049,0.3593
foldchange_ABTS_activity_25C,esm2_seq_embeddings,random,0,ridge,regression,282,1280,225,57,{'alpha': 1.0},0.5267,0.5835,0.1333,0.4874,0.613,0.5097,0.5816,0.1122,0.6493,1.0999
foldchange_ABTS_activity_25C,esm2_seq_embeddings,random,0,xgboost,regression,282,1280,225,57,"{'n_estimators': 400, 'learning_rate': 0.05, 'max_depth': 6, 'random_state': 42}",0.6039,0.654,-0.1033,0.4215,0.6917,1.0,1.0,1.0,0.0003,0.0004
foldchange_ABTS_activity_25C,esm2_seq_embeddings,random,1,rf,regression,282,1280,225,57,"{'n_estimators': 300, 'random_state': 42, 'n_jobs': -1}",0.5383,0.6659,0.4356,0.5501,0.7373,0.9673,0.9688,0.8998,0.186,0.3504
foldchange_ABTS_activity_25C,esm2_seq_embeddings,random,1,ridge,regression,282,1280,225,57,{'alpha': 1.0},0.3785,0.6044,0.0742,0.6226,0.9442,0.5224,0.5521,0.1111,0.5955,1.0436
foldchange_ABTS_activity_25C,esm2_seq_embeddings,random,1,xgboost,regression,282,1280,225,57,"{'n_estimators': 400, 'learning_rate': 0.05, 'max_depth': 6, 'random_state': 42}",0.5324,0.6076,0.3277,0.5605,0.8046,1.0,1.0,1.0,0.0003,0.0004
foldchange_ABTS_activity_25C,esm2_seq_embeddings,random,2,rf,regression,282,1280,226,56,"{'n_estimators': 300, 'random_state': 42, 'n_jobs': -1}",0.6131,0.7748,0.3593,0.557,1.2361,0.9694,0.9758,0.9115,0.1777,0.2785
foldchange_ABTS_activity_25C,esm2_seq_embeddings,random,2,ridge,regression,282,1280,226,56,{'alpha': 1.0},0.4773,0.641,0.0711,0.7147,1.4884,0.5522,0.5589,0.1023,0.587,0.887
foldchange_ABTS_activity_25C,esm2_seq_embeddings,random,2,xgboost,regression,282,1280,226,56,"{'n_estimators': 400, 'learning_rate': 0.05, 'max_depth': 6, 'random_state': 42}",0.6812,0.7824,0.4118,0.5348,1.1844,1.0,1.0,1.0,0.0003,0.0004
foldchange_ABTS_activity_25C,esm2_seq_embeddings,random,3,rf,regression,282,1280,226,56,"{'n_estimators': 300, 'random_state': 42, 'n_jobs': -1}",0.5751,0.4736,0.1999,0.5756,1.0957,0.9692,0.9804,0.9141,0.1791,0.3068
foldchange_ABTS_activity_25C,esm2_seq_embeddings,random,3,ridge,regression,282,1280,226,56,{'alpha': 1.0},0.4533,0.4598,0.0765,0.6822,1.1772,0.5291,0.5806,0.1146,0.5893,0.9852
foldchange_ABTS_activity_25C,esm2_seq_embeddings,random,3,xgboost,regression,282,1280,226,56,"{'n_estimators': 400, 'learning_rate': 0.05, 'max_depth': 6, 'random_state': 42}",0.6059,0.3774,-0.1664,0.6708,1.323,1.0,1.0,1.0,0.0003,0.0004
foldchange_ABTS_activity_25C,esm2_seq_embeddings,random,4,rf,regression,282,1280,226,56,"{'n_estimators': 300, 'random_state': 42, 'n_jobs': -1}",0.6809,0.618,0.0684,0.5094,0.7215,0.9468,0.9706,0.907,0.1945,0.3507
foldchange_ABTS_activity_25C,esm2_seq_embeddings,random,4,ridge,regression,282,1280,226,56,{'alpha': 1.0},0.5625,0.5722,0.1026,0.5683,0.7081,0.4701,0.5781,0.1068,0.6328,1.0867
foldchange_ABTS_activity_25C,esm2_seq_embeddings,random,4,xgboost,regression,282,1280,226,56,"{'n_estimators': 400, 'learning_rate': 0.05, 'max_depth': 6, 'random_state': 42}",0.7307,0.669,0.1538,0.4628,0.6876,1.0,1.0,1.0,0.0003,0.0004
foldchange_ABTS_activity_25C,esmc_seq_embeddings,random,0,rf,regression,282,1152,225,57,"{'n_estimators': 300, 'random_state': 42, 'n_jobs': -1}",0.6947,0.7077,0.0675,0.4063,0.6359,0.9622,0.9722,0.9081,0.197,0.3539
foldchange_ABTS_activity_25C,esmc_seq_embeddings,random,0,ridge,regression,282,1152,225,57,{'alpha': 1.0},0.5358,0.3054,-7.8673,1.0443,1.9609,0.9528,0.9718,0.943,0.1568,0.2787
foldchange_ABTS_activity_25C,esmc_seq_embeddings,random,0,xgboost,regression,282,1152,225,57,"{'n_estimators': 400, 'learning_rate': 0.05, 'max_depth': 6, 'random_state': 42}",0.6904,0.5684,-0.9235,0.4782,0.9133,1.0,1.0,1.0,0.0003,0.0004
foldchange_ABTS_activity_25C,esmc_seq_embeddings,random,1,rf,regression,282,1152,225,57,"{'n_estimators': 300, 'random_state': 42, 'n_jobs': -1}",0.479,0.685,0.4613,0.5239,0.7202,0.9501,0.9649,0.8953,0.1858,0.3582
foldchange_ABTS_activity_25C,esmc_seq_embeddings,random,1,ridge,regression,282,1152,225,57,{'alpha': 1.0},0.2506,0.2937,-2.7666,1.1902,1.9045,0.9615,0.974,0.9469,0.1443,0.255
foldchange_ABTS_activity_25C,esmc_seq_embeddings,random,1,xgboost,regression,282,1152,225,57,"{'n_estimators': 400, 'learning_rate': 0.05, 'max_depth': 6, 'random_state': 42}",0.4774,0.7101,0.4932,0.4822,0.6986,1.0,1.0,1.0,0.0003,0.0004
foldchange_ABTS_activity_25C,esmc_seq_embeddings,random,2,rf,regression,282,1152,226,56,"{'n_estimators': 300, 'random_state': 42, 'n_jobs': -1}",0.7034,0.8093,0.4194,0.4911,1.1767,0.9645,0.9727,0.9096,0.1744,0.2815
foldchange_ABTS_activity_25C,esmc_seq_embeddings,random,2,ridge,regression,282,1152,226,56,{'alpha': 1.0},0.4687,0.3445,-2.1514,1.4577,2.7415,0.9642,0.9695,0.9387,0.1358,0.2318
foldchange_ABTS_activity_25C,esmc_seq_embeddings,random,2,xgboost,regression,282,1152,226,56,"{'n_estimators': 400, 'learning_rate': 0.05, 'max_depth': 6, 'random_state': 42}",0.7015,0.8023,0.5347,0.4891,1.0535,1.0,1.0,1.0,0.0003,0.0004
foldchange_ABTS_activity_25C,esmc_seq_embeddings,random,3,rf,regression,282,1152,226,56,"{'n_estimators': 300, 'random_state': 42, 'n_jobs': -1}",0.6028,0.4948,0.2426,0.5485,1.0661,0.9508,0.9692,0.9081,0.1809,0.3175
foldchange_ABTS_activity_25C,esmc_seq_embeddings,random,3,ridge,regression,282,1152,226,56,{'alpha': 1.0},0.2427,0.0699,-2.164,1.1849,2.179,0.9719,0.9711,0.9423,0.1336,0.2514
foldchange_ABTS_activity_25C,esmc_seq_embeddings,random,3,xgboost,regression,282,1152,226,56,"{'n_estimators': 400, 'learning_rate': 0.05, 'max_depth': 6, 'random_state': 42}",0.5309,0.4081,0.1372,0.5783,1.1379,1.0,1.0,1.0,0.0003,0.0004
foldchange_ABTS_activity_25C,esmc_seq_embeddings,random,4,rf,regression,282,1152,226,56,"{'n_estimators': 300, 'random_state': 42, 'n_jobs': -1}",0.6189,0.4877,-0.3407,0.5762,0.8655,0.9681,0.9753,0.9167,0.1819,0.3319
foldchange_ABTS_activity_25C,esmc_seq_embeddings,random,4,ridge,regression,282,1152,226,56,{'alpha': 1.0},0.6098,0.5456,-1.6996,0.7765,1.2281,0.9644,0.9768,0.9533,0.1379,0.2485
foldchange_ABTS_activity_25C,esmc_seq_embeddings,random,4,xgboost,regression,282,1152,226,56,"{'n_estimators': 400, 'learning_rate': 0.05, 'max_depth': 6, 'random_state': 42}",0.6062,0.3702,-2.0987,0.6185,1.3158,1.0,1.0,1.0,0.0003,0.0004
foldchange_ABTS_activity_25C,esm2_seq_embeddings_LLR,random,0,rf,regression,282,1281,225,57,"{'n_estimators': 300, 'random_state': 42, 'n_jobs': -1}",0.6319,0.6683,0.1534,0.3958,0.6059,0.963,0.9731,0.903,0.2075,0.3636
foldchange_ABTS_activity_25C,esm2_seq_embeddings_LLR,random,0,ridge,regression,282,1281,225,57,{'alpha': 1.0},0.5205,0.5599,0.0548,0.5263,0.6402,0.5117,0.5363,0.2853,0.6059,0.9869
foldchange_ABTS_activity_25C,esm2_seq_embeddings_LLR,random,0,xgboost,regression,282,1281,225,57,"{'n_estimators': 400, 'learning_rate': 0.05, 'max_depth': 6, 'random_state': 42}",0.5964,0.6505,-0.0842,0.4231,0.6857,1.0,1.0,1.0,0.0003,0.0004
foldchange_ABTS_activity_25C,esm2_seq_embeddings_LLR,random,1,rf,regression,282,1281,225,57,"{'n_estimators': 300, 'random_state': 42, 'n_jobs': -1}",0.5456,0.6809,0.4501,0.5463,0.7277,0.967,0.9675,0.897,0.1868,0.3552
foldchange_ABTS_activity_25C,esm2_seq_embeddings_LLR,random,1,ridge,regression,282,1281,225,57,{'alpha': 1.0},0.3555,0.5668,0.2986,0.6135,0.8218,0.5429,0.5235,0.2701,0.5439,0.9457
foldchange_ABTS_activity_25C,esm2_seq_embeddings_LLR,random,1,xgboost,regression,282,1281,225,57,"{'n_estimators': 400, 'learning_rate': 0.05, 'max_depth': 6, 'random_state': 42}",0.5707,0.6131,0.3315,0.5533,0.8024,1.0,1.0,1.0,0.0003,0.0004
foldchange_ABTS_activity_25C,esm2_seq_embeddings_LLR,random,2,rf,regression,282,1281,226,56,"{'n_estimators': 300, 'random_state': 42, 'n_jobs': -1}",0.6163,0.776,0.3656,0.5507,1.23,0.969,0.9758,0.9127,0.1761,0.2767
foldchange_ABTS_activity_25C,esm2_seq_embeddings_LLR,random,2,ridge,regression,282,1281,226,56,{'alpha': 1.0},0.5928,0.5779,0.247,0.6259,1.3401,0.4933,0.5228,0.2705,0.5373,0.7996
foldchange_ABTS_activity_25C,esm2_seq_embeddings_LLR,random,2,xgboost,regression,282,1281,226,56,"{'n_estimators': 400, 'learning_rate': 0.05, 'max_depth': 6, 'random_state': 42}",0.6824,0.7823,0.4116,0.5349,1.1846,1.0,1.0,1.0,0.0003,0.0005
foldchange_ABTS_activity_25C,esm2_seq_embeddings_LLR,random,3,rf,regression,282,1281,226,56,"{'n_estimators': 300, 'random_state': 42, 'n_jobs': -1}",0.5968,0.4762,0.2036,0.5695,1.0932,0.9704,0.9811,0.9155,0.1766,0.3043
foldchange_ABTS_activity_25C,esm2_seq_embeddings_LLR,random,3,ridge,regression,282,1281,226,56,{'alpha': 1.0},0.3781,0.445,0.1841,0.6568,1.1065,0.5402,0.5527,0.3025,0.5406,0.8744
foldchange_ABTS_activity_25C,esm2_seq_embeddings_LLR,random,3,xgboost,regression,282,1281,226,56,"{'n_estimators': 400, 'learning_rate': 0.05, 'max_depth': 6, 'random_state': 42}",0.6208,0.4018,-0.0544,0.6479,1.2579,1.0,1.0,1.0,0.0003,0.0004
foldchange_ABTS_activity_25C,esm2_seq_embeddings_LLR,random,4,rf,regression,282,1281,226,56,"{'n_estimators': 300, 'random_state': 42, 'n_jobs': -1}",0.6703,0.619,0.0695,0.5092,0.721,0.9472,0.9699,0.9063,0.1965,0.3519
foldchange_ABTS_activity_25C,esm2_seq_embeddings_LLR,random,4,ridge,regression,282,1281,226,56,{'alpha': 1.0},0.6275,0.644,0.3897,0.4371,0.5839,0.4739,0.523,0.2683,0.6012,0.9835
foldchange_ABTS_activity_25C,esm2_seq_embeddings_LLR,random,4,xgboost,regression,282,1281,226,56,"{'n_estimators': 400, 'learning_rate': 0.05, 'max_depth': 6, 'random_state': 42}",0.7307,0.6693,0.1561,0.4617,0.6867,1.0,1.0,1.0,0.0003,0.0004
foldchange_ABTS_activity_25C,esmc_seq_embeddings_LLR,random,0,rf,regression,282,1153,225,57,"{'n_estimators': 300, 'random_state': 42, 'n_jobs': -1}",0.7098,0.7156,0.0681,0.4032,0.6357,0.9615,0.9706,0.9077,0.2,0.3547
foldchange_ABTS_activity_25C,esmc_seq_embeddings_LLR,random,0,ridge,regression,282,1153,225,57,{'alpha': 1.0},0.5305,0.3071,-7.966,1.0413,1.9718,0.9527,0.9718,0.943,0.157,0.2787
foldchange_ABTS_activity_25C,esmc_seq_embeddings_LLR,random,0,xgboost,regression,282,1153,225,57,"{'n_estimators': 400, 'learning_rate': 0.05, 'max_depth': 6, 'random_state': 42}",0.6712,0.6795,-0.4418,0.4559,0.7907,1.0,1.0,1.0,0.0003,0.0004
foldchange_ABTS_activity_25C,esmc_seq_embeddings_LLR,random,1,rf,regression,282,1153,225,57,"{'n_estimators': 300, 'random_state': 42, 'n_jobs': -1}",0.4896,0.6907,0.4687,0.5198,0.7153,0.9501,0.9652,0.8943,0.1866,0.3598
foldchange_ABTS_activity_25C,esmc_seq_embeddings_LLR,random,1,ridge,regression,282,1153,225,57,{'alpha': 1.0},0.2484,0.2956,-2.8,1.1938,1.913,0.9612,0.9741,0.947,0.1443,0.2549
foldchange_ABTS_activity_25C,esmc_seq_embeddings_LLR,random,1,xgboost,regression,282,1153,225,57,"{'n_estimators': 400, 'learning_rate': 0.05, 'max_depth': 6, 'random_state': 42}",0.49,0.7141,0.4974,0.4821,0.6957,1.0,1.0,1.0,0.0003,0.0004
foldchange_ABTS_activity_25C,esmc_seq_embeddings_LLR,random,2,rf,regression,282,1153,226,56,"{'n_estimators': 300, 'random_state': 42, 'n_jobs': -1}",0.7139,0.813,0.4226,0.4917,1.1734,0.9642,0.9722,0.9094,0.1742,0.2818
foldchange_ABTS_activity_25C,esmc_seq_embeddings_LLR,random,2,ridge,regression,282,1153,226,56,{'alpha': 1.0},0.4739,0.344,-2.1882,1.4653,2.7575,0.9643,0.9695,0.9387,0.1358,0.2317
foldchange_ABTS_activity_25C,esmc_seq_embeddings_LLR,random,2,xgboost,regression,282,1153,226,56,"{'n_estimators': 400, 'learning_rate': 0.05, 'max_depth': 6, 'random_state': 42}",0.6991,0.8071,0.5389,0.4883,1.0487,1.0,1.0,1.0,0.0003,0.0004
foldchange_ABTS_activity_25C,esmc_seq_embeddings_LLR,random,3,rf,regression,282,1153,226,56,"{'n_estimators': 300, 'random_state': 42, 'n_jobs': -1}",0.6216,0.501,0.2483,0.5422,1.0621,0.9523,0.9686,0.9078,0.1826,0.3179
foldchange_ABTS_activity_25C,esmc_seq_embeddings_LLR,random,3,ridge,regression,282,1153,226,56,{'alpha': 1.0},0.248,0.0767,-2.1123,1.1901,2.1611,0.9719,0.9711,0.9423,0.1336,0.2514
foldchange_ABTS_activity_25C,esmc_seq_embeddings_LLR,random,3,xgboost,regression,282,1153,226,56,"{'n_estimators': 400, 'learning_rate': 0.05, 'max_depth': 6, 'random_state': 42}",0.5422,0.4113,0.1407,0.5822,1.1356,1.0,1.0,1.0,0.0003,0.0004
foldchange_ABTS_activity_25C,esmc_seq_embeddings_LLR,random,4,rf,regression,282,1153,226,56,"{'n_estimators': 300, 'random_state': 42, 'n_jobs': -1}",0.6148,0.4864,-0.3715,0.5795,0.8754,0.9687,0.9748,0.9152,0.1822,0.3348
foldchange_ABTS_activity_25C,esmc_seq_embeddings_LLR,random,4,ridge,regression,282,1153,226,56,{'alpha': 1.0},0.645,0.56,-1.5811,0.7628,1.2009,0.9641,0.9768,0.9534,0.1378,0.2481
foldchange_ABTS_activity_25C,esmc_seq_embeddings_LLR,random,4,xgboost,regression,282,1153,226,56,"{'n_estimators': 400, 'learning_rate': 0.05, 'max_depth': 6, 'random_state': 42}",0.6519,0.3827,-2.0448,0.5991,1.3043,1.0,1.0,1.0,0.0003,0.0004
foldchange_ABTS_activity_25C,onehot,custom,0,rf,regression,334,4860,282,52,"{'n_estimators': 300, 'random_state': 42, 'n_jobs': -1}",0.4573,0.4537,0.1928,0.6133,0.8258,0.9688,0.9701,0.9131,0.1605,0.3198
foldchange_ABTS_activity_25C,onehot,custom,0,ridge,regression,334,4860,282,52,{'alpha': 1.0},0.4971,0.4622,0.0579,0.7319,0.8921,0.8525,0.8104,0.654,0.3325,0.6382
foldchange_ABTS_activity_25C,onehot,custom,0,xgboost,regression,334,4860,282,52,"{'n_estimators': 400, 'learning_rate': 0.05, 'max_depth': 6, 'random_state': 42}",0.5238,0.4769,0.1415,0.6998,0.8517,0.9434,0.9782,0.9531,0.1595,0.235
foldchange_ABTS_activity_25C,georgiev,custom,0,rf,regression,334,4617,282,52,"{'n_estimators': 300, 'random_state': 42, 'n_jobs': -1}",0.4742,0.4648,0.2072,0.6095,0.8184,0.9677,0.9695,0.9104,0.1649,0.3247
foldchange_ABTS_activity_25C,georgiev,custom,0,ridge,regression,334,4617,282,52,{'alpha': 1.0},0.3932,0.3594,-0.4691,0.869,1.1141,0.8743,0.8177,0.6686,0.2895,0.6246
foldchange_ABTS_activity_25C,georgiev,custom,0,xgboost,regression,334,4617,282,52,"{'n_estimators': 400, 'learning_rate': 0.05, 'max_depth': 6, 'random_state': 42}",0.5162,0.4575,0.143,0.6906,0.8509,0.9488,0.9804,0.9583,0.1421,0.2215
foldchange_ABTS_activity_25C,onehot_esm2_LLR,custom,0,rf,regression,334,4861,282,52,"{'n_estimators': 300, 'random_state': 42, 'n_jobs': -1}",0.4089,0.4386,-12.2464,3.0781,3.3453,0.9695,0.9765,0.9197,0.1595,0.3074
foldchange_ABTS_activity_25C,onehot_esm2_LLR,custom,0,ridge,regression,334,4861,282,52,{'alpha': 1.0},0.5106,0.5004,0.0016,0.7436,0.9184,0.8495,0.8103,0.6549,0.3328,0.6373
foldchange_ABTS_activity_25C,onehot_esm2_LLR,custom,0,xgboost,regression,334,4861,282,52,"{'n_estimators': 400, 'learning_rate': 0.05, 'max_depth': 6, 'random_state': 42}",0.2573,0.3162,-9.021,2.5468,2.9097,0.9676,0.9887,0.9753,0.1194,0.1705
foldchange_ABTS_activity_25C,onehot_esmc_LLR,custom,0,rf,regression,334,4861,282,52,"{'n_estimators': 300, 'random_state': 42, 'n_jobs': -1}",0.7518,0.6859,0.2173,0.6648,0.8132,0.9711,0.9745,0.9207,0.153,0.3054
foldchange_ABTS_activity_25C,onehot_esmc_LLR,custom,0,ridge,regression,334,4861,282,52,{'alpha': 1.0},0.5221,0.4863,0.0271,0.73,0.9066,0.8513,0.8104,0.6552,0.3322,0.6371
foldchange_ABTS_activity_25C,onehot_esmc_LLR,custom,0,xgboost,regression,334,4861,282,52,"{'n_estimators': 400, 'learning_rate': 0.05, 'max_depth': 6, 'random_state': 42}",0.701,0.6388,0.2739,0.613,0.7832,0.9719,0.9903,0.9787,0.1128,0.1582
foldchange_ABTS_activity_25C,esm2_seq_embeddings,custom,0,rf,regression,334,1280,282,52,"{'n_estimators': 300, 'random_state': 42, 'n_jobs': -1}",0.5605,0.5471,0.2696,0.6239,0.7856,0.9644,0.9725,0.9073,0.1841,0.3303
foldchange_ABTS_activity_25C,esm2_seq_embeddings,custom,0,ridge,regression,334,1280,282,52,{'alpha': 1.0},0.5802,0.5572,0.0094,0.6392,0.9148,0.5169,0.5699,0.1259,0.6028,1.0144
foldchange_ABTS_activity_25C,esm2_seq_embeddings,custom,0,xgboost,regression,334,1280,282,52,"{'n_estimators': 400, 'learning_rate': 0.05, 'max_depth': 6, 'random_state': 42}",0.4828,0.3736,-0.3978,0.7797,1.0867,1.0,1.0,1.0,0.0003,0.0004
foldchange_ABTS_activity_25C,esmc_seq_embeddings,custom,0,rf,regression,334,1152,282,52,"{'n_estimators': 300, 'random_state': 42, 'n_jobs': -1}",0.6136,0.5977,-0.1832,0.7326,0.9998,0.9532,0.9655,0.9039,0.1866,0.3364
foldchange_ABTS_activity_25C,esmc_seq_embeddings,custom,0,ridge,regression,334,1152,282,52,{'alpha': 1.0},0.3955,0.3343,-4.7034,1.5283,2.1951,0.9566,0.9669,0.9335,0.158,0.2797
foldchange_ABTS_activity_25C,esmc_seq_embeddings,custom,0,xgboost,regression,334,1152,282,52,"{'n_estimators': 400, 'learning_rate': 0.05, 'max_depth': 6, 'random_state': 42}",0.5629,0.4891,-2.2768,1.1538,1.6638,1.0,1.0,1.0,0.0003,0.0005
foldchange_ABTS_activity_25C,esm2_seq_embeddings_LLR,custom,0,rf,regression,334,1281,282,52,"{'n_estimators': 300, 'random_state': 42, 'n_jobs': -1}",0.5942,0.5878,0.2465,0.6509,0.7978,0.9608,0.9704,0.9047,0.188,0.3349
foldchange_ABTS_activity_25C,esm2_seq_embeddings_LLR,custom,0,ridge,regression,334,1281,282,52,{'alpha': 1.0},0.4465,0.4722,-1.2153,1.1996,1.3681,0.5188,0.5383,0.2857,0.5613,0.917
foldchange_ABTS_activity_25C,esm2_seq_embeddings_LLR,custom,0,xgboost,regression,334,1281,282,52,"{'n_estimators': 400, 'learning_rate': 0.05, 'max_depth': 6, 'random_state': 42}",0.467,0.3614,-0.4395,0.7967,1.1028,1.0,1.0,1.0,0.0003,0.0004
foldchange_ABTS_activity_25C,esmc_seq_embeddings_LLR,custom,0,rf,regression,334,1153,282,52,"{'n_estimators': 300, 'random_state': 42, 'n_jobs': -1}",0.5934,0.5788,-0.2738,0.7545,1.0374,0.9544,0.9652,0.9037,0.1856,0.3367
foldchange_ABTS_activity_25C,esmc_seq_embeddings_LLR,custom,0,ridge,regression,334,1153,282,52,{'alpha': 1.0},0.3959,0.3438,-4.6733,1.5222,2.1893,0.9567,0.9669,0.9336,0.1577,0.2795
foldchange_ABTS_activity_25C,esmc_seq_embeddings_LLR,custom,0,xgboost,regression,334,1153,282,52,"{'n_estimators': 400, 'learning_rate': 0.05, 'max_depth': 6, 'random_state': 42}",0.5644,0.499,-2.3899,1.1855,1.6923,1.0,1.0,1.0,0.0003,0.0005
foldchange_NBD_activity_25C,onehot,random,0,rf,regression,282,4860,225,57,"{'n_estimators': 300, 'random_state': 42, 'n_jobs': -1}",0.6745,0.6405,0.3608,0.3515,0.511,0.9706,0.9658,0.9175,0.1287,0.1837
foldchange_NBD_activity_25C,onehot,random,0,ridge,regression,282,4860,225,57,{'alpha': 1.0},0.6751,0.6434,0.3557,0.3507,0.513,0.8822,0.8578,0.7296,0.2177,0.3324
foldchange_NBD_activity_25C,onehot,random,0,xgboost,regression,282,4860,225,57,"{'n_estimators': 400, 'learning_rate': 0.05, 'max_depth': 6, 'random_state': 42}",0.6338,0.6055,0.189,0.4079,0.5755,0.9659,0.9637,0.9214,0.1202,0.1792
foldchange_NBD_activity_25C,onehot,random,1,rf,regression,282,4860,225,57,"{'n_estimators': 300, 'random_state': 42, 'n_jobs': -1}",0.77,0.7173,0.51,0.2882,0.4071,0.967,0.9649,0.9131,0.1342,0.193
foldchange_NBD_activity_25C,onehot,random,1,ridge,regression,282,4860,225,57,{'alpha': 1.0},0.7744,0.766,0.5777,0.2739,0.3779,0.8772,0.8668,0.7418,0.2259,0.3327
foldchange_NBD_activity_25C,onehot,random,1,xgboost,regression,282,4860,225,57,"{'n_estimators': 400, 'learning_rate': 0.05, 'max_depth': 6, 'random_state': 42}",0.7514,0.6793,0.4457,0.3109,0.433,0.9397,0.9385,0.873,0.1506,0.2334
foldchange_NBD_activity_25C,onehot,random,2,rf,regression,282,4860,226,56,"{'n_estimators': 300, 'random_state': 42, 'n_jobs': -1}",0.699,0.6017,0.3034,0.358,0.5225,0.9719,0.9699,0.9278,0.1222,0.1731
foldchange_NBD_activity_25C,onehot,random,2,ridge,regression,282,4860,226,56,{'alpha': 1.0},0.7246,0.6129,0.3619,0.3433,0.5001,0.8931,0.881,0.7688,0.2196,0.3099
foldchange_NBD_activity_25C,onehot,random,2,xgboost,regression,282,4860,226,56,"{'n_estimators': 400, 'learning_rate': 0.05, 'max_depth': 6, 'random_state': 42}",0.6742,0.5947,0.3108,0.3571,0.5197,0.9605,0.9595,0.9153,0.1301,0.1875
foldchange_NBD_activity_25C,onehot,random,3,rf,regression,282,4860,226,56,"{'n_estimators': 300, 'random_state': 42, 'n_jobs': -1}",0.6185,0.6106,0.3682,0.4087,0.5682,0.9702,0.9679,0.9212,0.1246,0.1744
foldchange_NBD_activity_25C,onehot,random,3,ridge,regression,282,4860,226,56,{'alpha': 1.0},0.6413,0.6777,0.4524,0.376,0.529,0.8949,0.8782,0.763,0.2097,0.3024
foldchange_NBD_activity_25C,onehot,random,3,xgboost,regression,282,4860,226,56,"{'n_estimators': 400, 'learning_rate': 0.05, 'max_depth': 6, 'random_state': 42}",0.6126,0.6429,0.407,0.4,0.5505,0.9548,0.9472,0.8897,0.1338,0.2063
foldchange_NBD_activity_25C,onehot,random,4,rf,regression,282,4860,226,56,"{'n_estimators': 300, 'random_state': 42, 'n_jobs': -1}",0.6788,0.6756,0.4317,0.3369,0.4636,0.97,0.9674,0.92,0.129,0.1819
foldchange_NBD_activity_25C,onehot,random,4,ridge,regression,282,4860,226,56,{'alpha': 1.0},0.749,0.761,0.5559,0.3174,0.4098,0.8732,0.8602,0.7307,0.2235,0.3337
foldchange_NBD_activity_25C,onehot,random,4,xgboost,regression,282,4860,226,56,"{'n_estimators': 400, 'learning_rate': 0.05, 'max_depth': 6, 'random_state': 42}",0.7298,0.7155,0.4873,0.31,0.4404,0.9532,0.9494,0.8928,0.1401,0.2105
foldchange_NBD_activity_25C,georgiev,random,0,rf,regression,282,4617,225,57,"{'n_estimators': 300, 'random_state': 42, 'n_jobs': -1}",0.6778,0.6416,0.3625,0.3594,0.5103,0.9725,0.9677,0.918,0.1282,0.1831
foldchange_NBD_activity_25C,georgiev,random,0,ridge,regression,282,4617,225,57,{'alpha': 1.0},0.6714,0.6572,0.3718,0.35,0.5066,0.8987,0.8768,0.7687,0.1592,0.3074
foldchange_NBD_activity_25C,georgiev,random,0,xgboost,regression,282,4617,225,57,"{'n_estimators': 400, 'learning_rate': 0.05, 'max_depth': 6, 'random_state': 42}",0.6359,0.6261,0.2483,0.4068,0.5541,0.9695,0.9669,0.9293,0.1044,0.17
foldchange_NBD_activity_25C,georgiev,random,1,rf,regression,282,4617,225,57,"{'n_estimators': 300, 'random_state': 42, 'n_jobs': -1}",0.7873,0.7409,0.5475,0.2719,0.3912,0.9698,0.9677,0.9142,0.1355,0.1918
foldchange_NBD_activity_25C,georgiev,random,1,ridge,regression,282,4617,225,57,{'alpha': 1.0},0.7321,0.7285,0.5279,0.303,0.3996,0.8913,0.8861,0.7852,0.1649,0.3034
foldchange_NBD_activity_25C,georgiev,random,1,xgboost,regression,282,4617,225,57,"{'n_estimators': 400, 'learning_rate': 0.05, 'max_depth': 6, 'random_state': 42}",0.736,0.6767,0.4368,0.2947,0.4364,0.9515,0.9527,0.9022,0.1271,0.2048
foldchange_NBD_activity_25C,georgiev,random,2,rf,regression,282,4617,226,56,"{'n_estimators': 300, 'random_state': 42, 'n_jobs': -1}",0.6856,0.6009,0.3177,0.3488,0.5171,0.9728,0.9717,0.9279,0.1226,0.173
foldchange_NBD_activity_25C,georgiev,random,2,ridge,regression,282,4617,226,56,{'alpha': 1.0},0.7452,0.6354,0.4004,0.3261,0.4848,0.9099,0.8983,0.807,0.1664,0.2831
foldchange_NBD_activity_25C,georgiev,random,2,xgboost,regression,282,4617,226,56,"{'n_estimators': 400, 'learning_rate': 0.05, 'max_depth': 6, 'random_state': 42}",0.716,0.6117,0.3448,0.3337,0.5067,0.964,0.963,0.9236,0.1148,0.1781
foldchange_NBD_activity_25C,georgiev,random,3,rf,regression,282,4617,226,56,"{'n_estimators': 300, 'random_state': 42, 'n_jobs': -1}",0.647,0.6257,0.3842,0.4036,0.561,0.9719,0.9698,0.9229,0.1219,0.1724
foldchange_NBD_activity_25C,georgiev,random,3,ridge,regression,282,4617,226,56,{'alpha': 1.0},0.6605,0.6722,0.4473,0.3673,0.5315,0.9075,0.8958,0.8025,0.1594,0.276
foldchange_NBD_activity_25C,georgiev,random,3,xgboost,regression,282,4617,226,56,"{'n_estimators': 400, 'learning_rate': 0.05, 'max_depth': 6, 'random_state': 42}",0.6744,0.6779,0.4542,0.3809,0.5281,0.9592,0.9526,0.9029,0.1163,0.1936
foldchange_NBD_activity_25C,georgiev,random,4,rf,regression,282,4617,226,56,"{'n_estimators': 300, 'random_state': 42, 'n_jobs': -1}",0.6892,0.6788,0.4354,0.3338,0.4621,0.9715,0.969,0.92,0.1294,0.1818
foldchange_NBD_activity_25C,georgiev,random,4,ridge,regression,282,4617,226,56,{'alpha': 1.0},0.7488,0.7528,0.5157,0.3312,0.428,0.8897,0.8786,0.7719,0.1703,0.3071
foldchange_NBD_activity_25C,georgiev,random,4,xgboost,regression,282,4617,226,56,"{'n_estimators': 400, 'learning_rate': 0.05, 'max_depth': 6, 'random_state': 42}",0.7899,0.7614,0.5628,0.2757,0.4067,0.9566,0.9527,0.9016,0.126,0.2016
foldchange_NBD_activity_25C,onehot_esm2_LLR,random,0,rf,regression,282,4861,225,57,"{'n_estimators': 300, 'random_state': 42, 'n_jobs': -1}",0.6048,0.5484,0.1427,0.4009,0.5918,0.974,0.9704,0.9285,0.1181,0.1709
foldchange_NBD_activity_25C,onehot_esm2_LLR,random,0,ridge,regression,282,4861,225,57,{'alpha': 1.0},0.7223,0.7089,0.4694,0.3268,0.4655,0.8825,0.8585,0.7326,0.2165,0.3306
foldchange_NBD_activity_25C,onehot_esm2_LLR,random,0,xgboost,regression,282,4861,225,57,"{'n_estimators': 400, 'learning_rate': 0.05, 'max_depth': 6, 'random_state': 42}",0.5716,0.5483,0.1403,0.3977,0.5926,0.9872,0.9883,0.9717,0.0764,0.1076
foldchange_NBD_activity_25C,onehot_esm2_LLR,random,1,rf,regression,282,4861,225,57,"{'n_estimators': 300, 'random_state': 42, 'n_jobs': -1}",0.8096,0.7722,0.5839,0.2742,0.3751,0.9678,0.966,0.9193,0.1274,0.186
foldchange_NBD_activity_25C,onehot_esm2_LLR,random,1,ridge,regression,282,4861,225,57,{'alpha': 1.0},0.7351,0.7539,0.56,0.2861,0.3857,0.8762,0.8671,0.746,0.2206,0.33
foldchange_NBD_activity_25C,onehot_esm2_LLR,random,1,xgboost,regression,282,4861,225,57,"{'n_estimators': 400, 'learning_rate': 0.05, 'max_depth': 6, 'random_state': 42}",0.7197,0.6727,0.4499,0.328,0.4313,0.984,0.9857,0.9663,0.0847,0.1202
foldchange_NBD_activity_25C,onehot_esm2_LLR,random,2,rf,regression,282,4861,226,56,"{'n_estimators': 300, 'random_state': 42, 'n_jobs': -1}",0.7556,0.6905,0.4456,0.3142,0.4661,0.9712,0.9696,0.9274,0.1176,0.1736
foldchange_NBD_activity_25C,onehot_esm2_LLR,random,2,ridge,regression,282,4861,226,56,{'alpha': 1.0},0.754,0.629,0.3768,0.3347,0.4942,0.894,0.8825,0.7741,0.2157,0.3063
foldchange_NBD_activity_25C,onehot_esm2_LLR,random,2,xgboost,regression,282,4861,226,56,"{'n_estimators': 400, 'learning_rate': 0.05, 'max_depth': 6, 'random_state': 42}",0.7481,0.6647,0.4108,0.3365,0.4805,0.9832,0.9834,0.9622,0.0878,0.1253
foldchange_NBD_activity_25C,onehot_esm2_LLR,random,3,rf,regression,282,4861,226,56,"{'n_estimators': 300, 'random_state': 42, 'n_jobs': -1}",0.6672,0.6918,0.4674,0.3654,0.5217,0.9717,0.9694,0.9272,0.1152,0.1676
foldchange_NBD_activity_25C,onehot_esm2_LLR,random,3,ridge,regression,282,4861,226,56,{'alpha': 1.0},0.69,0.7092,0.4985,0.3521,0.5062,0.8932,0.8778,0.7652,0.208,0.301
foldchange_NBD_activity_25C,onehot_esm2_LLR,random,3,xgboost,regression,282,4861,226,56,"{'n_estimators': 400, 'learning_rate': 0.05, 'max_depth': 6, 'random_state': 42}",0.6556,0.6846,0.4593,0.3742,0.5256,0.9862,0.9858,0.9661,0.0807,0.1143
foldchange_NBD_activity_25C,onehot_esm2_LLR,random,4,rf,regression,282,4861,226,56,"{'n_estimators': 300, 'random_state': 42, 'n_jobs': -1}",0.7447,0.7316,0.5339,0.2948,0.4199,0.9706,0.9669,0.9187,0.1267,0.1833
foldchange_NBD_activity_25C,onehot_esm2_LLR,random,4,ridge,regression,282,4861,226,56,{'alpha': 1.0},0.7839,0.7746,0.5762,0.3146,0.4004,0.8728,0.8607,0.7349,0.2208,0.331
foldchange_NBD_activity_25C,onehot_esm2_LLR,random,4,xgboost,regression,282,4861,226,56,"{'n_estimators': 400, 'learning_rate': 0.05, 'max_depth': 6, 'random_state': 42}",0.7462,0.7245,0.5148,0.3005,0.4284,0.9864,0.9857,0.9651,0.0852,0.1201
foldchange_NBD_activity_25C,onehot_esmc_LLR,random,0,rf,regression,282,4861,225,57,"{'n_estimators': 300, 'random_state': 42, 'n_jobs': -1}",0.6516,0.6222,0.2837,0.3555,0.5409,0.9772,0.9719,0.9302,0.1157,0.1689
foldchange_NBD_activity_25C,onehot_esmc_LLR,random,0,ridge,regression,282,4861,225,57,{'alpha': 1.0},0.7014,0.6963,0.447,0.3325,0.4753,0.8818,0.8584,0.7326,0.2165,0.3305
foldchange_NBD_activity_25C,onehot_esmc_LLR,random,0,xgboost,regression,282,4861,225,57,"{'n_estimators': 400, 'learning_rate': 0.05, 'max_depth': 6, 'random_state': 42}",0.6274,0.5963,0.088,0.4107,0.6103,0.9915,0.9926,0.9816,0.065,0.0867
foldchange_NBD_activity_25C,onehot_esmc_LLR,random,1,rf,regression,282,4861,225,57,"{'n_estimators': 300, 'random_state': 42, 'n_jobs': -1}",0.7312,0.7767,0.592,0.282,0.3715,0.9693,0.9673,0.9196,0.1268,0.1856
foldchange_NBD_activity_25C,onehot_esmc_LLR,random,1,ridge,regression,282,4861,225,57,{'alpha': 1.0},0.7518,0.7585,0.5656,0.2829,0.3833,0.8754,0.8671,0.746,0.2215,0.33
foldchange_NBD_activity_25C,onehot_esmc_LLR,random,1,xgboost,regression,282,4861,225,57,"{'n_estimators': 400, 'learning_rate': 0.05, 'max_depth': 6, 'random_state': 42}",0.7331,0.7832,0.5997,0.2663,0.3679,0.9799,0.9828,0.9605,0.0904,0.1301
foldchange_NBD_activity_25C,onehot_esmc_LLR,random,2,rf,regression,282,4861,226,56,"{'n_estimators': 300, 'random_state': 42, 'n_jobs': -1}",0.7715,0.6535,0.4018,0.3138,0.4842,0.977,0.9742,0.9343,0.115,0.1652
foldchange_NBD_activity_25C,onehot_esmc_LLR,random,2,ridge,regression,282,4861,226,56,{'alpha': 1.0},0.7401,0.6232,0.3745,0.336,0.4951,0.8941,0.8822,0.7737,0.2162,0.3066
foldchange_NBD_activity_25C,onehot_esmc_LLR,random,2,xgboost,regression,282,4861,226,56,"{'n_estimators': 400, 'learning_rate': 0.05, 'max_depth': 6, 'random_state': 42}",0.7595,0.6195,0.3453,0.3238,0.5065,0.9874,0.9874,0.9706,0.0752,0.1105
foldchange_NBD_activity_25C,onehot_esmc_LLR,random,3,rf,regression,282,4861,226,56,"{'n_estimators': 300, 'random_state': 42, 'n_jobs': -1}",0.6694,0.6464,0.3916,0.3685,0.5576,0.973,0.9716,0.9298,0.1156,0.1646
foldchange_NBD_activity_25C,onehot_esmc_LLR,random,3,ridge,regression,282,4861,226,56,{'alpha': 1.0},0.6755,0.7108,0.5007,0.3525,0.5051,0.8933,0.878,0.7652,0.2083,0.301
foldchange_NBD_activity_25C,onehot_esmc_LLR,random,3,xgboost,regression,282,4861,226,56,"{'n_estimators': 400, 'learning_rate': 0.05, 'max_depth': 6, 'random_state': 42}",0.5716,0.5541,0.2608,0.4128,0.6146,0.9897,0.9906,0.9775,0.0661,0.0932
foldchange_NBD_activity_25C,onehot_esmc_LLR,random,4,rf,regression,282,4861,226,56,"{'n_estimators': 300, 'random_state': 42, 'n_jobs': -1}",0.7963,0.765,0.5597,0.2947,0.4081,0.974,0.9686,0.9199,0.1267,0.1819
foldchange_NBD_activity_25C,onehot_esmc_LLR,random,4,ridge,regression,282,4861,226,56,{'alpha': 1.0},0.7915,0.7751,0.5753,0.3192,0.4008,0.8721,0.8605,0.7345,0.2213,0.3313
foldchange_NBD_activity_25C,onehot_esmc_LLR,random,4,xgboost,regression,282,4861,226,56,"{'n_estimators': 400, 'learning_rate': 0.05, 'max_depth': 6, 'random_state': 42}",0.7757,0.7515,0.4869,0.3219,0.4405,0.9843,0.9875,0.97,0.0821,0.1113
foldchange_NBD_activity_25C,georgiev_esm2_LLR,random,0,rf,regression,282,4618,225,57,"{'n_estimators': 300, 'random_state': 42, 'n_jobs': -1}",0.5951,0.5413,0.1386,0.4029,0.5932,0.975,0.9712,0.9289,0.1182,0.1704
foldchange_NBD_activity_25C,georgiev_esm2_LLR,random,0,ridge,regression,282,4618,225,57,{'alpha': 1.0},0.6945,0.7029,0.4513,0.3365,0.4734,0.8985,0.8768,0.7687,0.1591,0.3074
foldchange_NBD_activity_25C,georgiev_esm2_LLR,random,0,xgboost,regression,282,4618,225,57,"{'n_estimators': 400, 'learning_rate': 0.05, 'max_depth': 6, 'random_state': 42}",0.5529,0.5422,0.1356,0.3979,0.5942,0.99,0.9909,0.9784,0.0632,0.094
foldchange_NBD_activity_25C,georgiev_esm2_LLR,random,1,rf,regression,282,4618,225,57,"{'n_estimators': 300, 'random_state': 42, 'n_jobs': -1}",0.807,0.7661,0.5751,0.278,0.3791,0.969,0.9673,0.9196,0.1296,0.1856
foldchange_NBD_activity_25C,georgiev_esm2_LLR,random,1,ridge,regression,282,4618,225,57,{'alpha': 1.0},0.6991,0.7166,0.5069,0.3153,0.4084,0.8913,0.8861,0.7852,0.1648,0.3034
foldchange_NBD_activity_25C,georgiev_esm2_LLR,random,1,xgboost,regression,282,4618,225,57,"{'n_estimators': 400, 'learning_rate': 0.05, 'max_depth': 6, 'random_state': 42}",0.7295,0.7004,0.4896,0.3141,0.4155,0.9846,0.9863,0.9682,0.0796,0.1168
foldchange_NBD_activity_25C,georgiev_esm2_LLR,random,2,rf,regression,282,4618,226,56,"{'n_estimators': 300, 'random_state': 42, 'n_jobs': -1}",0.7428,0.6675,0.4143,0.3187,0.4791,0.9714,0.9698,0.9266,0.1195,0.1746
foldchange_NBD_activity_25C,georgiev_esm2_LLR,random,2,ridge,regression,282,4618,226,56,{'alpha': 1.0},0.7573,0.6369,0.4003,0.3256,0.4848,0.9097,0.8983,0.807,0.1664,0.2831
foldchange_NBD_activity_25C,georgiev_esm2_LLR,random,2,xgboost,regression,282,4618,226,56,"{'n_estimators': 400, 'learning_rate': 0.05, 'max_depth': 6, 'random_state': 42}",0.7447,0.6268,0.3585,0.3296,0.5014,0.9851,0.9853,0.9669,0.0792,0.1173
foldchange_NBD_activity_25C,georgiev_esm2_LLR,random,3,rf,regression,282,4618,226,56,"{'n_estimators': 300, 'random_state': 42, 'n_jobs': -1}",0.669,0.6845,0.4583,0.3696,0.5261,0.9718,0.9697,0.9268,0.1154,0.1681
foldchange_NBD_activity_25C,georgiev_esm2_LLR,random,3,ridge,regression,282,4618,226,56,{'alpha': 1.0},0.6911,0.6971,0.4822,0.3518,0.5144,0.9075,0.8958,0.8025,0.1594,0.276
foldchange_NBD_activity_25C,georgiev_esm2_LLR,random,3,xgboost,regression,282,4618,226,56,"{'n_estimators': 400, 'learning_rate': 0.05, 'max_depth': 6, 'random_state': 42}",0.6702,0.695,0.4775,0.3699,0.5167,0.9871,0.9879,0.9717,0.0715,0.1045
foldchange_NBD_activity_25C,georgiev_esm2_LLR,random,4,rf,regression,282,4618,226,56,"{'n_estimators': 300, 'random_state': 42, 'n_jobs': -1}",0.7485,0.7286,0.5295,0.2962,0.4219,0.9699,0.9668,0.9169,0.1283,0.1854
foldchange_NBD_activity_25C,georgiev_esm2_LLR,random,4,ridge,regression,282,4618,226,56,{'alpha': 1.0},0.7804,0.765,0.5352,0.3283,0.4193,0.8897,0.8786,0.7719,0.1703,0.3071
foldchange_NBD_activity_25C,georgiev_esm2_LLR,random,4,xgboost,regression,282,4618,226,56,"{'n_estimators': 400, 'learning_rate': 0.05, 'max_depth': 6, 'random_state': 42}",0.7813,0.7466,0.5521,0.2841,0.4116,0.987,0.9855,0.9656,0.079,0.1192
foldchange_NBD_activity_25C,georgiev_esmc_LLR,random,0,rf,regression,282,4618,225,57,"{'n_estimators': 300, 'random_state': 42, 'n_jobs': -1}",0.6424,0.6237,0.285,0.3609,0.5404,0.9777,0.9723,0.9307,0.1162,0.1683
foldchange_NBD_activity_25C,georgiev_esmc_LLR,random,0,ridge,regression,282,4618,225,57,{'alpha': 1.0},0.6949,0.6951,0.4402,0.3373,0.4782,0.8985,0.8768,0.7687,0.1591,0.3074
foldchange_NBD_activity_25C,georgiev_esmc_LLR,random,0,xgboost,regression,282,4618,225,57,"{'n_estimators': 400, 'learning_rate': 0.05, 'max_depth': 6, 'random_state': 42}",0.608,0.5843,0.0508,0.4294,0.6227,0.9929,0.9931,0.9834,0.0588,0.0825
foldchange_NBD_activity_25C,georgiev_esmc_LLR,random,1,rf,regression,282,4618,225,57,"{'n_estimators': 300, 'random_state': 42, 'n_jobs': -1}",0.7586,0.7784,0.5923,0.2793,0.3713,0.9697,0.9682,0.9196,0.13,0.1857
foldchange_NBD_activity_25C,georgiev_esmc_LLR,random,1,ridge,regression,282,4618,225,57,{'alpha': 1.0},0.723,0.7241,0.5165,0.3125,0.4044,0.8912,0.8861,0.7852,0.1648,0.3034
foldchange_NBD_activity_25C,georgiev_esmc_LLR,random,1,xgboost,regression,282,4618,225,57,"{'n_estimators': 400, 'learning_rate': 0.05, 'max_depth': 6, 'random_state': 42}",0.7216,0.7762,0.5906,0.2751,0.3721,0.982,0.9852,0.9664,0.0811,0.1201
foldchange_NBD_activity_25C,georgiev_esmc_LLR,random,2,rf,regression,282,4618,226,56,"{'n_estimators': 300, 'random_state': 42, 'n_jobs': -1}",0.767,0.6363,0.3796,0.3157,0.4931,0.9774,0.9745,0.9326,0.1185,0.1673
foldchange_NBD_activity_25C,georgiev_esmc_LLR,random,2,ridge,regression,282,4618,226,56,{'alpha': 1.0},0.7463,0.6376,0.4027,0.3224,0.4838,0.91,0.8983,0.807,0.1664,0.2831
foldchange_NBD_activity_25C,georgiev_esmc_LLR,random,2,xgboost,regression,282,4618,226,56,"{'n_estimators': 400, 'learning_rate': 0.05, 'max_depth': 6, 'random_state': 42}",0.7438,0.5772,0.2894,0.3337,0.5277,0.9879,0.9891,0.9748,0.0676,0.1024
foldchange_NBD_activity_25C,georgiev_esmc_LLR,random,3,rf,regression,282,4618,226,56,"{'n_estimators': 300, 'random_state': 42, 'n_jobs': -1}",0.6725,0.643,0.393,0.3754,0.557,0.9742,0.9731,0.9311,0.1157,0.1631
foldchange_NBD_activity_25C,georgiev_esmc_LLR,random,3,ridge,regression,282,4618,226,56,{'alpha': 1.0},0.6801,0.6942,0.4793,0.3509,0.5158,0.9075,0.8958,0.8025,0.1594,0.276
foldchange_NBD_activity_25C,georgiev_esmc_LLR,random,3,xgboost,regression,282,4618,226,56,"{'n_estimators': 400, 'learning_rate': 0.05, 'max_depth': 6, 'random_state': 42}",0.5877,0.5536,0.2678,0.4126,0.6117,0.9882,0.9892,0.975,0.0654,0.0982
foldchange_NBD_activity_25C,georgiev_esmc_LLR,random,4,rf,regression,282,4618,226,56,"{'n_estimators': 300, 'random_state': 42, 'n_jobs': -1}",0.7935,0.7577,0.5475,0.3038,0.4137,0.9742,0.9691,0.92,0.1287,0.1818
foldchange_NBD_activity_25C,georgiev_esmc_LLR,random,4,ridge,regression,282,4618,226,56,{'alpha': 1.0},0.7805,0.7646,0.5335,0.3313,0.4201,0.8897,0.8786,0.7719,0.1703,0.3071
foldchange_NBD_activity_25C,georgiev_esmc_LLR,random,4,xgboost,regression,282,4618,226,56,"{'n_estimators': 400, 'learning_rate': 0.05, 'max_depth': 6, 'random_state': 42}",0.7844,0.767,0.5406,0.3149,0.4169,0.9863,0.9883,0.9724,0.0742,0.1068
foldchange_NBD_activity_25C,esm2_seq_embeddings,random,0,rf,regression,282,1280,225,57,"{'n_estimators': 300, 'random_state': 42, 'n_jobs': -1}",0.6779,0.6466,0.3924,0.3319,0.4982,0.9791,0.978,0.9273,0.1269,0.1723
foldchange_NBD_activity_25C,esm2_seq_embeddings,random,0,ridge,regression,282,1280,225,57,{'alpha': 1.0},0.5519,0.4937,0.1474,0.4579,0.5901,0.6431,0.6316,0.1775,0.462,0.5798
foldchange_NBD_activity_25C,esm2_seq_embeddings,random,0,xgboost,regression,282,1280,225,57,"{'n_estimators': 400, 'learning_rate': 0.05, 'max_depth': 6, 'random_state': 42}",0.6479,0.5984,0.2233,0.3922,0.5632,1.0,1.0,1.0,0.0003,0.0004
foldchange_NBD_activity_25C,esm2_seq_embeddings,random,1,rf,regression,282,1280,225,57,"{'n_estimators': 300, 'random_state': 42, 'n_jobs': -1}",0.7106,0.761,0.5547,0.2855,0.3881,0.9763,0.9784,0.9258,0.1316,0.1784
foldchange_NBD_activity_25C,esm2_seq_embeddings,random,1,ridge,regression,282,1280,225,57,{'alpha': 1.0},0.6832,0.6885,0.2023,0.3663,0.5194,0.6224,0.5954,0.1672,0.4867,0.5975
foldchange_NBD_activity_25C,esm2_seq_embeddings,random,1,xgboost,regression,282,1280,225,57,"{'n_estimators': 400, 'learning_rate': 0.05, 'max_depth': 6, 'random_state': 42}",0.6453,0.6565,0.3996,0.3472,0.4506,1.0,1.0,1.0,0.0003,0.0004
foldchange_NBD_activity_25C,esm2_seq_embeddings,random,2,rf,regression,282,1280,226,56,"{'n_estimators': 300, 'random_state': 42, 'n_jobs': -1}",0.7133,0.5755,0.325,0.3606,0.5143,0.9794,0.9783,0.9333,0.1219,0.1664
foldchange_NBD_activity_25C,esm2_seq_embeddings,random,2,ridge,regression,282,1280,226,56,{'alpha': 1.0},0.6542,0.5582,0.1548,0.4742,0.5755,0.6325,0.6141,0.1831,0.4578,0.5825
foldchange_NBD_activity_25C,esm2_seq_embeddings,random,2,xgboost,regression,282,1280,226,56,"{'n_estimators': 400, 'learning_rate': 0.05, 'max_depth': 6, 'random_state': 42}",0.5849,0.4772,0.1813,0.4103,0.5664,1.0,1.0,1.0,0.0003,0.0004
foldchange_NBD_activity_25C,esm2_seq_embeddings,random,3,rf,regression,282,1280,226,56,"{'n_estimators': 300, 'random_state': 42, 'n_jobs': -1}",0.6919,0.6675,0.4218,0.4043,0.5436,0.9766,0.9753,0.9256,0.1227,0.1694
foldchange_NBD_activity_25C,esm2_seq_embeddings,random,3,ridge,regression,282,1280,226,56,{'alpha': 1.0},0.4961,0.5364,0.1264,0.5648,0.6681,0.6395,0.6036,0.1876,0.4369,0.5599
foldchange_NBD_activity_25C,esm2_seq_embeddings,random,3,xgboost,regression,282,1280,226,56,"{'n_estimators': 400, 'learning_rate': 0.05, 'max_depth': 6, 'random_state': 42}",0.651,0.6553,0.4148,0.407,0.5469,1.0,1.0,1.0,0.0003,0.0004
foldchange_NBD_activity_25C,esm2_seq_embeddings,random,4,rf,regression,282,1280,226,56,"{'n_estimators': 300, 'random_state': 42, 'n_jobs': -1}",0.7757,0.7721,0.563,0.3095,0.4066,0.9777,0.9765,0.9242,0.1296,0.177
foldchange_NBD_activity_25C,esm2_seq_embeddings,random,4,ridge,regression,282,1280,226,56,{'alpha': 1.0},0.6149,0.6858,0.1408,0.4642,0.5701,0.6208,0.5799,0.1639,0.4629,0.5879
foldchange_NBD_activity_25C,esm2_seq_embeddings,random,4,xgboost,regression,282,1280,226,56,"{'n_estimators': 400, 'learning_rate': 0.05, 'max_depth': 6, 'random_state': 42}",0.6947,0.6777,0.4259,0.35,0.466,1.0,1.0,1.0,0.0003,0.0004
foldchange_NBD_activity_25C,esmc_seq_embeddings,random,0,rf,regression,282,1152,225,57,"{'n_estimators': 300, 'random_state': 42, 'n_jobs': -1}",0.6783,0.6686,0.4208,0.3415,0.4864,0.9773,0.9765,0.9255,0.1271,0.1745
foldchange_NBD_activity_25C,esmc_seq_embeddings,random,0,ridge,regression,282,1152,225,57,{'alpha': 1.0},0.5552,0.3601,-1.2353,0.606,0.9555,0.9574,0.9507,0.903,0.106,0.1991
foldchange_NBD_activity_25C,esmc_seq_embeddings,random,0,xgboost,regression,282,1152,225,57,"{'n_estimators': 400, 'learning_rate': 0.05, 'max_depth': 6, 'random_state': 42}",0.5937,0.5963,0.2454,0.404,0.5552,1.0,1.0,1.0,0.0003,0.0004
foldchange_NBD_activity_25C,esmc_seq_embeddings,random,1,rf,regression,282,1152,225,57,"{'n_estimators': 300, 'random_state': 42, 'n_jobs': -1}",0.7718,0.7956,0.5855,0.2759,0.3744,0.9751,0.977,0.9226,0.1364,0.1822
foldchange_NBD_activity_25C,esmc_seq_embeddings,random,1,ridge,regression,282,1152,225,57,{'alpha': 1.0},0.3729,0.2934,-1.0914,0.5906,0.841,0.9481,0.9472,0.8966,0.1168,0.2106
foldchange_NBD_activity_25C,esmc_seq_embeddings,random,1,xgboost,regression,282,1152,225,57,"{'n_estimators': 400, 'learning_rate': 0.05, 'max_depth': 6, 'random_state': 42}",0.7906,0.7676,0.5831,0.2867,0.3755,1.0,1.0,1.0,0.0003,0.0004
foldchange_NBD_activity_25C,esmc_seq_embeddings,random,2,rf,regression,282,1152,226,56,"{'n_estimators': 300, 'random_state': 42, 'n_jobs': -1}",0.7235,0.6068,0.3603,0.3523,0.5007,0.9781,0.9781,0.9303,0.128,0.1701
foldchange_NBD_activity_25C,esmc_seq_embeddings,random,2,ridge,regression,282,1152,226,56,{'alpha': 1.0},0.6462,0.5867,-0.7816,0.5966,0.8356,0.9671,0.9627,0.9262,0.1031,0.175
foldchange_NBD_activity_25C,esmc_seq_embeddings,random,2,xgboost,regression,282,1152,226,56,"{'n_estimators': 400, 'learning_rate': 0.05, 'max_depth': 6, 'random_state': 42}",0.6563,0.5655,0.2195,0.4038,0.5531,1.0,1.0,1.0,0.0003,0.0004
foldchange_NBD_activity_25C,esmc_seq_embeddings,random,3,rf,regression,282,1152,226,56,"{'n_estimators': 300, 'random_state': 42, 'n_jobs': -1}",0.6547,0.6688,0.4259,0.3961,0.5417,0.9778,0.9753,0.9278,0.1236,0.1669
foldchange_NBD_activity_25C,esmc_seq_embeddings,random,3,ridge,regression,282,1152,226,56,{'alpha': 1.0},0.2157,0.0297,-2.3881,0.7783,1.3158,0.9617,0.9589,0.9189,0.1016,0.1769
foldchange_NBD_activity_25C,esmc_seq_embeddings,random,3,xgboost,regression,282,1152,226,56,"{'n_estimators': 400, 'learning_rate': 0.05, 'max_depth': 6, 'random_state': 42}",0.616,0.6183,0.3729,0.4065,0.5661,1.0,1.0,1.0,0.0003,0.0004
foldchange_NBD_activity_25C,esmc_seq_embeddings,random,4,rf,regression,282,1152,226,56,"{'n_estimators': 300, 'random_state': 42, 'n_jobs': -1}",0.7229,0.7299,0.4872,0.3516,0.4404,0.9774,0.9769,0.9231,0.1288,0.1783
foldchange_NBD_activity_25C,esmc_seq_embeddings,random,4,ridge,regression,282,1152,226,56,{'alpha': 1.0},0.7075,0.6166,-0.5185,0.4748,0.7579,0.9565,0.9536,0.9088,0.1107,0.1941
foldchange_NBD_activity_25C,esmc_seq_embeddings,random,4,xgboost,regression,282,1152,226,56,"{'n_estimators': 400, 'learning_rate': 0.05, 'max_depth': 6, 'random_state': 42}",0.6472,0.6577,0.3222,0.3977,0.5064,1.0,1.0,1.0,0.0003,0.0004
foldchange_NBD_activity_25C,esm2_seq_embeddings_LLR,random,0,rf,regression,282,1281,225,57,"{'n_estimators': 300, 'random_state': 42, 'n_jobs': -1}",0.6807,0.6515,0.3971,0.3328,0.4963,0.98,0.9785,0.9279,0.1256,0.1716
foldchange_NBD_activity_25C,esm2_seq_embeddings_LLR,random,0,ridge,regression,282,1281,225,57,{'alpha': 1.0},0.5675,0.5235,0.2727,0.4289,0.5451,0.5568,0.5687,0.3211,0.4098,0.5267
foldchange_NBD_activity_25C,esm2_seq_embeddings_LLR,random,0,xgboost,regression,282,1281,225,57,"{'n_estimators': 400, 'learning_rate': 0.05, 'max_depth': 6, 'random_state': 42}",0.5881,0.5744,0.1831,0.3929,0.5776,1.0,1.0,1.0,0.0003,0.0004
foldchange_NBD_activity_25C,esm2_seq_embeddings_LLR,random,1,rf,regression,282,1281,225,57,"{'n_estimators': 300, 'random_state': 42, 'n_jobs': -1}",0.7131,0.7687,0.5629,0.2846,0.3845,0.9764,0.9777,0.9255,0.1315,0.1787
foldchange_NBD_activity_25C,esm2_seq_embeddings_LLR,random,1,ridge,regression,282,1281,225,57,{'alpha': 1.0},0.5862,0.607,0.3604,0.3499,0.4651,0.5656,0.5578,0.3084,0.4278,0.5445
foldchange_NBD_activity_25C,esm2_seq_embeddings_LLR,random,1,xgboost,regression,282,1281,225,57,"{'n_estimators': 400, 'learning_rate': 0.05, 'max_depth': 6, 'random_state': 42}",0.6408,0.668,0.4238,0.3372,0.4415,1.0,1.0,1.0,0.0003,0.0004
foldchange_NBD_activity_25C,esm2_seq_embeddings_LLR,random,2,rf,regression,282,1281,226,56,"{'n_estimators': 300, 'random_state': 42, 'n_jobs': -1}",0.7208,0.5806,0.3311,0.3599,0.512,0.9791,0.9786,0.9335,0.1226,0.1661
foldchange_NBD_activity_25C,esm2_seq_embeddings_LLR,random,2,ridge,regression,282,1281,226,56,{'alpha': 1.0},0.6632,0.6165,0.366,0.3899,0.4985,0.5547,0.5598,0.3097,0.417,0.5355
foldchange_NBD_activity_25C,esm2_seq_embeddings_LLR,random,2,xgboost,regression,282,1281,226,56,"{'n_estimators': 400, 'learning_rate': 0.05, 'max_depth': 6, 'random_state': 42}",0.5994,0.4748,0.1688,0.4095,0.5707,1.0,1.0,1.0,0.0003,0.0004
foldchange_NBD_activity_25C,esm2_seq_embeddings_LLR,random,3,rf,regression,282,1281,226,56,"{'n_estimators': 300, 'random_state': 42, 'n_jobs': -1}",0.7007,0.6723,0.4291,0.4015,0.5401,0.9765,0.9754,0.9265,0.1219,0.1684
foldchange_NBD_activity_25C,esm2_seq_embeddings_LLR,random,3,ridge,regression,282,1281,226,56,{'alpha': 1.0},0.3951,0.4519,0.1999,0.5071,0.6394,0.6032,0.5885,0.3449,0.3929,0.5028
foldchange_NBD_activity_25C,esm2_seq_embeddings_LLR,random,3,xgboost,regression,282,1281,226,56,"{'n_estimators': 400, 'learning_rate': 0.05, 'max_depth': 6, 'random_state': 42}",0.6715,0.6666,0.4292,0.3921,0.5401,1.0,1.0,1.0,0.0003,0.0004
foldchange_NBD_activity_25C,esm2_seq_embeddings_LLR,random,4,rf,regression,282,1281,226,56,"{'n_estimators': 300, 'random_state': 42, 'n_jobs': -1}",0.7806,0.7809,0.5748,0.3064,0.401,0.9777,0.9761,0.9236,0.1298,0.1777
foldchange_NBD_activity_25C,esm2_seq_embeddings_LLR,random,4,ridge,regression,282,1281,226,56,{'alpha': 1.0},0.5664,0.589,0.3228,0.4017,0.5061,0.5617,0.5517,0.3022,0.416,0.5371
foldchange_NBD_activity_25C,esm2_seq_embeddings_LLR,random,4,xgboost,regression,282,1281,226,56,"{'n_estimators': 400, 'learning_rate': 0.05, 'max_depth': 6, 'random_state': 42}",0.6972,0.6789,0.4284,0.3483,0.465,1.0,1.0,1.0,0.0003,0.0004
foldchange_NBD_activity_25C,esmc_seq_embeddings_LLR,random,0,rf,regression,282,1153,225,57,"{'n_estimators': 300, 'random_state': 42, 'n_jobs': -1}",0.677,0.668,0.4173,0.3435,0.4879,0.978,0.9773,0.9265,0.1261,0.1733
foldchange_NBD_activity_25C,esmc_seq_embeddings_LLR,random,0,ridge,regression,282,1153,225,57,{'alpha': 1.0},0.5565,0.3515,-1.306,0.6111,0.9705,0.9573,0.9508,0.9031,0.1058,0.199
foldchange_NBD_activity_25C,esmc_seq_embeddings_LLR,random,0,xgboost,regression,282,1153,225,57,"{'n_estimators': 400, 'learning_rate': 0.05, 'max_depth': 6, 'random_state': 42}",0.6024,0.594,0.2448,0.3982,0.5554,1.0,1.0,1.0,0.0003,0.0004
foldchange_NBD_activity_25C,esmc_seq_embeddings_LLR,random,1,rf,regression,282,1153,225,57,"{'n_estimators': 300, 'random_state': 42, 'n_jobs': -1}",0.7688,0.7958,0.5854,0.2758,0.3745,0.9752,0.9767,0.9221,0.1363,0.1828
foldchange_NBD_activity_25C,esmc_seq_embeddings_LLR,random,1,ridge,regression,282,1153,225,57,{'alpha': 1.0},0.3534,0.288,-1.1224,0.5927,0.8472,0.9483,0.9472,0.8966,0.1168,0.2105
foldchange_NBD_activity_25C,esmc_seq_embeddings_LLR,random,1,xgboost,regression,282,1153,225,57,"{'n_estimators': 400, 'learning_rate': 0.05, 'max_depth': 6, 'random_state': 42}",0.7776,0.7595,0.5657,0.2889,0.3833,1.0,1.0,1.0,0.0003,0.0004
foldchange_NBD_activity_25C,esmc_seq_embeddings_LLR,random,2,rf,regression,282,1153,226,56,"{'n_estimators': 300, 'random_state': 42, 'n_jobs': -1}",0.7148,0.6013,0.3522,0.3534,0.5039,0.9785,0.9781,0.9309,0.1271,0.1695
foldchange_NBD_activity_25C,esmc_seq_embeddings_LLR,random,2,ridge,regression,282,1153,226,56,{'alpha': 1.0},0.6475,0.5875,-0.7831,0.5962,0.8359,0.967,0.9626,0.9262,0.1031,0.1751
foldchange_NBD_activity_25C,esmc_seq_embeddings_LLR,random,2,xgboost,regression,282,1153,226,56,"{'n_estimators': 400, 'learning_rate': 0.05, 'max_depth': 6, 'random_state': 42}",0.6499,0.5703,0.2618,0.3836,0.5378,1.0,1.0,1.0,0.0003,0.0004
foldchange_NBD_activity_25C,esmc_seq_embeddings_LLR,random,3,rf,regression,282,1153,226,56,"{'n_estimators': 300, 'random_state': 42, 'n_jobs': -1}",0.6502,0.6744,0.4327,0.3959,0.5384,0.9771,0.9749,0.9272,0.1248,0.1675
foldchange_NBD_activity_25C,esmc_seq_embeddings_LLR,random,3,ridge,regression,282,1153,226,56,{'alpha': 1.0},0.207,0.0239,-2.4496,0.7833,1.3277,0.9617,0.9589,0.9189,0.1016,0.1769
foldchange_NBD_activity_25C,esmc_seq_embeddings_LLR,random,3,xgboost,regression,282,1153,226,56,"{'n_estimators': 400, 'learning_rate': 0.05, 'max_depth': 6, 'random_state': 42}",0.6217,0.6241,0.3804,0.4078,0.5627,1.0,1.0,1.0,0.0003,0.0004
foldchange_NBD_activity_25C,esmc_seq_embeddings_LLR,random,4,rf,regression,282,1153,226,56,"{'n_estimators': 300, 'random_state': 42, 'n_jobs': -1}",0.7205,0.7357,0.4974,0.348,0.436,0.9772,0.9771,0.9236,0.1292,0.1777
foldchange_NBD_activity_25C,esmc_seq_embeddings_LLR,random,4,ridge,regression,282,1153,226,56,{'alpha': 1.0},0.7057,0.6154,-0.5249,0.4765,0.7595,0.9564,0.9536,0.9089,0.1107,0.1941
foldchange_NBD_activity_25C,esmc_seq_embeddings_LLR,random,4,xgboost,regression,282,1153,226,56,"{'n_estimators': 400, 'learning_rate': 0.05, 'max_depth': 6, 'random_state': 42}",0.6472,0.6577,0.3222,0.3977,0.5064,1.0,1.0,1.0,0.0003,0.0004
foldchange_NBD_activity_25C,onehot,custom,0,rf,regression,334,4860,282,52,"{'n_estimators': 300, 'random_state': 42, 'n_jobs': -1}",0.0445,-0.0837,-2.0331,4.2429,5.0083,0.9706,0.966,0.9201,0.1255,0.1811
foldchange_NBD_activity_25C,onehot,custom,0,ridge,regression,334,4860,282,52,{'alpha': 1.0},0.5655,0.5591,-0.2828,2.769,3.2571,0.8821,0.8645,0.7399,0.2205,0.3269
foldchange_NBD_activity_25C,onehot,custom,0,xgboost,regression,334,4860,282,52,"{'n_estimators': 400, 'learning_rate': 0.05, 'max_depth': 6, 'random_state': 42}",0.2197,0.1689,-1.1786,3.5304,4.2446,0.9381,0.9315,0.8596,0.1572,0.2401
foldchange_NBD_activity_25C,georgiev,custom,0,rf,regression,334,4617,282,52,"{'n_estimators': 300, 'random_state': 42, 'n_jobs': -1}",0.0165,-0.0914,-2.036,4.2422,5.0107,0.9727,0.9679,0.9205,0.1251,0.1807
foldchange_NBD_activity_25C,georgiev,custom,0,ridge,regression,334,4617,282,52,{'alpha': 1.0},0.4878,0.4856,0.0242,2.4707,2.8407,0.8977,0.8826,0.7789,0.1649,0.3013
foldchange_NBD_activity_25C,georgiev,custom,0,xgboost,regression,334,4617,282,52,"{'n_estimators': 400, 'learning_rate': 0.05, 'max_depth': 6, 'random_state': 42}",-0.0156,-0.0393,-1.2441,3.5797,4.3079,0.9444,0.9384,0.8754,0.1358,0.2262
foldchange_NBD_activity_25C,onehot_esm2_LLR,custom,0,rf,regression,334,4861,282,52,"{'n_estimators': 300, 'random_state': 42, 'n_jobs': -1}",0.1452,0.2878,-1.8752,4.0631,4.8762,0.9728,0.9676,0.9246,0.1188,0.176
foldchange_NBD_activity_25C,onehot_esm2_LLR,custom,0,ridge,regression,334,4861,282,52,{'alpha': 1.0},0.5515,0.5799,-0.1624,2.6443,3.1005,0.8813,0.8651,0.7435,0.218,0.3245
foldchange_NBD_activity_25C,onehot_esm2_LLR,custom,0,xgboost,regression,334,4861,282,52,"{'n_estimators': 400, 'learning_rate': 0.05, 'max_depth': 6, 'random_state': 42}",0.3534,0.4092,-1.2058,3.5339,4.271,0.9762,0.9763,0.9449,0.1035,0.1505
foldchange_NBD_activity_25C,onehot_esmc_LLR,custom,0,rf,regression,334,4861,282,52,"{'n_estimators': 300, 'random_state': 42, 'n_jobs': -1}",0.3338,0.3977,-1.8037,4.0099,4.8152,0.9734,0.9695,0.9256,0.1183,0.1748
foldchange_NBD_activity_25C,onehot_esmc_LLR,custom,0,ridge,regression,334,4861,282,52,{'alpha': 1.0},0.5582,0.557,-0.2053,2.6956,3.1571,0.8819,0.865,0.7433,0.2183,0.3247
foldchange_NBD_activity_25C,onehot_esmc_LLR,custom,0,xgboost,regression,334,4861,282,52,"{'n_estimators': 400, 'learning_rate': 0.05, 'max_depth': 6, 'random_state': 42}",0.3601,0.3879,-1.4003,3.7157,4.4554,0.9792,0.9784,0.9504,0.0981,0.1428
foldchange_NBD_activity_25C,georgiev_esm2_LLR,custom,0,rf,regression,334,4618,282,52,"{'n_estimators': 300, 'random_state': 42, 'n_jobs': -1}",0.135,0.2868,-1.8588,4.0561,4.8623,0.9729,0.9678,0.9236,0.1199,0.1771
foldchange_NBD_activity_25C,georgiev_esm2_LLR,custom,0,ridge,regression,334,4618,282,52,{'alpha': 1.0},0.5081,0.515,0.0356,2.4576,2.8241,0.8977,0.8826,0.7789,0.1648,0.3013
foldchange_NBD_activity_25C,georgiev_esm2_LLR,custom,0,xgboost,regression,334,4618,282,52,"{'n_estimators': 400, 'learning_rate': 0.05, 'max_depth': 6, 'random_state': 42}",0.354,0.3905,-1.2236,3.5453,4.2882,0.9794,0.9793,0.9527,0.0917,0.1394
foldchange_NBD_activity_25C,georgiev_esmc_LLR,custom,0,rf,regression,334,4618,282,52,"{'n_estimators': 300, 'random_state': 42, 'n_jobs': -1}",0.3426,0.4165,-1.7859,3.9968,4.7999,0.9742,0.9704,0.9258,0.1204,0.1745
foldchange_NBD_activity_25C,georgiev_esmc_LLR,custom,0,ridge,regression,334,4618,282,52,{'alpha': 1.0},0.5066,0.4972,0.028,2.4673,2.8351,0.8977,0.8826,0.7789,0.1649,0.3013
foldchange_NBD_activity_25C,georgiev_esmc_LLR,custom,0,xgboost,regression,334,4618,282,52,"{'n_estimators': 400, 'learning_rate': 0.05, 'max_depth': 6, 'random_state': 42}",0.295,0.3169,-1.3669,3.6829,4.4242,0.9833,0.9836,0.9626,0.0839,0.1239
foldchange_NBD_activity_25C,esm2_seq_embeddings,custom,0,rf,regression,334,1280,282,52,"{'n_estimators': 300, 'random_state': 42, 'n_jobs': -1}",0.4095,0.4539,-2.2848,4.4461,5.212,0.9785,0.9764,0.9275,0.1253,0.1726
foldchange_NBD_activity_25C,esm2_seq_embeddings,custom,0,ridge,regression,334,1280,282,52,{'alpha': 1.0},0.4748,0.4857,-2.8112,4.8928,5.6141,0.6326,0.6054,0.1988,0.4543,0.5736
foldchange_NBD_activity_25C,esm2_seq_embeddings,custom,0,xgboost,regression,334,1280,282,52,"{'n_estimators': 400, 'learning_rate': 0.05, 'max_depth': 6, 'random_state': 42}",0.1648,0.1838,-2.5229,4.6249,5.3976,1.0,1.0,1.0,0.0003,0.0005
foldchange_NBD_activity_25C,esmc_seq_embeddings,custom,0,rf,regression,334,1152,282,52,"{'n_estimators': 300, 'random_state': 42, 'n_jobs': -1}",0.5271,0.5363,-2.3944,4.5597,5.2982,0.9771,0.9761,0.9266,0.1262,0.1737
foldchange_NBD_activity_25C,esmc_seq_embeddings,custom,0,ridge,regression,334,1152,282,52,{'alpha': 1.0},0.3665,0.0674,-0.8475,2.9234,3.9088,0.9505,0.9442,0.8911,0.1175,0.2115
foldchange_NBD_activity_25C,esmc_seq_embeddings,custom,0,xgboost,regression,334,1152,282,52,"{'n_estimators': 400, 'learning_rate': 0.05, 'max_depth': 6, 'random_state': 42}",0.2786,0.2718,-2.3649,4.5171,5.2752,1.0,1.0,1.0,0.0003,0.0004
foldchange_NBD_activity_25C,esm2_seq_embeddings_LLR,custom,0,rf,regression,334,1281,282,52,"{'n_estimators': 300, 'random_state': 42, 'n_jobs': -1}",0.4466,0.484,-2.2978,4.4608,5.2223,0.9783,0.9765,0.928,0.125,0.172
foldchange_NBD_activity_25C,esm2_seq_embeddings_LLR,custom,0,ridge,regression,334,1281,282,52,{'alpha': 1.0},0.3427,0.4308,-1.8513,4.0552,4.8559,0.5747,0.573,0.3253,0.4098,0.5264
foldchange_NBD_activity_25C,esm2_seq_embeddings_LLR,custom,0,xgboost,regression,334,1281,282,52,"{'n_estimators': 400, 'learning_rate': 0.05, 'max_depth': 6, 'random_state': 42}",0.2132,0.2749,-2.4888,4.5954,5.3714,1.0,1.0,1.0,0.0003,0.0004
foldchange_NBD_activity_25C,esmc_seq_embeddings_LLR,custom,0,rf,regression,334,1153,282,52,"{'n_estimators': 300, 'random_state': 42, 'n_jobs': -1}",0.5158,0.5303,-2.3918,4.5583,5.2962,0.9777,0.9763,0.9275,0.1254,0.1726
foldchange_NBD_activity_25C,esmc_seq_embeddings_LLR,custom,0,ridge,regression,334,1153,282,52,{'alpha': 1.0},0.3699,0.0644,-0.8676,2.9343,3.9299,0.9505,0.9442,0.8911,0.1175,0.2115
foldchange_NBD_activity_25C,esmc_seq_embeddings_LLR,custom,0,xgboost,regression,334,1153,282,52,"{'n_estimators': 400, 'learning_rate': 0.05, 'max_depth': 6, 'random_state': 42}",0.3383,0.3052,-2.3316,4.4942,5.2489,1.0,1.0,1.0,0.0003,0.0005
foldchange_ABTS_activity_25C,onehot,random,0,rf,regression,282,4860,225,57,"{'n_estimators': 300, 'random_state': 42, 'n_jobs': -1}",0.7317,0.7369,0.4633,0.3516,0.4824,0.9658,0.97,0.9086,0.1781,0.3529
foldchange_ABTS_activity_25C,onehot,random,0,ridge,regression,282,4860,225,57,{'alpha': 1.0},0.7008,0.7527,0.3442,0.3752,0.5332,0.8243,0.8086,0.651,0.3718,0.6896
foldchange_ABTS_activity_25C,onehot,random,0,xgboost,regression,282,4860,225,57,"{'n_estimators': 400, 'learning_rate': 0.05, 'max_depth': 6, 'random_state': 42}",0.7894,0.7393,-0.162,0.3721,0.7098,0.9452,0.9844,0.966,0.1465,0.2152
foldchange_ABTS_activity_25C,onehot,random,1,rf,regression,282,4860,225,57,"{'n_estimators': 300, 'random_state': 42, 'n_jobs': -1}",0.7374,0.8185,0.6439,0.4027,0.5856,0.9687,0.9653,0.8959,0.1716,0.3571
foldchange_ABTS_activity_25C,onehot,random,1,ridge,regression,282,4860,225,57,{'alpha': 1.0},0.755,0.7952,0.6111,0.4264,0.612,0.835,0.7965,0.6304,0.3525,0.673
foldchange_ABTS_activity_25C,onehot,random,1,xgboost,regression,282,4860,225,57,"{'n_estimators': 400, 'learning_rate': 0.05, 'max_depth': 6, 'random_state': 42}",0.6747,0.7089,0.4628,0.47,0.7193,0.9482,0.9838,0.9654,0.1402,0.2059
foldchange_ABTS_activity_25C,onehot,random,2,rf,regression,282,4860,226,56,"{'n_estimators': 300, 'random_state': 42, 'n_jobs': -1}",0.7832,0.7314,0.3777,0.4919,1.2182,0.9672,0.9708,0.9169,0.16,0.2699
foldchange_ABTS_activity_25C,onehot,random,2,ridge,regression,282,4860,226,56,{'alpha': 1.0},0.6975,0.814,0.5038,0.5162,1.0879,0.8584,0.8224,0.6719,0.3093,0.5362
foldchange_ABTS_activity_25C,onehot,random,2,xgboost,regression,282,4860,226,56,"{'n_estimators': 400, 'learning_rate': 0.05, 'max_depth': 6, 'random_state': 42}",0.72,0.6466,0.3176,0.5103,1.2758,0.9473,0.9719,0.9389,0.1594,0.2314
foldchange_ABTS_activity_25C,onehot,random,3,rf,regression,282,4860,226,56,"{'n_estimators': 300, 'random_state': 42, 'n_jobs': -1}",0.6265,0.4455,0.1818,0.5226,1.1081,0.9741,0.97,0.9217,0.1558,0.293
foldchange_ABTS_activity_25C,onehot,random,3,ridge,regression,282,4860,226,56,{'alpha': 1.0},0.5438,0.4877,0.1904,0.5544,1.1022,0.8862,0.8587,0.7339,0.2954,0.5401
foldchange_ABTS_activity_25C,onehot,random,3,xgboost,regression,282,4860,226,56,"{'n_estimators': 400, 'learning_rate': 0.05, 'max_depth': 6, 'random_state': 42}",0.598,0.3466,0.0682,0.576,1.1825,0.9612,0.9824,0.9632,0.1427,0.2008
foldchange_ABTS_activity_25C,onehot,random,4,rf,regression,282,4860,226,56,"{'n_estimators': 300, 'random_state': 42, 'n_jobs': -1}",0.6987,0.6119,-0.1541,0.5203,0.803,0.9663,0.9689,0.9151,0.1673,0.3351
foldchange_ABTS_activity_25C,onehot,random,4,ridge,regression,282,4860,226,56,{'alpha': 1.0},0.6395,0.5876,-0.184,0.5631,0.8134,0.8569,0.8378,0.6978,0.3336,0.6321
foldchange_ABTS_activity_25C,onehot,random,4,xgboost,regression,282,4860,226,56,"{'n_estimators': 400, 'learning_rate': 0.05, 'max_depth': 6, 'random_state': 42}",0.6877,0.618,-0.0869,0.4715,0.7793,0.9503,0.9836,0.9651,0.1409,0.2147
foldchange_ABTS_activity_25C,georgiev,random,0,rf,regression,282,4617,225,57,"{'n_estimators': 300, 'random_state': 42, 'n_jobs': -1}",0.7252,0.738,0.4661,0.3509,0.4812,0.967,0.9701,0.9061,0.1802,0.3577
foldchange_ABTS_activity_25C,georgiev,random,0,ridge,regression,282,4617,225,57,{'alpha': 1.0},0.7194,0.7518,0.3088,0.3883,0.5475,0.8491,0.815,0.6643,0.3286,0.6764
foldchange_ABTS_activity_25C,georgiev,random,0,xgboost,regression,282,4617,225,57,"{'n_estimators': 400, 'learning_rate': 0.05, 'max_depth': 6, 'random_state': 42}",0.7778,0.743,-0.1578,0.3658,0.7085,0.9563,0.9866,0.9712,0.1263,0.1979
foldchange_ABTS_activity_25C,georgiev,random,1,rf,regression,282,4617,225,57,"{'n_estimators': 300, 'random_state': 42, 'n_jobs': -1}",0.7758,0.8284,0.6583,0.395,0.5737,0.9698,0.9661,0.8953,0.1748,0.3583
foldchange_ABTS_activity_25C,georgiev,random,1,ridge,regression,282,4617,225,57,{'alpha': 1.0},0.7204,0.7852,0.5582,0.4623,0.6523,0.8558,0.8036,0.6457,0.3093,0.6589
foldchange_ABTS_activity_25C,georgiev,random,1,xgboost,regression,282,4617,225,57,"{'n_estimators': 400, 'learning_rate': 0.05, 'max_depth': 6, 'random_state': 42}",0.7769,0.755,0.5319,0.4325,0.6714,0.9572,0.9868,0.9722,0.1186,0.1846
foldchange_ABTS_activity_25C,georgiev,random,2,rf,regression,282,4617,226,56,"{'n_estimators': 300, 'random_state': 42, 'n_jobs': -1}",0.7213,0.7312,0.3769,0.4962,1.219,0.9666,0.9704,0.9146,0.1632,0.2735
foldchange_ABTS_activity_25C,georgiev,random,2,ridge,regression,282,4617,226,56,{'alpha': 1.0},0.6646,0.8085,0.5265,0.5292,1.0626,0.8795,0.8322,0.6925,0.2576,0.5191
foldchange_ABTS_activity_25C,georgiev,random,2,xgboost,regression,282,4617,226,56,"{'n_estimators': 400, 'learning_rate': 0.05, 'max_depth': 6, 'random_state': 42}",0.7174,0.6578,0.3404,0.505,1.2542,0.9526,0.9744,0.946,0.1381,0.2175
foldchange_ABTS_activity_25C,georgiev,random,3,rf,regression,282,4617,226,56,"{'n_estimators': 300, 'random_state': 42, 'n_jobs': -1}",0.5602,0.4198,0.1533,0.5477,1.1272,0.9741,0.9703,0.9214,0.1545,0.2936
foldchange_ABTS_activity_25C,georgiev,random,3,ridge,regression,282,4617,226,56,{'alpha': 1.0},0.5651,0.4886,0.1789,0.5551,1.11,0.9082,0.8656,0.7492,0.2526,0.5243
foldchange_ABTS_activity_25C,georgiev,random,3,xgboost,regression,282,4617,226,56,"{'n_estimators': 400, 'learning_rate': 0.05, 'max_depth': 6, 'random_state': 42}",0.5794,0.3396,0.0352,0.6081,1.2032,0.9694,0.9843,0.9676,0.1249,0.1885
foldchange_ABTS_activity_25C,georgiev,random,4,rf,regression,282,4617,226,56,"{'n_estimators': 300, 'random_state': 42, 'n_jobs': -1}",0.6374,0.5819,-0.2515,0.5456,0.8362,0.9635,0.9674,0.9119,0.1739,0.3412
foldchange_ABTS_activity_25C,georgiev,random,4,ridge,regression,282,4617,226,56,{'alpha': 1.0},0.6283,0.5587,-0.5691,0.6339,0.9363,0.8821,0.8468,0.717,0.2874,0.6117
foldchange_ABTS_activity_25C,georgiev,random,4,xgboost,regression,282,4617,226,56,"{'n_estimators': 400, 'learning_rate': 0.05, 'max_depth': 6, 'random_state': 42}",0.7671,0.647,-0.0117,0.4394,0.7518,0.9544,0.985,0.9686,0.1243,0.2037
foldchange_ABTS_activity_25C,onehot_esm2_LLR,random,0,rf,regression,282,4861,225,57,"{'n_estimators': 300, 'random_state': 42, 'n_jobs': -1}",0.6955,0.7845,0.6139,0.3189,0.4092,0.9655,0.9754,0.9144,0.1805,0.3416
foldchange_ABTS_activity_25C,onehot_esm2_LLR,random,0,ridge,regression,282,4861,225,57,{'alpha': 1.0},0.7359,0.798,0.4519,0.363,0.4875,0.8235,0.8083,0.6517,0.3721,0.6889
foldchange_ABTS_activity_25C,onehot_esm2_LLR,random,0,xgboost,regression,282,4861,225,57,"{'n_estimators': 400, 'learning_rate': 0.05, 'max_depth': 6, 'random_state': 42}",0.7213,0.7984,0.6271,0.2893,0.4021,0.9802,0.994,0.9863,0.0994,0.1365
foldchange_ABTS_activity_25C,onehot_esm2_LLR,random,1,rf,regression,282,4861,225,57,"{'n_estimators': 300, 'random_state': 42, 'n_jobs': -1}",0.6836,0.8088,0.6518,0.4122,0.5791,0.9596,0.9721,0.9015,0.174,0.3473
foldchange_ABTS_activity_25C,onehot_esm2_LLR,random,1,ridge,regression,282,4861,225,57,{'alpha': 1.0},0.6731,0.7875,0.5883,0.4506,0.6297,0.8305,0.7964,0.6321,0.3538,0.6715
foldchange_ABTS_activity_25C,onehot_esm2_LLR,random,1,xgboost,regression,282,4861,225,57,"{'n_estimators': 400, 'learning_rate': 0.05, 'max_depth': 6, 'random_state': 42}",0.6415,0.7173,0.5054,0.461,0.6902,0.977,0.9933,0.9855,0.0935,0.1335
foldchange_ABTS_activity_25C,onehot_esm2_LLR,random,2,rf,regression,282,4861,226,56,"{'n_estimators': 300, 'random_state': 42, 'n_jobs': -1}",0.8301,0.8131,0.4554,0.4742,1.1396,0.9696,0.973,0.919,0.1574,0.2664
foldchange_ABTS_activity_25C,onehot_esm2_LLR,random,2,ridge,regression,282,4861,226,56,{'alpha': 1.0},0.7213,0.8135,0.5125,0.4997,1.0783,0.855,0.8224,0.6738,0.3063,0.5347
foldchange_ABTS_activity_25C,onehot_esm2_LLR,random,2,xgboost,regression,282,4861,226,56,"{'n_estimators': 400, 'learning_rate': 0.05, 'max_depth': 6, 'random_state': 42}",0.7448,0.7247,0.4024,0.5126,1.1938,0.9746,0.989,0.9752,0.1044,0.1475
foldchange_ABTS_activity_25C,onehot_esm2_LLR,random,3,rf,regression,282,4861,226,56,"{'n_estimators': 300, 'random_state': 42, 'n_jobs': -1}",0.6756,0.4841,0.2148,0.5316,1.0855,0.9742,0.9806,0.9376,0.1449,0.2616
foldchange_ABTS_activity_25C,onehot_esm2_LLR,random,3,ridge,regression,282,4861,226,56,{'alpha': 1.0},0.6004,0.507,0.2048,0.5522,1.0924,0.8863,0.8583,0.7346,0.2976,0.5394
foldchange_ABTS_activity_25C,onehot_esm2_LLR,random,3,xgboost,regression,282,4861,226,56,"{'n_estimators': 400, 'learning_rate': 0.05, 'max_depth': 6, 'random_state': 42}",0.6335,0.5057,0.2405,0.5289,1.0676,0.9803,0.9922,0.9832,0.0964,0.1356
foldchange_ABTS_activity_25C,onehot_esm2_LLR,random,4,rf,regression,282,4861,226,56,"{'n_estimators': 300, 'random_state': 42, 'n_jobs': -1}",0.7474,0.6698,0.3094,0.46,0.6212,0.9664,0.9769,0.9169,0.1722,0.3315
foldchange_ABTS_activity_25C,onehot_esm2_LLR,random,4,ridge,regression,282,4861,226,56,{'alpha': 1.0},0.6747,0.6136,-0.1602,0.5521,0.8051,0.8549,0.8371,0.6981,0.3375,0.6317
foldchange_ABTS_activity_25C,onehot_esm2_LLR,random,4,xgboost,regression,282,4861,226,56,"{'n_estimators': 400, 'learning_rate': 0.05, 'max_depth': 6, 'random_state': 42}",0.7585,0.6766,0.3239,0.4293,0.6146,0.9758,0.9928,0.9841,0.1033,0.1451
foldchange_ABTS_activity_25C,onehot_esmc_LLR,random,0,rf,regression,282,4861,225,57,"{'n_estimators': 300, 'random_state': 42, 'n_jobs': -1}",0.7644,0.8283,0.591,0.3015,0.4211,0.9694,0.9737,0.9167,0.1701,0.3369
foldchange_ABTS_activity_25C,onehot_esmc_LLR,random,0,ridge,regression,282,4861,225,57,{'alpha': 1.0},0.7508,0.8073,0.4724,0.3541,0.4783,0.8238,0.8083,0.6517,0.3727,0.689
foldchange_ABTS_activity_25C,onehot_esmc_LLR,random,0,xgboost,regression,282,4861,225,57,"{'n_estimators': 400, 'learning_rate': 0.05, 'max_depth': 6, 'random_state': 42}",0.7415,0.7483,0.2657,0.3493,0.5643,0.9811,0.9947,0.9878,0.0971,0.1287
foldchange_ABTS_activity_25C,onehot_esmc_LLR,random,1,rf,regression,282,4861,225,57,"{'n_estimators': 300, 'random_state': 42, 'n_jobs': -1}",0.6688,0.8207,0.656,0.4481,0.5755,0.9684,0.9688,0.9071,0.1601,0.3374
foldchange_ABTS_activity_25C,onehot_esmc_LLR,random,1,ridge,regression,282,4861,225,57,{'alpha': 1.0},0.7101,0.789,0.5919,0.4441,0.6269,0.8331,0.7967,0.6325,0.353,0.6711
foldchange_ABTS_activity_25C,onehot_esmc_LLR,random,1,xgboost,regression,282,4861,225,57,"{'n_estimators': 400, 'learning_rate': 0.05, 'max_depth': 6, 'random_state': 42}",0.6727,0.6964,0.2447,0.5173,0.8529,0.9791,0.994,0.9869,0.0902,0.1266
foldchange_ABTS_activity_25C,onehot_esmc_LLR,random,2,rf,regression,282,4861,226,56,"{'n_estimators': 300, 'random_state': 42, 'n_jobs': -1}",0.8165,0.8014,0.4368,0.4716,1.1589,0.9675,0.9745,0.9232,0.1545,0.2594
foldchange_ABTS_activity_25C,onehot_esmc_LLR,random,2,ridge,regression,282,4861,226,56,{'alpha': 1.0},0.7162,0.8067,0.5081,0.5144,1.0831,0.8565,0.8225,0.6742,0.3055,0.5344
foldchange_ABTS_activity_25C,onehot_esmc_LLR,random,2,xgboost,regression,282,4861,226,56,"{'n_estimators': 400, 'learning_rate': 0.05, 'max_depth': 6, 'random_state': 42}",0.8314,0.7816,0.4423,0.4634,1.1533,0.9811,0.9907,0.9793,0.0984,0.1346
foldchange_ABTS_activity_25C,onehot_esmc_LLR,random,3,rf,regression,282,4861,226,56,"{'n_estimators': 300, 'random_state': 42, 'n_jobs': -1}",0.6974,0.5177,0.2412,0.4986,1.0671,0.9731,0.9789,0.9361,0.1444,0.2646
foldchange_ABTS_activity_25C,onehot_esmc_LLR,random,3,ridge,regression,282,4861,226,56,{'alpha': 1.0},0.6102,0.5068,0.2019,0.5566,1.0944,0.8873,0.8586,0.7352,0.2956,0.5388
foldchange_ABTS_activity_25C,onehot_esmc_LLR,random,3,xgboost,regression,282,4861,226,56,"{'n_estimators': 400, 'learning_rate': 0.05, 'max_depth': 6, 'random_state': 42}",0.6929,0.5235,0.2483,0.4987,1.0621,0.9829,0.9938,0.9869,0.0891,0.12
foldchange_ABTS_activity_25C,onehot_esmc_LLR,random,4,rf,regression,282,4861,226,56,"{'n_estimators': 300, 'random_state': 42, 'n_jobs': -1}",0.7627,0.6578,0.0801,0.4706,0.7169,0.9679,0.9719,0.918,0.1741,0.3293
foldchange_ABTS_activity_25C,onehot_esmc_LLR,random,4,ridge,regression,282,4861,226,56,{'alpha': 1.0},0.6979,0.6156,-0.1506,0.5488,0.8018,0.857,0.8373,0.6984,0.3359,0.6314
foldchange_ABTS_activity_25C,onehot_esmc_LLR,random,4,xgboost,regression,282,4861,226,56,"{'n_estimators': 400, 'learning_rate': 0.05, 'max_depth': 6, 'random_state': 42}",0.744,0.6206,-0.118,0.5053,0.7903,0.9827,0.9949,0.9887,0.0929,0.1222
foldchange_ABTS_activity_25C,georgiev_esm2_LLR,random,0,rf,regression,282,4618,225,57,"{'n_estimators': 300, 'random_state': 42, 'n_jobs': -1}",0.6864,0.7826,0.6088,0.328,0.4118,0.9655,0.9752,0.9122,0.1837,0.346
foldchange_ABTS_activity_25C,georgiev_esm2_LLR,random,0,ridge,regression,282,4618,225,57,{'alpha': 1.0},0.7317,0.78,0.3854,0.377,0.5162,0.8491,0.815,0.6643,0.3286,0.6764
foldchange_ABTS_activity_25C,georgiev_esm2_LLR,random,0,xgboost,regression,282,4618,225,57,"{'n_estimators': 400, 'learning_rate': 0.05, 'max_depth': 6, 'random_state': 42}",0.732,0.7958,0.6194,0.3115,0.4062,0.9842,0.995,0.9884,0.089,0.1258
foldchange_ABTS_activity_25C,georgiev_esm2_LLR,random,1,rf,regression,282,4618,225,57,"{'n_estimators': 300, 'random_state': 42, 'n_jobs': -1}",0.729,0.8258,0.6765,0.3935,0.5582,0.962,0.9743,0.9026,0.1724,0.3455
foldchange_ABTS_activity_25C,georgiev_esm2_LLR,random,1,ridge,regression,282,4618,225,57,{'alpha': 1.0},0.6994,0.7809,0.5468,0.4761,0.6606,0.8555,0.8036,0.6457,0.3093,0.6589
foldchange_ABTS_activity_25C,georgiev_esm2_LLR,random,1,xgboost,regression,282,4618,225,57,"{'n_estimators': 400, 'learning_rate': 0.05, 'max_depth': 6, 'random_state': 42}",0.6386,0.7231,0.5141,0.4545,0.6841,0.9805,0.9941,0.9873,0.0858,0.1249
foldchange_ABTS_activity_25C,georgiev_esm2_LLR,random,2,rf,regression,282,4618,226,56,"{'n_estimators': 300, 'random_state': 42, 'n_jobs': -1}",0.8303,0.8171,0.4555,0.4627,1.1396,0.9717,0.9738,0.9198,0.156,0.2651
foldchange_ABTS_activity_25C,georgiev_esm2_LLR,random,2,ridge,regression,282,4618,226,56,{'alpha': 1.0},0.6837,0.8075,0.5278,0.5249,1.0612,0.8796,0.8322,0.6925,0.2575,0.5191
foldchange_ABTS_activity_25C,georgiev_esm2_LLR,random,2,xgboost,regression,282,4618,226,56,"{'n_estimators': 400, 'learning_rate': 0.05, 'max_depth': 6, 'random_state': 42}",0.7165,0.7272,0.4126,0.519,1.1836,0.9787,0.9903,0.9783,0.093,0.138
foldchange_ABTS_activity_25C,georgiev_esm2_LLR,random,3,rf,regression,282,4618,226,56,"{'n_estimators': 300, 'random_state': 42, 'n_jobs': -1}",0.6646,0.48,0.2157,0.5424,1.0849,0.9752,0.9807,0.9369,0.1463,0.2629
foldchange_ABTS_activity_25C,georgiev_esm2_LLR,random,3,ridge,regression,282,4618,226,56,{'alpha': 1.0},0.6139,0.4984,0.1867,0.5503,1.1047,0.9083,0.8656,0.7492,0.2526,0.5243
foldchange_ABTS_activity_25C,georgiev_esm2_LLR,random,3,xgboost,regression,282,4618,226,56,"{'n_estimators': 400, 'learning_rate': 0.05, 'max_depth': 6, 'random_state': 42}",0.5865,0.4965,0.2307,0.5571,1.0744,0.9827,0.9936,0.9862,0.0876,0.123
foldchange_ABTS_activity_25C,georgiev_esm2_LLR,random,4,rf,regression,282,4618,226,56,"{'n_estimators': 300, 'random_state': 42, 'n_jobs': -1}",0.7116,0.6509,0.275,0.4709,0.6365,0.9676,0.9775,0.9173,0.1711,0.3307
foldchange_ABTS_activity_25C,georgiev_esm2_LLR,random,4,ridge,regression,282,4618,226,56,{'alpha': 1.0},0.6485,0.5718,-0.5412,0.6223,0.928,0.882,0.8468,0.717,0.2875,0.6117
foldchange_ABTS_activity_25C,georgiev_esm2_LLR,random,4,xgboost,regression,282,4618,226,56,"{'n_estimators': 400, 'learning_rate': 0.05, 'max_depth': 6, 'random_state': 42}",0.7661,0.6893,0.3274,0.4322,0.613,0.9796,0.9942,0.9873,0.0871,0.1296
foldchange_ABTS_activity_25C,georgiev_esmc_LLR,random,0,rf,regression,282,4618,225,57,"{'n_estimators': 300, 'random_state': 42, 'n_jobs': -1}",0.7591,0.8262,0.609,0.2909,0.4117,0.97,0.9739,0.9157,0.1744,0.339
foldchange_ABTS_activity_25C,georgiev_esmc_LLR,random,0,ridge,regression,282,4618,225,57,{'alpha': 1.0},0.7412,0.7862,0.4031,0.3684,0.5088,0.8491,0.815,0.6643,0.3286,0.6764
foldchange_ABTS_activity_25C,georgiev_esmc_LLR,random,0,xgboost,regression,282,4618,225,57,"{'n_estimators': 400, 'learning_rate': 0.05, 'max_depth': 6, 'random_state': 42}",0.7448,0.733,0.2654,0.3535,0.5644,0.9862,0.9958,0.9906,0.0824,0.1129
foldchange_ABTS_activity_25C,georgiev_esmc_LLR,random,1,rf,regression,282,4618,225,57,"{'n_estimators': 300, 'random_state': 42, 'n_jobs': -1}",0.681,0.8327,0.6764,0.4369,0.5583,0.9694,0.969,0.9057,0.1621,0.3399
foldchange_ABTS_activity_25C,georgiev_esmc_LLR,random,1,ridge,regression,282,4618,225,57,{'alpha': 1.0},0.7023,0.7824,0.5506,0.4726,0.6579,0.8557,0.8036,0.6457,0.3093,0.6589
foldchange_ABTS_activity_25C,georgiev_esmc_LLR,random,1,xgboost,regression,282,4618,225,57,"{'n_estimators': 400, 'learning_rate': 0.05, 'max_depth': 6, 'random_state': 42}",0.7006,0.7202,0.3292,0.4994,0.8037,0.9833,0.9952,0.9896,0.0782,0.1131
foldchange_ABTS_activity_25C,georgiev_esmc_LLR,random,2,rf,regression,282,4618,226,56,"{'n_estimators': 300, 'random_state': 42, 'n_jobs': -1}",0.8313,0.7962,0.4271,0.4666,1.1689,0.9683,0.9752,0.9227,0.1549,0.2603
foldchange_ABTS_activity_25C,georgiev_esmc_LLR,random,2,ridge,regression,282,4618,226,56,{'alpha': 1.0},0.6869,0.807,0.527,0.5262,1.0621,0.8797,0.8322,0.6925,0.2575,0.5191
foldchange_ABTS_activity_25C,georgiev_esmc_LLR,random,2,xgboost,regression,282,4618,226,56,"{'n_estimators': 400, 'learning_rate': 0.05, 'max_depth': 6, 'random_state': 42}",0.7995,0.7589,0.4286,0.4953,1.1673,0.9865,0.9935,0.9852,0.0812,0.1139
foldchange_ABTS_activity_25C,georgiev_esmc_LLR,random,3,rf,regression,282,4618,226,56,"{'n_estimators': 300, 'random_state': 42, 'n_jobs': -1}",0.6541,0.4925,0.2261,0.5188,1.0776,0.9734,0.9791,0.9342,0.1474,0.2685
foldchange_ABTS_activity_25C,georgiev_esmc_LLR,random,3,ridge,regression,282,4618,226,56,{'alpha': 1.0},0.6169,0.4969,0.1824,0.5566,1.1077,0.9082,0.8656,0.7492,0.2526,0.5243
foldchange_ABTS_activity_25C,georgiev_esmc_LLR,random,3,xgboost,regression,282,4618,226,56,"{'n_estimators': 400, 'learning_rate': 0.05, 'max_depth': 6, 'random_state': 42}",0.6681,0.5107,0.2346,0.5177,1.0717,0.986,0.9951,0.9896,0.0777,0.1067
foldchange_ABTS_activity_25C,georgiev_esmc_LLR,random,4,rf,regression,282,4618,226,56,"{'n_estimators': 300, 'random_state': 42, 'n_jobs': -1}",0.7092,0.6307,0.0371,0.501,0.7335,0.9664,0.9713,0.9169,0.1763,0.3315
foldchange_ABTS_activity_25C,georgiev_esmc_LLR,random,4,ridge,regression,282,4618,226,56,{'alpha': 1.0},0.6524,0.5722,-0.5398,0.6238,0.9275,0.8821,0.8468,0.717,0.2874,0.6117
foldchange_ABTS_activity_25C,georgiev_esmc_LLR,random,4,xgboost,regression,282,4618,226,56,"{'n_estimators': 400, 'learning_rate': 0.05, 'max_depth': 6, 'random_state': 42}",0.7463,0.6321,-0.1114,0.5184,0.788,0.9848,0.9954,0.9898,0.0834,0.1161
foldchange_ABTS_activity_25C,esm2_seq_embeddings,random,0,rf,regression,282,1280,225,57,"{'n_estimators': 300, 'random_state': 42, 'n_jobs': -1}",0.6491,0.6645,0.1315,0.3999,0.6137,0.9642,0.9736,0.9053,0.2049,0.3593
foldchange_ABTS_activity_25C,esm2_seq_embeddings,random,0,ridge,regression,282,1280,225,57,{'alpha': 1.0},0.5267,0.5835,0.1333,0.4874,0.613,0.5097,0.5816,0.1122,0.6493,1.0999
foldchange_ABTS_activity_25C,esm2_seq_embeddings,random,0,xgboost,regression,282,1280,225,57,"{'n_estimators': 400, 'learning_rate': 0.05, 'max_depth': 6, 'random_state': 42}",0.6039,0.654,-0.1033,0.4215,0.6917,1.0,1.0,1.0,0.0003,0.0004
foldchange_ABTS_activity_25C,esm2_seq_embeddings,random,1,rf,regression,282,1280,225,57,"{'n_estimators': 300, 'random_state': 42, 'n_jobs': -1}",0.5383,0.6659,0.4356,0.5501,0.7373,0.9673,0.9688,0.8998,0.186,0.3504
foldchange_ABTS_activity_25C,esm2_seq_embeddings,random,1,ridge,regression,282,1280,225,57,{'alpha': 1.0},0.3785,0.6044,0.0742,0.6226,0.9442,0.5224,0.5521,0.1111,0.5955,1.0436
foldchange_ABTS_activity_25C,esm2_seq_embeddings,random,1,xgboost,regression,282,1280,225,57,"{'n_estimators': 400, 'learning_rate': 0.05, 'max_depth': 6, 'random_state': 42}",0.5324,0.6076,0.3277,0.5605,0.8046,1.0,1.0,1.0,0.0003,0.0004
foldchange_ABTS_activity_25C,esm2_seq_embeddings,random,2,rf,regression,282,1280,226,56,"{'n_estimators': 300, 'random_state': 42, 'n_jobs': -1}",0.6131,0.7748,0.3593,0.557,1.2361,0.9694,0.9758,0.9115,0.1777,0.2785
foldchange_ABTS_activity_25C,esm2_seq_embeddings,random,2,ridge,regression,282,1280,226,56,{'alpha': 1.0},0.4773,0.641,0.0711,0.7147,1.4884,0.5522,0.5589,0.1023,0.587,0.887
foldchange_ABTS_activity_25C,esm2_seq_embeddings,random,2,xgboost,regression,282,1280,226,56,"{'n_estimators': 400, 'learning_rate': 0.05, 'max_depth': 6, 'random_state': 42}",0.6812,0.7824,0.4118,0.5348,1.1844,1.0,1.0,1.0,0.0003,0.0004
foldchange_ABTS_activity_25C,esm2_seq_embeddings,random,3,rf,regression,282,1280,226,56,"{'n_estimators': 300, 'random_state': 42, 'n_jobs': -1}",0.5751,0.4736,0.1999,0.5756,1.0957,0.9692,0.9804,0.9141,0.1791,0.3068
foldchange_ABTS_activity_25C,esm2_seq_embeddings,random,3,ridge,regression,282,1280,226,56,{'alpha': 1.0},0.4533,0.4598,0.0765,0.6822,1.1772,0.5291,0.5806,0.1146,0.5893,0.9852
foldchange_ABTS_activity_25C,esm2_seq_embeddings,random,3,xgboost,regression,282,1280,226,56,"{'n_estimators': 400, 'learning_rate': 0.05, 'max_depth': 6, 'random_state': 42}",0.6059,0.3774,-0.1664,0.6708,1.323,1.0,1.0,1.0,0.0003,0.0004
foldchange_ABTS_activity_25C,esm2_seq_embeddings,random,4,rf,regression,282,1280,226,56,"{'n_estimators': 300, 'random_state': 42, 'n_jobs': -1}",0.6809,0.618,0.0684,0.5094,0.7215,0.9468,0.9706,0.907,0.1945,0.3507
foldchange_ABTS_activity_25C,esm2_seq_embeddings,random,4,ridge,regression,282,1280,226,56,{'alpha': 1.0},0.5625,0.5722,0.1026,0.5683,0.7081,0.4701,0.5781,0.1068,0.6328,1.0867
foldchange_ABTS_activity_25C,esm2_seq_embeddings,random,4,xgboost,regression,282,1280,226,56,"{'n_estimators': 400, 'learning_rate': 0.05, 'max_depth': 6, 'random_state': 42}",0.7307,0.669,0.1538,0.4628,0.6876,1.0,1.0,1.0,0.0003,0.0004
foldchange_ABTS_activity_25C,esmc_seq_embeddings,random,0,rf,regression,282,1152,225,57,"{'n_estimators': 300, 'random_state': 42, 'n_jobs': -1}",0.6947,0.7077,0.0675,0.4063,0.6359,0.9622,0.9722,0.9081,0.197,0.3539
foldchange_ABTS_activity_25C,esmc_seq_embeddings,random,0,ridge,regression,282,1152,225,57,{'alpha': 1.0},0.5358,0.3054,-7.8673,1.0443,1.9609,0.9528,0.9718,0.943,0.1568,0.2787
foldchange_ABTS_activity_25C,esmc_seq_embeddings,random,0,xgboost,regression,282,1152,225,57,"{'n_estimators': 400, 'learning_rate': 0.05, 'max_depth': 6, 'random_state': 42}",0.6904,0.5684,-0.9235,0.4782,0.9133,1.0,1.0,1.0,0.0003,0.0004
foldchange_ABTS_activity_25C,esmc_seq_embeddings,random,1,rf,regression,282,1152,225,57,"{'n_estimators': 300, 'random_state': 42, 'n_jobs': -1}",0.479,0.685,0.4613,0.5239,0.7202,0.9501,0.9649,0.8953,0.1858,0.3582
foldchange_ABTS_activity_25C,esmc_seq_embeddings,random,1,ridge,regression,282,1152,225,57,{'alpha': 1.0},0.2506,0.2937,-2.7666,1.1902,1.9045,0.9615,0.974,0.9469,0.1443,0.255
foldchange_ABTS_activity_25C,esmc_seq_embeddings,random,1,xgboost,regression,282,1152,225,57,"{'n_estimators': 400, 'learning_rate': 0.05, 'max_depth': 6, 'random_state': 42}",0.4774,0.7101,0.4932,0.4822,0.6986,1.0,1.0,1.0,0.0003,0.0004
foldchange_ABTS_activity_25C,esmc_seq_embeddings,random,2,rf,regression,282,1152,226,56,"{'n_estimators': 300, 'random_state': 42, 'n_jobs': -1}",0.7034,0.8093,0.4194,0.4911,1.1767,0.9645,0.9727,0.9096,0.1744,0.2815
foldchange_ABTS_activity_25C,esmc_seq_embeddings,random,2,ridge,regression,282,1152,226,56,{'alpha': 1.0},0.4687,0.3445,-2.1514,1.4577,2.7415,0.9642,0.9695,0.9387,0.1358,0.2318
foldchange_ABTS_activity_25C,esmc_seq_embeddings,random,2,xgboost,regression,282,1152,226,56,"{'n_estimators': 400, 'learning_rate': 0.05, 'max_depth': 6, 'random_state': 42}",0.7015,0.8023,0.5347,0.4891,1.0535,1.0,1.0,1.0,0.0003,0.0004
foldchange_ABTS_activity_25C,esmc_seq_embeddings,random,3,rf,regression,282,1152,226,56,"{'n_estimators': 300, 'random_state': 42, 'n_jobs': -1}",0.6028,0.4948,0.2426,0.5485,1.0661,0.9508,0.9692,0.9081,0.1809,0.3175
foldchange_ABTS_activity_25C,esmc_seq_embeddings,random,3,ridge,regression,282,1152,226,56,{'alpha': 1.0},0.2427,0.0699,-2.164,1.1849,2.179,0.9719,0.9711,0.9423,0.1336,0.2514
foldchange_ABTS_activity_25C,esmc_seq_embeddings,random,3,xgboost,regression,282,1152,226,56,"{'n_estimators': 400, 'learning_rate': 0.05, 'max_depth': 6, 'random_state': 42}",0.5309,0.4081,0.1372,0.5783,1.1379,1.0,1.0,1.0,0.0003,0.0004
foldchange_ABTS_activity_25C,esmc_seq_embeddings,random,4,rf,regression,282,1152,226,56,"{'n_estimators': 300, 'random_state': 42, 'n_jobs': -1}",0.6189,0.4877,-0.3407,0.5762,0.8655,0.9681,0.9753,0.9167,0.1819,0.3319
foldchange_ABTS_activity_25C,esmc_seq_embeddings,random,4,ridge,regression,282,1152,226,56,{'alpha': 1.0},0.6098,0.5456,-1.6996,0.7765,1.2281,0.9644,0.9768,0.9533,0.1379,0.2485
foldchange_ABTS_activity_25C,esmc_seq_embeddings,random,4,xgboost,regression,282,1152,226,56,"{'n_estimators': 400, 'learning_rate': 0.05, 'max_depth': 6, 'random_state': 42}",0.6062,0.3702,-2.0987,0.6185,1.3158,1.0,1.0,1.0,0.0003,0.0004
foldchange_ABTS_activity_25C,esm2_seq_embeddings_LLR,random,0,rf,regression,282,1281,225,57,"{'n_estimators': 300, 'random_state': 42, 'n_jobs': -1}",0.6319,0.6683,0.1534,0.3958,0.6059,0.963,0.9731,0.903,0.2075,0.3636
foldchange_ABTS_activity_25C,esm2_seq_embeddings_LLR,random,0,ridge,regression,282,1281,225,57,{'alpha': 1.0},0.5205,0.5599,0.0548,0.5263,0.6402,0.5117,0.5363,0.2853,0.6059,0.9869
foldchange_ABTS_activity_25C,esm2_seq_embeddings_LLR,random,0,xgboost,regression,282,1281,225,57,"{'n_estimators': 400, 'learning_rate': 0.05, 'max_depth': 6, 'random_state': 42}",0.5964,0.6505,-0.0842,0.4231,0.6857,1.0,1.0,1.0,0.0003,0.0004
foldchange_ABTS_activity_25C,esm2_seq_embeddings_LLR,random,1,rf,regression,282,1281,225,57,"{'n_estimators': 300, 'random_state': 42, 'n_jobs': -1}",0.5456,0.6809,0.4501,0.5463,0.7277,0.967,0.9675,0.897,0.1868,0.3552
foldchange_ABTS_activity_25C,esm2_seq_embeddings_LLR,random,1,ridge,regression,282,1281,225,57,{'alpha': 1.0},0.3555,0.5668,0.2986,0.6135,0.8218,0.5429,0.5235,0.2701,0.5439,0.9457
foldchange_ABTS_activity_25C,esm2_seq_embeddings_LLR,random,1,xgboost,regression,282,1281,225,57,"{'n_estimators': 400, 'learning_rate': 0.05, 'max_depth': 6, 'random_state': 42}",0.5707,0.6131,0.3315,0.5533,0.8024,1.0,1.0,1.0,0.0003,0.0004
foldchange_ABTS_activity_25C,esm2_seq_embeddings_LLR,random,2,rf,regression,282,1281,226,56,"{'n_estimators': 300, 'random_state': 42, 'n_jobs': -1}",0.6163,0.776,0.3656,0.5507,1.23,0.969,0.9758,0.9127,0.1761,0.2767
foldchange_ABTS_activity_25C,esm2_seq_embeddings_LLR,random,2,ridge,regression,282,1281,226,56,{'alpha': 1.0},0.5928,0.5779,0.247,0.6259,1.3401,0.4933,0.5228,0.2705,0.5373,0.7996
foldchange_ABTS_activity_25C,esm2_seq_embeddings_LLR,random,2,xgboost,regression,282,1281,226,56,"{'n_estimators': 400, 'learning_rate': 0.05, 'max_depth': 6, 'random_state': 42}",0.6824,0.7823,0.4116,0.5349,1.1846,1.0,1.0,1.0,0.0003,0.0005
foldchange_ABTS_activity_25C,esm2_seq_embeddings_LLR,random,3,rf,regression,282,1281,226,56,"{'n_estimators': 300, 'random_state': 42, 'n_jobs': -1}",0.5968,0.4762,0.2036,0.5695,1.0932,0.9704,0.9811,0.9155,0.1766,0.3043
foldchange_ABTS_activity_25C,esm2_seq_embeddings_LLR,random,3,ridge,regression,282,1281,226,56,{'alpha': 1.0},0.3781,0.445,0.1841,0.6568,1.1065,0.5402,0.5527,0.3025,0.5406,0.8744
foldchange_ABTS_activity_25C,esm2_seq_embeddings_LLR,random,3,xgboost,regression,282,1281,226,56,"{'n_estimators': 400, 'learning_rate': 0.05, 'max_depth': 6, 'random_state': 42}",0.6208,0.4018,-0.0544,0.6479,1.2579,1.0,1.0,1.0,0.0003,0.0004
foldchange_ABTS_activity_25C,esm2_seq_embeddings_LLR,random,4,rf,regression,282,1281,226,56,"{'n_estimators': 300, 'random_state': 42, 'n_jobs': -1}",0.6703,0.619,0.0695,0.5092,0.721,0.9472,0.9699,0.9063,0.1965,0.3519
foldchange_ABTS_activity_25C,esm2_seq_embeddings_LLR,random,4,ridge,regression,282,1281,226,56,{'alpha': 1.0},0.6275,0.644,0.3897,0.4371,0.5839,0.4739,0.523,0.2683,0.6012,0.9835
foldchange_ABTS_activity_25C,esm2_seq_embeddings_LLR,random,4,xgboost,regression,282,1281,226,56,"{'n_estimators': 400, 'learning_rate': 0.05, 'max_depth': 6, 'random_state': 42}",0.7307,0.6693,0.1561,0.4617,0.6867,1.0,1.0,1.0,0.0003,0.0004
foldchange_ABTS_activity_25C,esmc_seq_embeddings_LLR,random,0,rf,regression,282,1153,225,57,"{'n_estimators': 300, 'random_state': 42, 'n_jobs': -1}",0.7098,0.7156,0.0681,0.4032,0.6357,0.9615,0.9706,0.9077,0.2,0.3547
foldchange_ABTS_activity_25C,esmc_seq_embeddings_LLR,random,0,ridge,regression,282,1153,225,57,{'alpha': 1.0},0.5305,0.3071,-7.966,1.0413,1.9718,0.9527,0.9718,0.943,0.157,0.2787
foldchange_ABTS_activity_25C,esmc_seq_embeddings_LLR,random,0,xgboost,regression,282,1153,225,57,"{'n_estimators': 400, 'learning_rate': 0.05, 'max_depth': 6, 'random_state': 42}",0.6712,0.6795,-0.4418,0.4559,0.7907,1.0,1.0,1.0,0.0003,0.0004
foldchange_ABTS_activity_25C,esmc_seq_embeddings_LLR,random,1,rf,regression,282,1153,225,57,"{'n_estimators': 300, 'random_state': 42, 'n_jobs': -1}",0.4896,0.6907,0.4687,0.5198,0.7153,0.9501,0.9652,0.8943,0.1866,0.3598
foldchange_ABTS_activity_25C,esmc_seq_embeddings_LLR,random,1,ridge,regression,282,1153,225,57,{'alpha': 1.0},0.2484,0.2956,-2.8,1.1938,1.913,0.9612,0.9741,0.947,0.1443,0.2549
foldchange_ABTS_activity_25C,esmc_seq_embeddings_LLR,random,1,xgboost,regression,282,1153,225,57,"{'n_estimators': 400, 'learning_rate': 0.05, 'max_depth': 6, 'random_state': 42}",0.49,0.7141,0.4974,0.4821,0.6957,1.0,1.0,1.0,0.0003,0.0004
foldchange_ABTS_activity_25C,esmc_seq_embeddings_LLR,random,2,rf,regression,282,1153,226,56,"{'n_estimators': 300, 'random_state': 42, 'n_jobs': -1}",0.7139,0.813,0.4226,0.4917,1.1734,0.9642,0.9722,0.9094,0.1742,0.2818
foldchange_ABTS_activity_25C,esmc_seq_embeddings_LLR,random,2,ridge,regression,282,1153,226,56,{'alpha': 1.0},0.4739,0.344,-2.1882,1.4653,2.7575,0.9643,0.9695,0.9387,0.1358,0.2317
foldchange_ABTS_activity_25C,esmc_seq_embeddings_LLR,random,2,xgboost,regression,282,1153,226,56,"{'n_estimators': 400, 'learning_rate': 0.05, 'max_depth': 6, 'random_state': 42}",0.6991,0.8071,0.5389,0.4883,1.0487,1.0,1.0,1.0,0.0003,0.0004
foldchange_ABTS_activity_25C,esmc_seq_embeddings_LLR,random,3,rf,regression,282,1153,226,56,"{'n_estimators': 300, 'random_state': 42, 'n_jobs': -1}",0.6216,0.501,0.2483,0.5422,1.0621,0.9523,0.9686,0.9078,0.1826,0.3179
foldchange_ABTS_activity_25C,esmc_seq_embeddings_LLR,random,3,ridge,regression,282,1153,226,56,{'alpha': 1.0},0.248,0.0767,-2.1123,1.1901,2.1611,0.9719,0.9711,0.9423,0.1336,0.2514
foldchange_ABTS_activity_25C,esmc_seq_embeddings_LLR,random,3,xgboost,regression,282,1153,226,56,"{'n_estimators': 400, 'learning_rate': 0.05, 'max_depth': 6, 'random_state': 42}",0.5422,0.4113,0.1407,0.5822,1.1356,1.0,1.0,1.0,0.0003,0.0004
foldchange_ABTS_activity_25C,esmc_seq_embeddings_LLR,random,4,rf,regression,282,1153,226,56,"{'n_estimators': 300, 'random_state': 42, 'n_jobs': -1}",0.6148,0.4864,-0.3715,0.5795,0.8754,0.9687,0.9748,0.9152,0.1822,0.3348
foldchange_ABTS_activity_25C,esmc_seq_embeddings_LLR,random,4,ridge,regression,282,1153,226,56,{'alpha': 1.0},0.645,0.56,-1.5811,0.7628,1.2009,0.9641,0.9768,0.9534,0.1378,0.2481
foldchange_ABTS_activity_25C,esmc_seq_embeddings_LLR,random,4,xgboost,regression,282,1153,226,56,"{'n_estimators': 400, 'learning_rate': 0.05, 'max_depth': 6, 'random_state': 42}",0.6519,0.3827,-2.0448,0.5991,1.3043,1.0,1.0,1.0,0.0003,0.0004
foldchange_ABTS_activity_25C,onehot,custom,0,rf,regression,334,4860,282,52,"{'n_estimators': 300, 'random_state': 42, 'n_jobs': -1}",0.4573,0.4537,0.1928,0.6133,0.8258,0.9688,0.9701,0.9131,0.1605,0.3198
foldchange_ABTS_activity_25C,onehot,custom,0,ridge,regression,334,4860,282,52,{'alpha': 1.0},0.4971,0.4622,0.0579,0.7319,0.8921,0.8525,0.8104,0.654,0.3325,0.6382
foldchange_ABTS_activity_25C,onehot,custom,0,xgboost,regression,334,4860,282,52,"{'n_estimators': 400, 'learning_rate': 0.05, 'max_depth': 6, 'random_state': 42}",0.5238,0.4769,0.1415,0.6998,0.8517,0.9434,0.9782,0.9531,0.1595,0.235
foldchange_ABTS_activity_25C,georgiev,custom,0,rf,regression,334,4617,282,52,"{'n_estimators': 300, 'random_state': 42, 'n_jobs': -1}",0.4742,0.4648,0.2072,0.6095,0.8184,0.9677,0.9695,0.9104,0.1649,0.3247
foldchange_ABTS_activity_25C,georgiev,custom,0,ridge,regression,334,4617,282,52,{'alpha': 1.0},0.3932,0.3594,-0.4691,0.869,1.1141,0.8743,0.8177,0.6686,0.2895,0.6246
foldchange_ABTS_activity_25C,georgiev,custom,0,xgboost,regression,334,4617,282,52,"{'n_estimators': 400, 'learning_rate': 0.05, 'max_depth': 6, 'random_state': 42}",0.5162,0.4575,0.143,0.6906,0.8509,0.9488,0.9804,0.9583,0.1421,0.2215
foldchange_ABTS_activity_25C,onehot_esm2_LLR,custom,0,rf,regression,334,4861,282,52,"{'n_estimators': 300, 'random_state': 42, 'n_jobs': -1}",0.4089,0.4386,-12.2464,3.0781,3.3453,0.9695,0.9765,0.9197,0.1595,0.3074
foldchange_ABTS_activity_25C,onehot_esm2_LLR,custom,0,ridge,regression,334,4861,282,52,{'alpha': 1.0},0.5106,0.5004,0.0016,0.7436,0.9184,0.8495,0.8103,0.6549,0.3328,0.6373
foldchange_ABTS_activity_25C,onehot_esm2_LLR,custom,0,xgboost,regression,334,4861,282,52,"{'n_estimators': 400, 'learning_rate': 0.05, 'max_depth': 6, 'random_state': 42}",0.2573,0.3162,-9.021,2.5468,2.9097,0.9676,0.9887,0.9753,0.1194,0.1705
foldchange_ABTS_activity_25C,onehot_esmc_LLR,custom,0,rf,regression,334,4861,282,52,"{'n_estimators': 300, 'random_state': 42, 'n_jobs': -1}",0.7518,0.6859,0.2173,0.6648,0.8132,0.9711,0.9745,0.9207,0.153,0.3054
foldchange_ABTS_activity_25C,onehot_esmc_LLR,custom,0,ridge,regression,334,4861,282,52,{'alpha': 1.0},0.5221,0.4863,0.0271,0.73,0.9066,0.8513,0.8104,0.6552,0.3322,0.6371
foldchange_ABTS_activity_25C,onehot_esmc_LLR,custom,0,xgboost,regression,334,4861,282,52,"{'n_estimators': 400, 'learning_rate': 0.05, 'max_depth': 6, 'random_state': 42}",0.701,0.6388,0.2739,0.613,0.7832,0.9719,0.9903,0.9787,0.1128,0.1582
foldchange_ABTS_activity_25C,georgiev_esm2_LLR,custom,0,rf,regression,334,4618,282,52,"{'n_estimators': 300, 'random_state': 42, 'n_jobs': -1}",0.4072,0.4122,-11.0087,2.9164,3.1852,0.9698,0.9771,0.9192,0.1615,0.3084
foldchange_ABTS_activity_25C,georgiev_esm2_LLR,custom,0,ridge,regression,334,4618,282,52,{'alpha': 1.0},0.4026,0.3786,-0.4755,0.8784,1.1165,0.8742,0.8177,0.6686,0.2895,0.6246
foldchange_ABTS_activity_25C,georgiev_esm2_LLR,custom,0,xgboost,regression,334,4618,282,52,"{'n_estimators': 400, 'learning_rate': 0.05, 'max_depth': 6, 'random_state': 42}",0.2514,0.3044,-8.2408,2.4165,2.7941,0.9775,0.9919,0.9818,0.0983,0.1463
foldchange_ABTS_activity_25C,georgiev_esmc_LLR,custom,0,rf,regression,334,4618,282,52,"{'n_estimators': 300, 'random_state': 42, 'n_jobs': -1}",0.7664,0.7179,0.1789,0.6862,0.8329,0.9717,0.975,0.9198,0.1552,0.3073
foldchange_ABTS_activity_25C,georgiev_esmc_LLR,custom,0,ridge,regression,334,4618,282,52,{'alpha': 1.0},0.3987,0.3658,-0.4956,0.8818,1.1241,0.8743,0.8177,0.6686,0.2895,0.6246
foldchange_ABTS_activity_25C,georgiev_esmc_LLR,custom,0,xgboost,regression,334,4618,282,52,"{'n_estimators': 400, 'learning_rate': 0.05, 'max_depth': 6, 'random_state': 42}",0.6909,0.6148,0.2468,0.6218,0.7977,0.9817,0.9937,0.986,0.0906,0.1286
foldchange_ABTS_activity_25C,esm2_seq_embeddings,custom,0,rf,regression,334,1280,282,52,"{'n_estimators': 300, 'random_state': 42, 'n_jobs': -1}",0.5605,0.5471,0.2696,0.6239,0.7856,0.9644,0.9725,0.9073,0.1841,0.3303
foldchange_ABTS_activity_25C,esm2_seq_embeddings,custom,0,ridge,regression,334,1280,282,52,{'alpha': 1.0},0.5802,0.5572,0.0094,0.6392,0.9148,0.5169,0.5699,0.1259,0.6028,1.0144
foldchange_ABTS_activity_25C,esm2_seq_embeddings,custom,0,xgboost,regression,334,1280,282,52,"{'n_estimators': 400, 'learning_rate': 0.05, 'max_depth': 6, 'random_state': 42}",0.4828,0.3736,-0.3978,0.7797,1.0867,1.0,1.0,1.0,0.0003,0.0004
foldchange_ABTS_activity_25C,esmc_seq_embeddings,custom,0,rf,regression,334,1152,282,52,"{'n_estimators': 300, 'random_state': 42, 'n_jobs': -1}",0.6136,0.5977,-0.1832,0.7326,0.9998,0.9532,0.9655,0.9039,0.1866,0.3364
foldchange_ABTS_activity_25C,esmc_seq_embeddings,custom,0,ridge,regression,334,1152,282,52,{'alpha': 1.0},0.3955,0.3343,-4.7034,1.5283,2.1951,0.9566,0.9669,0.9335,0.158,0.2797
foldchange_ABTS_activity_25C,esmc_seq_embeddings,custom,0,xgboost,regression,334,1152,282,52,"{'n_estimators': 400, 'learning_rate': 0.05, 'max_depth': 6, 'random_state': 42}",0.5629,0.4891,-2.2768,1.1538,1.6638,1.0,1.0,1.0,0.0003,0.0005
foldchange_ABTS_activity_25C,esm2_seq_embeddings_LLR,custom,0,rf,regression,334,1281,282,52,"{'n_estimators': 300, 'random_state': 42, 'n_jobs': -1}",0.5942,0.5878,0.2465,0.6509,0.7978,0.9608,0.9704,0.9047,0.188,0.3349
foldchange_ABTS_activity_25C,esm2_seq_embeddings_LLR,custom,0,ridge,regression,334,1281,282,52,{'alpha': 1.0},0.4465,0.4722,-1.2153,1.1996,1.3681,0.5188,0.5383,0.2857,0.5613,0.917
foldchange_ABTS_activity_25C,esm2_seq_embeddings_LLR,custom,0,xgboost,regression,334,1281,282,52,"{'n_estimators': 400, 'learning_rate': 0.05, 'max_depth': 6, 'random_state': 42}",0.467,0.3614,-0.4395,0.7967,1.1028,1.0,1.0,1.0,0.0003,0.0004
foldchange_ABTS_activity_25C,esmc_seq_embeddings_LLR,custom,0,rf,regression,334,1153,282,52,"{'n_estimators': 300, 'random_state': 42, 'n_jobs': -1}",0.5934,0.5788,-0.2738,0.7545,1.0374,0.9544,0.9652,0.9037,0.1856,0.3367
foldchange_ABTS_activity_25C,esmc_seq_embeddings_LLR,custom,0,ridge,regression,334,1153,282,52,{'alpha': 1.0},0.3959,0.3438,-4.6733,1.5222,2.1893,0.9567,0.9669,0.9336,0.1577,0.2795
foldchange_ABTS_activity_25C,esmc_seq_embeddings_LLR,custom,0,xgboost,regression,334,1153,282,52,"{'n_estimators': 400, 'learning_rate': 0.05, 'max_depth': 6, 'random_state': 42}",0.5644,0.499,-2.3899,1.1855,1.6923,1.0,1.0,1.0,0.0003,0.0005
foldchange_NBD_activity_25C,onehot,random,0,ridge,regression,282,4860,225,57,{'alpha': 1.0},0.6751,0.6434,0.3557,0.3507,0.513,0.8822,0.8578,0.7296,0.2177,0.3324
foldchange_NBD_activity_25C,onehot,random,1,ridge,regression,282,4860,225,57,{'alpha': 1.0},0.7744,0.766,0.5778,0.2739,0.3779,0.8772,0.8668,0.7418,0.2259,0.3327
foldchange_NBD_activity_25C,onehot,random,2,ridge,regression,282,4860,226,56,{'alpha': 1.0},0.7246,0.6129,0.3619,0.3433,0.5001,0.8931,0.881,0.7688,0.2196,0.3099
foldchange_NBD_activity_25C,onehot,random,3,ridge,regression,282,4860,226,56,{'alpha': 1.0},0.6413,0.6777,0.4524,0.376,0.529,0.8949,0.8782,0.763,0.2097,0.3024
foldchange_NBD_activity_25C,onehot,random,4,ridge,regression,282,4860,226,56,{'alpha': 1.0},0.749,0.761,0.5559,0.3174,0.4098,0.8732,0.8602,0.7307,0.2235,0.3337
foldchange_NBD_activity_25C,one_hot,random,0,ridge,regression,282,4860,225,57,{'alpha': 1.0},0.6751,0.6434,0.3557,0.3507,0.513,0.8822,0.8578,0.7296,0.2177,0.3324
foldchange_NBD_activity_25C,one_hot,random,1,ridge,regression,282,4860,225,57,{'alpha': 1.0},0.7744,0.766,0.5778,0.2739,0.3779,0.8772,0.8668,0.7418,0.2259,0.3327
foldchange_NBD_activity_25C,one_hot,random,2,ridge,regression,282,4860,226,56,{'alpha': 1.0},0.7246,0.6129,0.3619,0.3433,0.5001,0.8931,0.881,0.7688,0.2196,0.3099
foldchange_NBD_activity_25C,one_hot,random,3,ridge,regression,282,4860,226,56,{'alpha': 1.0},0.6413,0.6777,0.4524,0.376,0.529,0.8949,0.8782,0.763,0.2097,0.3024
foldchange_NBD_activity_25C,one_hot,random,4,ridge,regression,282,4860,226,56,{'alpha': 1.0},0.749,0.761,0.5559,0.3174,0.4098,0.8732,0.8602,0.7307,0.2235,0.3337
foldchange_NBD_activity_25C,one_hot,random,0,ridge,regression,282,4860,225,57,{'alpha': 1.0},0.6751,0.6434,0.3557,0.3507,0.513,0.8822,0.8578,0.7296,0.2177,0.3324
foldchange_NBD_activity_25C,one_hot,random,1,ridge,regression,282,4860,225,57,{'alpha': 1.0},0.7744,0.766,0.5778,0.2739,0.3779,0.8772,0.8668,0.7418,0.2259,0.3327
foldchange_NBD_activity_25C,one_hot,random,2,ridge,regression,282,4860,226,56,{'alpha': 1.0},0.7246,0.6129,0.3619,0.3433,0.5001,0.8931,0.881,0.7688,0.2196,0.3099
foldchange_NBD_activity_25C,one_hot,random,3,ridge,regression,282,4860,226,56,{'alpha': 1.0},0.6413,0.6777,0.4524,0.376,0.529,0.8949,0.8782,0.763,0.2097,0.3024
foldchange_NBD_activity_25C,one_hot,random,4,ridge,regression,282,4860,226,56,{'alpha': 1.0},0.749,0.761,0.5559,0.3174,0.4098,0.8732,0.8602,0.7307,0.2235,0.3337
